rnbqk2r/ppp1bppp/4pn2/8/2p5/3P1NP1/PP2PPBP/RNBQK2R w KQkq - 0 6	d1a4	14	22
rnbqk2r/ppp1bppp/4pn2/3p4/2P5/3P1NP1/PP2PPBP/RNBQK2R b KQkq - 0 5	e8g8	1	22
rnbqkb1r/ppp2ppp/8/3p4/3Pn3/P4N2/1PP2PPP/RNBQKB1R b KQkq - 0 6	f8d6	10	22
r1bqk2r/pppp1ppp/2n2n2/1B6/1b1NP3/2P5/PP3PPP/RNBQK2R b KQkq - 0 6	b4c5	11	22
r1bqk2r/pppp1ppp/2n2n2/1Bb5/3NP3/2P5/PP3PPP/RNBQK2R w KQkq - 1 7	e1g1	-10	22
rnbqk2r/ppp2ppp/3b4/3p4/3Pn3/P4N2/1PP2PPP/RNBQKB1R w KQkq - 1 7	c2c4	-7	22
r1bq1rk1/1p2ppbp/p1np1np1/2p5/2P4P/2NP1NP1/PP2PPB1/1RBQK2R w K - 0 9	a2a3	-8	22
rnbq1rk1/ppp1ppbp/3p1np1/8/3PPB2/2N2N2/PPP1BPPP/R2QK2R b KQ - 5 6	c8g4	-23	22
r1bq1rk1/ppp1ppbp/2np1np1/8/3PPB2/2N2N2/PPP1BPPP/R2QK2R w KQ - 6 7	h2h4	26	22
r1bq1rk1/1p2ppbp/p1np1np1/2p5/2P4P/2NP1NP1/PP2PPB1/1RBQ1RK1 b - - 1 9	a8b8	13	22
r1bqkb1r/1p3ppp/p1np1n2/4p3/4P3/N1N1B3/PPP2PPP/R2QKB1R b KQkq - 1 8	a8b8	10	22
r1bqkb1r/1p3ppp/p1np4/4p3/4P1n1/N1N1B3/PPP2PPP/R2QKB1R w KQkq - 2 9	a3c4	47	22
rnbqk2r/ppp3pp/3bpn2/3p1p2/3P1B2/4PNP1/PPP2PBP/RN1QK2R b KQkq - 0 6	c8d7	-49	22
r1b1k2r/pp2nppp/2n1p3/q1ppP3/P2P4/2P2N2/2PB1PPP/R2QKB1R b KQkq - 4 9	c8d7	-35	22
rnbq1rk1/pp2bppp/4pn2/2pp4/2PP4/N4NP1/PP2PPBP/R1BQ1RK1 b - - 1 7	b8c6	5	22
rnbq1rk1/ppp2pbp/5np1/4p3/2P1P3/2N1BN2/PP2BPPP/R2QK2R b KQ - 1 8	b8c6	-1	22
rnbq1rk1/ppp3pp/3bpn2/3p1p2/3P1B2/4PNP1/PPP2PBP/RN1QK2R w KQ - 1 7	c2c4	39	22
r1bq1rk1/ppp2pbp/2n2np1/4p3/2P1P3/2N1BN2/PP2BPPP/R2QK2R w KQ - 2 9	h2h3	-1	22
r1b2rk1/pp2nppp/2n1p3/q1ppP3/P2P4/2P2N2/2PB1PPP/R2QKB1R w KQ - 5 10	f1e2	46	22
r1bq1rk1/pp2bppp/2n1pn2/2pp4/2PP4/N4NP1/PP2PPBP/R1BQ1RK1 w - - 2 8	c4d5	-6	22
rnbq1rk1/1pp1bppp/4pn2/p2p4/2PP4/5NP1/PP2PPBP/RNBQ1RK1 w - - 0 7	d1c2	36	22
rnbq1rk1/ppp2ppp/4pn2/8/1bBP4/2N1P2P/PP3PP1/R1BQK1NR b KQ - 0 7	c7c5	16	22
r1bqk2r/ppp2ppp/2p2n2/4p3/4P3/P1P2N2/2PP1PPP/R1BQK2R b KQkq - 0 7	f6e4	-2	22
r1bqkb1r/1p3ppp/p1np1n2/4p3/P3P3/N1N5/1PP2PPP/R1BQKB1R b KQkq - 1 8	c8g4	3	22
r1bqk2r/ppp2ppp/2p5/4p3/4n3/P1P2N2/2PP1PPP/R1BQK2R w KQkq - 0 8	d1e2	2	22
rnbq1rk1/1pp1bppp/4pn2/p2p4/2PP4/2N2NP1/PP2PPBP/R1BQ1RK1 b - - 1 7	d5c4	-28	22
rnbq1rk1/pp3ppp/4pn2/2p5/1bBP4/2N1P2P/PP3PP1/R1BQK1NR w KQ - 0 8	g1e2	-4	22
rn1q1rk1/pbppbppp/1p2pn2/8/2PP4/5NP1/PP2PPBP/RNBQR1K1 b - - 6 7	d7d5	-23	22
r2qkb1r/1p3ppp/p1np1n2/4p3/P3P1b1/N1N5/1PP2PPP/R1BQKB1R w KQkq - 2 9	f2f3	1	22
r2qkb1r/pp2pppp/2n2n2/3p4/3P1Bb1/1QPB4/PP3PPP/RN2K1NR b KQkq - 4 7	d8d7	-23	22
r2qk2r/2p1bppp/p1np1n2/1p2p3/4P3/1BN2Q1P/PPPP1PP1/R1B1R1K1 b kq - 0 10	c6d4	11	22
rnbqk2r/pp2bppp/4pn2/8/2Pp4/5NP1/PPQP1PBP/RNB1K2R w KQkq - 0 8	d2d3	-23	22
r2qkb1r/pp2pppp/5n2/n2p4/3P1Bb1/1QPB4/PP3PPP/RN2K1NR w KQkq - 5 8	b3a4	22	22
r1bqkb1r/1p2pppp/p1np4/8/4P1n1/1NN5/PPPB1PPP/R2QKB1R b KQkq - 3 8	g4f6	-16	22
r1bq1rk1/pppp1ppp/2n2n2/1Bb5/3NP3/2P5/PP3PPP/RNBQ1RK1 w - - 3 8	f1e1	-14	22
rn1q1rk1/pb1pbppp/1p2pn2/2p5/2PP4/5NP1/PP2PPBP/RNBQR1K1 w - - 0 8	d4d5	57	22
r2qk2r/2p1bppp/p2p1n2/1p2p3/3nP3/1BN2Q1P/PPPP1PP1/R1B1R1K1 w kq - 1 11	f3d1	-2	22
rnbqk2r/pp2bppp/4pn2/8/2Pp4/3P1NP1/PPQ2PBP/RNB1K2R b KQkq - 0 8	h7h6	25	22
r1bq1rk1/pppp1ppp/2n2n2/1Bb5/3NP3/2P5/PP3PPP/RNBQR1K1 b - - 4 8	f8e8	9	22
r1b1kb1r/1p2pppp/pqnp4/8/4P1n1/1NN5/PPPB1PPP/R2QKB1R w KQkq - 4 9	d1e2	115	22
rnbqkb1r/pp3ppp/2p5/1B1p4/3Pn3/5N2/PPP2PPP/RNBQK2R w KQkq - 0 7	b5d3	-6	22
r1bq1rk1/ppp2pbp/n2p1np1/4p3/2PPP3/2NQ1N2/PP2BPPP/R1B1K2R w KQ - 2 8	d4e5	-19	22
rn1q1rk1/pbp1bppp/1p1ppn2/8/2PP4/PP3NP1/4PPBP/RNBQ1RK1 b - - 0 8	c7c5	-2	22
rnbqkb1r/pp3ppp/2p5/3p4/3Pn3/3B1N2/PPP2PPP/RNBQK2R b KQkq - 1 7	f8d6	0	22
r1bq1rk1/ppp2pbp/n2p1np1/4P3/2P1P3/2NQ1N2/PP2BPPP/R1B1K2R b KQ - 0 8	d6e5	9	22
rn1q1rk1/pb2bppp/1p1ppn2/2p5/2PP4/PP3NP1/4PPBP/RNBQ1RK1 w - - 0 9	b1c3	10	22
r1bqkb1r/pp2pppp/2n2n2/3p4/3P1B2/2PB4/PP3PPP/RN1QK1NR b KQkq - 2 6	c8g4	-21	22
rnbq1rk1/pp2bppp/2p1pn2/3p4/2PP4/5NP1/PP2PPBP/RNBQ1RK1 w - - 0 7	d1c2	40	22
r1bqkb1r/pp3ppp/2n1pn2/2pp4/3P1B2/P1P1P3/1P1N1PPP/R2QKBNR b KQkq - 0 6	f8d6	16	22
r1bq1rk1/ppp2pbp/2np1np1/P2Pp3/4P3/2N2N2/1PP1BPPP/R1BQK2R b KQ - 0 8	c6e7	-15	22
r1bq1rk1/pp1n1ppp/2pbpn2/3p4/2PP4/1PN1PN2/P3BPPP/R1BQ1RK1 b - - 0 8	e6e5	-8	22
r1bqk2r/1p2ppbp/p1np1np1/2p5/P3P3/2NPB1P1/1PP2PBP/R2QK1NR w KQkq - 0 8	g1e2	-11	22
1rbqkb1r/1p3ppp/p1np1n2/4p1B1/4P3/N1N5/PPP2PPP/R2QKB1R b KQk - 3 9	b7b5	8	22
r1bqk1nr/pp2ppbp/2np2p1/2p5/4P3/2NPB1P1/PPP2PBP/R2QK1NR b KQkq - 1 6	e7e5	13	22
r1bqkb1r/1p3ppp/p1np1n2/4p3/4P3/N1N2P2/PPP3PP/R1BQKB1R b KQkq - 1 8	c8e6	32	22
r1b1kb1r/pp2pppp/1qn2n2/3p4/3P1B2/2PB4/PP3PPP/RN1QK1NR w KQkq - 3 7	d1b3	29	22
r1bqk1nr/pp1p1ppp/1bn1p3/8/4P3/PNN5/1PP2PPP/R1BQKB1R b KQkq - 4 7	g8e7	-26	22
r1bqk2r/pp3ppp/2nbpn2/2pp4/3P1B2/P1P1P3/1P1N1PPP/R2QKBNR w KQkq - 1 7	f4d6	-10	22
r1bq1rk1/ppp1npbp/3p1np1/P2Pp3/4P3/2N2N2/1PP1BPPP/R1BQK2R w KQ - 1 9	c1g5	24	22
rnbq1rk1/pp2bppp/2p1pn2/3p4/2PP4/2N2NP1/PP2PPBP/R1BQ1RK1 b - - 1 7	a7a5	-34	22
r1bq1rk1/p2n1ppp/1ppbpn2/3p4/2PP4/1PN1PN2/P3BPPP/R1BQ1RK1 w - - 0 9	c1b2	9	22
r1bqk2r/1p2ppbp/p1np1np1/2p5/P3P3/2NPBNP1/1PP2PBP/R2QK2R b KQkq - 1 8	a8b8	17	22
r1bqk2r/pp2ppbp/2np1np1/2p5/4P3/2NPB1P1/PPP2PBP/R2QK1NR w KQkq - 2 7	h2h3	-10	22
1rbqkb1r/5ppp/p1np1n2/1p2p1B1/4P3/N1N5/PPP2PPP/R2QKB1R w KQk - 0 10	c3d5	-13	22
r1bqkb1r/5ppp/p1np1n2/1p2p3/4P3/N1N2P2/PPP3PP/R1BQKB1R w KQkq - 0 9	c3d5	-30	22
rn1qkbnr/pp2pppp/2p3b1/8/3P4/4B1N1/PPP2PPP/R2QKBNR b KQkq - 4 6	e7e6	-22	22
rn1qkbnr/pp2pppp/2p3b1/8/3P3P/6N1/PPP2PP1/R1BQKBNR b KQkq - 0 6	h7h6	-29	22
r1bqk2r/ppp2ppp/1bnp1n2/4p3/PPB1P3/2PP1N2/5PPP/RNBQK2R b KQkq - 0 7	a7a5	-6	22
rnbqkb1r/1p3ppp/p3pn2/2p5/2BP4/2N1PN2/PP3PPP/R1BQ1RK1 b kq - 1 7	b7b5	-18	22
r1bqk2r/pp1p1ppp/1bn1pn2/8/4P3/PNN5/1PP2PPP/R1BQKB1R w KQkq - 5 8	d1f3	25	22
r1bqkb1r/pp2pppp/2np1n2/8/4P3/1NN5/PPP2PPP/R1BQKB1R b KQkq - 4 6	g7g6	-20	22
rnbqk2r/ppp1bppp/4pn2/3p4/2P5/1P3NP1/P2PPPBP/RNBQK2R b KQkq - 0 5	d5d4	3	22
1rbqk1nr/pp2ppbp/2np2p1/2p5/P3P3/2NP2P1/1PP1NPBP/R1BQK2R b KQk - 0 7	g8f6	0	22
rn1qkb1r/pp2pppp/2p2nb1/8/3P4/4B1N1/PPP2PPP/R2QKBNR w KQkq - 5 7	g1f3	20	22
r1bqk2r/1pp2ppp/1bnp1n2/p3p3/PPB1P3/2PP1N2/5PPP/RNBQK2R w KQkq - 0 8	b4b5	30	22
rn1qkb1r/pp2pppp/2p2nb1/8/3P3P/6N1/PPP2PP1/R1BQKBNR w KQkq - 1 7	h4h5	228	22
rnbqkb1r/5ppp/p3pn2/1pp5/2BP4/2N1PN2/PP3PPP/R1BQ1RK1 w kq - 0 8	c4e2	26	22
rnbq1rk1/ppp1bppp/4pn2/3p4/2P5/1P3NP1/P2PPPBP/RNBQK2R w KQ - 1 6	d2d4	12	22
1rbqk2r/pp2ppbp/2np1np1/2p5/P3P3/2NP2P1/1PP1NPBP/R1BQK2R w KQk - 1 8	e1g1	-4	22
r1bqk2r/ppp2ppp/2p5/4p3/4n3/P1P2N2/2PPQPPP/R1B1K2R b KQkq - 1 8	e4g5	0	22
r2qk2r/ppp2ppp/2p5/4pb2/4n3/P1P2N2/2PPQPPP/R1B1K2R w KQkq - 2 9	g2g4	11	22
r1bqkb1r/pp3ppp/2np1n2/4p3/4P3/1NN5/PPP2PPP/R1BQKB1R w KQkq - 0 7	c1g5	18	22
rn1qkb1r/pp2nppp/2p1p3/3pP3/2PPb3/5N1P/PP1N1PP1/R1BQKB1R b KQkq - 2 7	e7f5	-14	22
rnbqkb1r/pp1n1ppp/4p3/2ppP3/3P1P2/8/PPP1N1PP/R1BQKBNR b KQkq - 1 6	b8c6	-5	22
r1bqk2r/pp1pppbp/2n2np1/2p5/2P5/2N2NPP/PP1PPPB1/R1BQK2R b KQkq - 0 6	d7d5	34	22
r1bqkb1r/pp3ppp/2n1pn2/2pp4/3P4/2P1P1B1/PP1N1PPP/R2QKBNR b KQkq - 1 6	f8e7	5	22
r1bqkb1r/pp3ppp/2n1pn2/2pp4/3P1B2/2P1P3/PP1NBPPP/R2QK1NR b KQkq - 1 6	f8d6	-1	22
rnbqr1k1/ppp2pbp/3p1np1/8/2PNP3/2N1B3/PPQ1BPPP/R3K2R b KQ - 2 9	b8c6	-33	22
rnbqk2r/ppp2ppp/3b4/3p4/3Pn3/2P2N1P/PP2BPP1/RNBQK2R b KQkq - 2 8	e8g8	3	22
r1bq1rk1/2p1bppp/p1np1n2/1p2p3/4P3/PB1P1N2/1PP2PPP/RNBQR1K1 b - - 0 9	c6a5	-11	22
rn1qk2r/pbppbppp/1p2pn2/8/2PP1B2/5NP1/PP2PPBP/RN1QK2R b KQkq - 4 6	d7d6	-12	22
r2qk2r/2pbbppp/p1np1n2/1p2p3/P3P3/1BP2N2/1P1P1PPP/RNBQR1K1 b kq - 0 9	e8g8	-22	22
1rbqk2r/pp2ppbp/2np1np1/2p5/4P3/2NP1NP1/PPP2PBP/R1BQ1RK1 w k - 4 8	c3d5	-12	22
r1bqk2r/pp1n1ppp/2pbpn2/3p4/P1PP4/2N1PN2/1P2BPPP/R1BQK2R b KQkq - 2 7	e8g8	-10	22
rn2kb1r/pp2nppp/2p1p3/q2pP3/2PPb3/5N1P/PP1N1PP1/R1BQKB1R w KQkq - 3 8	d1b3	12	22
rnbqkb1r/1p3ppp/p2p1n2/4p3/4P3/1NN1B3/PPP2PPP/R2QKB1R b KQkq - 1 7	f8e7	-35	22
r1bqk2r/pp2ppbp/2n2np1/2pp4/2P5/2N2NPP/PP1PPPB1/R1BQK2R w KQkq - 0 7	d2d4	-35	22
rnbqr1k1/pp3pbp/3p1np1/2p5/2PNP3/2N1B3/PPQ1BPPP/R3K2R w KQ - 0 10	d4b3	38	22
r1bqk2r/pp2bppp/2n1pn2/2pp4/3P4/2P1P1B1/PP1N1PPP/R2QKBNR w KQkq - 2 7	g1f3	-2	22
r1bqkb1r/pp1n1ppp/2n1p3/2ppP3/3P1P2/8/PPP1N1PP/R1BQKBNR w KQkq - 2 7	c2c3	-3	22
r1bqkb1r/pp3ppp/2n1pn2/3p4/3p1B2/2P1P3/PP1NBPPP/R2QK1NR w KQkq - 0 7	e3d4	29	22
rnbq1rk1/ppp2ppp/3b4/3p4/3Pn3/2P2N1P/PP2BPP1/RNBQK2R w KQ - 3 9	e1g1	-7	22
rn1q1rk1/pbppbppp/1p2pn2/8/2PP1B2/5NP1/PP2PPBP/RN1QK2R w KQ - 5 7	b1c3	27	22
r2q1rk1/2p1bppp/p1np1n2/1p2p3/4P1b1/PB1P1N2/1PP2PPP/RNBQR1K1 w - - 1 10	c2c3	31	22
r2q1rk1/2pbbppp/p1np1n2/1p2p3/P3P3/1BP2N2/1P1P1PPP/RNBQR1K1 w - - 1 10	d2d4	31	22
r1bq1rk1/pp1n1ppp/2pbpn2/3p4/P1PP4/2N1PN2/1P2BPPP/R1BQK2R w KQ - 3 8	e1g1	14	22
1rbqk2r/pp2ppbp/2np1np1/2p5/3PP3/2N2NP1/PPP2PBP/R1BQ1RK1 b k - 0 8	c5d4	13	22
1rbqkb1r/5ppp/p1np1n2/1p1Np1B1/4P3/N7/PPP2PPP/R2QKB1R b KQk - 1 10	f8e7	8	22
1rbqk2r/4bppp/p1np1n2/1p1Np1B1/4P3/N7/PPP2PPP/R2QKB1R w KQk - 2 11	g5f6	-9	22
rn1qkb1r/1p3ppp/p2pbn2/4p3/4P3/1NN1B3/PPP2PPP/R2QKB1R w KQkq - 2 8	d1d2	36	22
r1bqk2r/1pp2ppp/1bnp1n2/pP2p3/P1B1P3/2PP1N2/5PPP/RNBQK2R b KQkq - 0 8	c6e7	-12	22
r1bqk2r/1pp1nppp/1b1p1n2/pP2p3/P1B1P3/2PP1N2/5PPP/RNBQK2R w KQkq - 1 9	e1g1	15	22
r1bqk2r/pp1pppbp/2n2np1/2p5/2P5/2NP1NP1/PP2PPBP/R1BQK2R b KQkq - 0 6	d7d5	-4	22
r1bq1rk1/pp2ppbp/2np1np1/2p5/2P4P/2NP1NP1/PP2PPB1/1RBQK2R b K - 1 8	a8b8	13	22
rnbqkb1r/pp3ppp/5n2/2pp4/3P4/8/PPPNBPPP/R1BQK1NR w KQkq - 2 6	g1f3	1	22
rnbqkbnr/pp3ppp/8/2pp4/P2P4/8/1PPN1PPP/R1BQKBNR b KQkq - 0 5	c5c4	15	22
r1bq1rk1/2p1bppp/p2p1n2/np2p3/4P3/1BNP1N1P/PPP2PP1/R1BQR1K1 b - - 0 10	f8e8	17	22
r1bqkb1r/pp1n1ppp/2p1pn2/3p4/2PP4/2N1PN1P/PP3PP1/R1BQKB1R b KQkq - 0 6	f8d6	-1	22
r1bq1rk1/pp3ppp/2nbpn2/1Bpp4/3P1B2/2P1P2N/PP1N1PPP/R2QK2R w KQ - 4 8	d2f3	-25	22
1rbqk2r/pp2ppbp/2np1np1/2p5/P3P3/2NP1NP1/1PP2PBP/R1BQ1RK1 b k - 0 8	e8g8	7	22
r1bq1rk1/pp2ppbp/2np1np1/2p5/4P2P/2NP2P1/PPP1NPB1/R1BQK2R w KQ - 3 8	a2a4	-21	22
r1bqk2r/pp2ppbp/2np1np1/2p5/4P2P/2NP2P1/PPP2PB1/R1BQK1NR w KQkq - 1 7	g1e2	-22	22
rnbqkb1r/1p2pppp/p2p1n2/8/3NP3/2N1B3/PPP2PPP/R2QKB1R b KQkq - 1 6	e7e5	-28	22
r1bq1rk1/pp3pbp/2np1np1/2p1p3/2P4P/2NP1NP1/PP2PPB1/1RBQK2R w K - 0 9	a2a3	18	22
r1bq1rk1/pp1pppbp/2n2np1/2p5/2P5/2NP1NP1/PP2PPBP/R1BQK2R w KQ - 1 7	e1g1	11	22
rnbqkb1r/pp3ppp/5n2/2pp4/3P4/5N2/PPPNBPPP/R1BQK2R b KQkq - 3 6	f8e7	6	22
r1bq1rk1/pp3ppp/2Bbpn2/2pp4/3P1B2/2P1P2N/PP1N1PPP/R2QK2R b KQ - 0 8	b7c6	53	22
rnbqkbnr/pp3ppp/8/3p4/P2p4/8/1PPN1PPP/R1BQKBNR w KQkq - 0 6	d2b3	0	22
r1bq1rk1/2p1bppp/p2p1n2/1p2p3/4P3/1nNP1N1P/PPP2PP1/R1BQR1K1 w - - 0 11	a2b3	-1	22
1rbq1rk1/pp2ppbp/2np1np1/2p5/P3P3/2NP1NP1/1PP2PBP/R1BQ1RK1 w - - 1 9	c3d5	-11	22
r1bqk2r/pp1n1ppp/2pbpn2/3p4/2PP4/2N1PN1P/PP3PP1/R1BQKB1R w KQkq - 1 7	f1d3	5	22
r1bq1rk1/pp2ppbp/2np1np1/2p5/4P2P/2NP2P1/PPP1NPB1/R1BQ1RK1 b - - 4 8	a8b8	30	22
rnbqkb1r/1p3ppp/p2p1n2/4p3/3NP3/2N1B3/PPP2PPP/R2QKB1R w KQkq - 0 7	d4b3	37	22
r1bq1rk1/p4ppp/2pbpn2/2pp4/3P1B2/2P1P2N/PP1N1PPP/R2QK2R w KQ - 0 9	f4d6	-56	22
r1bqk2r/pp2ppbp/2np1np1/2p5/4P2P/2NP1NP1/PPP2PB1/R1BQK2R b KQkq - 2 7	c8g4	56	22
r1bqr1k1/pppp1ppp/2n2n2/1Bb3B1/3NP3/2P5/PP3PPP/RN1QR1K1 b - - 6 9	h7h6	15	22
r1bq1rk1/p4ppp/2pbpn2/2pp4/Q2P1B2/2P1P2N/PP1N1PPP/R3K2R b KQ - 1 9	c5d4	60	22
r1bqr1k1/pppp1ppp/2n2n2/1Bb5/3NP3/2P5/PP3PPP/RNBQR1K1 w - - 5 9	f2f3	-18	22
r1bqk2r/pp1pppbp/2n2np1/2p5/P1P5/2N2NP1/1P1PPPBP/R1BQK2R b KQkq - 0 6	d7d5	17	22
r1bqk2r/pp1pppbp/2n2np1/2p5/Q1P5/2N2NP1/PP1PPPBP/R1B1K2R b KQkq - 5 6	e8g8	25	22
rnbqkbnr/pp3ppp/8/2pp4/3P4/7P/PPPN1PP1/R1BQKBNR b KQkq - 0 5	c5c4	7	22
rnbqk2r/p3nppp/1p2p3/2ppP3/P2P4/2P2N2/2P2PPP/R1BQKB1R b KQkq - 0 8	c8a6	-28	22
rnbqk2r/pp2ppbp/6p1/2p5/3PP3/2P1BN2/P4PPP/R2QKB1R b KQkq - 1 8	d8a5	-18	22
rnbq1rk1/ppp2ppp/4pn2/3p4/2PP4/P1PBP3/5PPP/R1BQK1NR b KQ - 0 7	d5c4	-13	22
rnbqk2r/pp3ppp/2pb4/3p4/2PPn3/5N2/PP2BPPP/RNBQ1RK1 b kq - 1 8	e8g8	-3	22
rnbqkb1r/pp3ppp/4pn2/2p5/2BP4/4PN2/PP2QPPP/RNB1K2R b KQkq - 1 6	a7a6	-20	22
rnbq1rk1/p1p2ppp/1p3n2/3p4/1b1P4/2NBPN2/PP3PPP/R1BQ1RK1 b - - 1 8	c7c5	-6	22
r1bq1rk1/2p1bppp/p2p1n2/np2p3/4P3/1B1P1N1P/PPP2PP1/RNBQR1K1 w - - 1 10	b1d2	-20	22
rnbq1rk1/pp2bppp/4pn2/2ppN3/2P5/3P2P1/PP2PPBP/RNBQ1RK1 b - - 0 7	a7a6	4	22
r1bq1rk1/pp2npbp/2np2p1/2p1p3/4P3/P1NP2PP/1PP1NPB1/R1BQK2R w KQ - 3 9	e1g1	-27	22
rn1qkb1r/1p3ppp/p2pbn2/4p3/4P3/1NN1B2P/PPP2PP1/R2QKB1R b KQkq - 3 8	b8d7	-26	22
r1bqkb1r/pp2pppp/2np1n2/1B6/3NP3/2N5/PPP2PPP/R1BQK2R b KQkq - 4 6	c8d7	-18	22
r1bqkb1r/pp3ppp/2np4/1N1Pp3/8/8/PPP2PPP/R1BQKB1R b KQkq - 0 8	c6b8	-23	22
r1bq1rk1/ppp1bppp/2np1n2/4p3/P1B1P3/2PP1N2/1P3PPP/RNBQ1RK1 b - - 0 7	c8e6	-23	22
r1bqk2r/ppp1bppp/2np1n2/4p3/P1B1P3/3P1N2/1PPN1PPP/R1BQK2R b KQkq - 0 6	e8g8	-20	22
r1bqk2r/ppppbppp/2n2n2/4p3/2B1P3/2NP1N2/PPP2PPP/R1BQK2R b KQkq - 2 5	d7d6	-18	22
r1bqk2r/pp2ppbp/2n2np1/2pp4/P1P5/2N2NP1/1P1PPPBP/R1BQK2R w KQkq - 0 7	c4d5	-8	22
r1bq1rk1/pp1pppbp/2n2np1/2p5/Q1P5/2N2NP1/PP1PPPBP/R1B1K2R w KQ - 6 7	e1g1	-27	22
rnbqkbnr/pp3ppp/8/3p4/3p4/7P/PPPN1PP1/R1BQKBNR w KQkq - 0 6	g1f3	8	22
r1bqk2r/pp2ppbp/2n3p1/2p5/3PP3/2P1BN2/P4PPP/R2QKB1R w KQkq - 2 9	a1c1	35	22
rnbq1rk1/ppp2ppp/4pn2/8/2pP4/P1PBP3/5PPP/R1BQK1NR w KQ - 0 8	d3c4	9	22
rnbq1rk1/p3nppp/1p2p3/2ppP3/P2P4/2P2N2/2P2PPP/R1BQKB1R w KQ - 1 9	h2h4	106	22
rnbq1rk1/pp3ppp/2pb4/3p4/2PPn3/5N2/PP2BPPP/RNBQ1RK1 w - - 2 9	b1c3	2	22
rnbq1rk1/p4ppp/1p3n2/2pp4/1b1P4/2NBPN2/PP3PPP/R1BQ1RK1 w - - 0 9	d4c5	9	22
rnb2rk1/ppq1bppp/4pn2/2ppN3/2P5/3P2P1/PP2PPBP/RNBQ1RK1 w - - 1 8	f2f4	-6	22
r1bqkb1r/pp3ppp/2n1pn2/2p5/2BP4/4PN2/PP2QPPP/RNB1K2R w KQkq - 2 7	e1g1	26	22
r1bq1rk1/2p1bppp/p2p1n2/np2p3/4P3/1BNP1N1P/PPP2PP1/R1BQR1K1 b - - 2 10	f8e8	22	22
r1bq1rk1/pp2npbp/2np2p1/2p1p3/4P3/P1NP2PP/1PP1NPB1/R1BQ1RK1 b - - 4 9	c8d7	22	22
r2qkb1r/pp1bpppp/2np1n2/1B6/3NP3/2N5/PPP2PPP/R1BQK2R w KQkq - 5 7	c1e3	20	22
r2qkb1r/1p3ppp/p1npbn2/4p3/4P3/1NN1B2P/PPP2PP1/R2QKB1R w KQkq - 4 9	d1f3	51	22
r1bqkb1r/pp2nppp/3p4/1N1Pp3/8/8/PPP2PPP/R1BQKB1R w KQkq - 1 9	c2c4	36	22
r1bq1rk1/ppp1bppp/2np1n2/4p3/P1B1P3/3P1N2/1PPN1PPP/R1BQK2R w KQ - 1 7	c2c3	20	22
r1bq1rk1/ppp1bppp/2n2n2/3pp3/P1B1P3/2PP1N2/1P3PPP/RNBQ1RK1 w - - 0 8	e4d5	61	22
r1bq1rk1/ppppbppp/2n2n2/4p3/2B1P3/2NP1N2/PPP2PPP/R1BQK2R w KQ - 3 6	a2a3	22	22
r1bqk2r/pp2ppbp/2n3p1/2pn4/P7/2N2NP1/1P1PPPBP/R1BQK2R w KQkq - 0 8	c3d5	-13	22
r1bqk2r/pp2ppbp/2n2np1/2pP4/P7/2N2NP1/1P1PPPBP/R1BQK2R b KQkq - 0 7	f6d5	18	22
r1bqkb1r/1p3ppp/p1np4/4p3/2N1P1n1/2N1B3/PPP2PPP/R2QKB1R b KQkq - 3 9	g4e3	-56	22
r1bqkb1r/1p3ppp/p1np4/4p3/2N1P3/2N1n3/PPP2PPP/R2QKB1R w KQkq - 0 10	c4e3	39	22
r1bqkb1r/1p3ppp/p1np4/4p3/4P3/2N1N3/PPP2PPP/R2QKB1R b KQkq - 0 10	g7g6	-47	22
r1bqk2r/pp1pppbp/2n2np1/2p5/2P5/2N1PNP1/PP1P1PBP/R1BQK2R b KQkq - 0 6	d7d5	30	22
rn1qkbnr/pp3ppp/2p1p3/3pPb2/3P4/5N2/PPPN1PPP/R1BQKB1R b KQkq - 1 5	c6c5	-10	22
r1bq1rk1/pp2ppbp/2n3p1/2pn4/3P4/2N1PNP1/PP3PBP/R1BQK2R w KQ - 0 9	e1g1	-25	22
r1bqk2r/1p2bppp/p1np4/4p3/4P3/2N1N3/PPP2PPP/R2QKB1R w KQkq - 1 11	d1d2	47	22
r1bqkb1r/pp1n1ppp/2n1p3/2ppP3/3P1P2/2NB4/PPP3PP/R1BQK1NR w KQkq - 2 7	g1f3	-9	22
rnbq1rk1/ppp2pbp/3p1np1/4p3/2PPP3/P1N2N2/1P2BPPP/R1BQK2R b KQ - 0 7	e5d4	-8	22
r1b1k2r/pp3ppp/2nqpn2/2pp4/3P4/2P1P2P/PP1N1PP1/R2QKBNR w KQkq - 0 8	g1f3	-3	22
rnbq1rk1/1pp2pbp/3p1np1/p2Pp3/2P1P3/2N2N1P/PP2BPP1/R1BQK2R b KQ - 0 8	f6h5	-56	22
rnbqkb1r/ppp2ppp/8/3p4/3Pn3/5N2/PPP1BPPP/RNBQK2R b KQkq - 1 6	f8d6	0	22
r1bq1rk1/pppnbpp1/4pn1p/3p4/2PP3B/2N1PN2/PP3PPP/R2QKB1R w KQ - 2 8	d1c2	13	22
r1bqk2r/2p1bppp/p1np1n2/1p2p3/4P3/1B1P1N2/PPP2PPP/RNBQR1K1 b kq - 0 8	c6a5	12	22
rnbqk2r/ppp1bppp/4pn2/3p4/2P5/P4NP1/1P1PPPBP/RNBQK2R b KQkq - 0 5	e8g8	19	22
r1bqk2r/pp2npbp/2np2p1/2p1p3/4P3/P1NP2PP/1PP1NPB1/R1BQK2R b KQkq - 2 8	e8g8	22	22
r1bqk2r/pp2npbp/2np2p1/2p1p3/4P3/P1NP2PP/1PP2PB1/R1BQK1NR w KQkq - 1 8	g1e2	-26	22
r1bqk2r/pp2ppbp/2np1np1/2p5/4P2P/2NP2P1/PPP1NPB1/R1BQK2R b KQkq - 2 7	e8g8	22	22
r1bqk1nr/pp2ppbp/2np2p1/2p5/4PP2/2NP2P1/PPP3BP/R1BQK1NR b KQkq - 0 6	a8b8	18	22
r1bqk2r/pp2ppbp/2n2np1/2pp4/2P5/2N1PNP1/PP1P1PBP/R1BQK2R w KQkq - 0 7	c4d5	-37	22
r2qkb1r/pp1n1ppp/2p1pn2/5b2/P1NP4/2N1P3/1P3PPP/R1BQKB1R b KQkq - 0 8	f8b4	-17	22
r2qkbnr/pp1n1ppp/2p1p3/3pPb2/3P4/5N2/PPPN1PPP/R1BQKB1R w KQkq - 2 6	f1e2	49	22
r1bq1rk1/pp2ppbp/2n3p1/2pn4/3P4/2N1PNP1/PP3PBP/R1BQ1RK1 b - - 1 9	c5d4	25	22
r1bqkb1r/pp1n1ppp/2n1p3/2PpP3/5P2/2NB4/PPP3PP/R1BQK1NR b KQkq - 0 7	f8c5	0	22
r1bq1rk1/1ppn1pbp/3p1np1/p2Pp3/2P1P3/2N2N1P/PP2BPP1/R1BQK2R w KQ - 1 9	c1e3	64	22
r1b1k2r/pp3ppp/2nqpn2/2pp4/3P4/2P1PN1P/PP1N1PP1/R2QKB1R b KQkq - 1 8	e8g8	8	22
rnbq1rk1/pp3ppp/4pn2/2p5/1bBP4/2N1PN1P/PP3PP1/R1BQK2R b KQ - 1 8	c5d4	16	22
rnbq1rk1/ppp2pbp/3p1np1/8/2PpP3/P1N2N2/1P2BPPP/R1BQK2R w KQ - 0 8	f3d4	18	22
r1bqkb1r/ppp2ppp/2n5/3p4/3Pn3/5N2/PPP1BPPP/RNBQK2R w KQkq - 2 7	e1g1	-3	22
rnbqk2r/ppp1bppp/4pn2/8/2p5/P4NP1/1P1PPPBP/RNBQK2R w KQkq - 0 6	d1a4	2	22
r1bq1rk1/pppnbpp1/4pn1p/3p4/2PP3B/2N1PN2/PP3PPP/2RQKB1R b K - 3 8	c7c5	-10	22
r1bqk2r/2p1bppp/p2p1n2/np2p3/4P3/1B1P1N2/PPP2PPP/RNBQR1K1 w kq - 1 9	b1d2	-17	22
r2qk2r/pp1n1ppp/2p1pn2/5b2/PbNP4/2N1P3/1P3PPP/R1BQKB1R w KQkq - 1 9	f1e2	14	22
r1bqk2r/pp2npbp/2np2p1/2p1p3/4P3/P1NP1NPP/1PP2PB1/R1BQK2R b KQkq - 2 8	c8e6	32	22
r1bqk1nr/pp2pp1p/2np2p1/2p5/4PP2/2bP2P1/PPP3BP/R1BQK1NR w KQkq - 0 7	b2c3	111	22
rnbqk1nr/pp3ppp/8/2bp4/8/1N6/PPP2PPP/R1BQKBNR b KQkq - 1 6	c5b6	15	22
rn1qkbnr/pp3ppp/4p3/2ppPb2/3P4/2P2N2/PP2BPPP/RNBQK2R b KQkq - 1 6	b8c6	-30	22
rnbqkb1r/ppp3pp/4pn2/3p1p2/3P3P/5NP1/PPP1PPB1/RNBQK2R b KQkq - 0 5	f8e7	-31	22
r1bqk2r/ppp2ppp/2np1n2/2b1p3/2B1P3/2PP1N2/PP1N1PPP/R1BQK2R b KQkq - 1 6	e8g8	-18	22
r1bqk2r/pppnppbp/6p1/8/Q2PP3/2P2N2/P4PPP/R1B1KB1R b KQkq - 4 8	e8g8	-27	22
r1bqk2r/pp3ppp/2nbpn2/2pp4/3P4/P1P1P1B1/1P1N1PPP/R2QKBNR b KQkq - 2 7	e6e5	6	22
rnbq1rk1/ppp1bppp/4pn2/3p4/2P5/N4NP1/PP1PPPBP/R1BQK2R w KQ - 5 6	e1g1	-6	22
r1bqk2r/pppp1ppp/2n2n2/8/1b1NP3/3Q4/PPPB1PPP/RN2KB1R b KQkq - 4 6	d8e7	33	22
r2q1rk1/pppnppbp/3p1npB/8/3PP1b1/2N2N2/PPPQBPPP/R3K2R b KQ - 9 8	e7e5	-38	22
r1bqkb1r/pp1n1ppp/2p1pn2/3p4/2PP4/2N1PN2/PPQ2PPP/R1B1KB1R b KQkq - 2 6	f8d6	-27	22
1rbqk2r/pp2ppbp/2np1np1/2p5/P3P3/2NP2P1/1PP1NPBP/R1BQ1RK1 b k - 2 8	e8g8	0	22
r2qkb1r/pp3ppp/2np1n2/4p3/4P1b1/N1N2P2/PPP3PP/R1BQKB1R b KQkq - 0 8	g4e6	1	22
r1bqk1nr/pp2ppbp/2np2p1/2p5/4P2P/2NP2P1/PPP2PB1/R1BQK1NR b KQkq - 0 6	g8f6	26	22
r2qkb1r/pp3ppp/2npbn2/4p3/2B1P3/N1N2P2/PPP3PP/R1BQK2R b KQkq - 2 9	a7a6	9	22
rnbqk2r/ppp3pp/3bpn2/3p1p2/3P3P/5NP1/PPP1PPB1/RNBQK2R w KQkq - 1 6	c2c4	42	22
r2qkbnr/pp3ppp/2n1p3/2ppPb2/3P4/2P2N2/PP2BPPP/RNBQK2R w KQkq - 2 7	e1g1	29	22
rnbqk1nr/pp3ppp/1b6/3p4/8/1N6/PPP2PPP/R1BQKBNR w KQkq - 2 7	c1e3	-20	22
r1bq1rk1/ppp2ppp/2np1n2/2b1p3/2B1P3/2PP1N2/PP1N1PPP/R1BQK2R w KQ - 2 7	e1g1	20	22
r1bq1rk1/pp3ppp/2nbpn2/2pp4/3P4/P1P1P1B1/1P1N1PPP/R2QKBNR w KQ - 3 8	g1f3	-7	22
r1bq1rk1/pppnppbp/6p1/8/Q2PP3/2P2N2/P4PPP/R1B1KB1R w KQ - 5 9	f1e2	28	22
rnbq1rk1/ppp1bppp/4pn2/3p4/2P5/N4NP1/PP1PPPBP/R1BQ1RK1 b - - 6 6	c7c5	3	22
r1bqk2r/pp1n1ppp/2pbpn2/3p4/2PP4/2N1PN2/PPQ2PPP/R1B1KB1R w KQkq - 3 7	f1d3	21	22
r1b1k2r/ppppqppp/2n2n2/8/1b1NP3/3Q4/PPPB1PPP/RN2KB1R w KQkq - 5 7	d4f5	-24	22
r2q1rk1/pppnpp1p/3p1npb/8/3PP1b1/2N2N2/PPPQBPPP/R3K2R w KQ - 0 9	d2h6	48	22
1rbq1rk1/pp2ppbp/2np1np1/2p5/P3P3/2NP2P1/1PP1NPBP/R1BQ1RK1 w - - 3 9	h2h3	4	22
r2qkb1r/pp3ppp/2npbn2/4p3/4P3/N1N2P2/PPP3PP/R1BQKB1R w KQkq - 1 9	f1c4	-7	22
r2qkb1r/1p3ppp/p1npbn2/4p3/2B1P3/N1N2P2/PPP3PP/R1BQK2R w KQkq - 0 10	c4b3	-6	22
r2qkb1r/1p3ppp/p1np1n2/4p3/P3P1b1/N1N2P2/1PP3PP/R1BQKB1R b KQkq - 0 9	g4e6	8	22
r1bq1rk1/2p1bppp/p2p1n2/1p2p3/4P3/1PNP1N1P/1PP2PP1/R1BQR1K1 b - - 0 11	c8b7	2	22
r2q1rk1/pppnpp1p/3p1npQ/8/3PP1b1/2N2N2/PPP1BPPP/R3K2R b KQ - 0 9	e7e5	-40	22
r1bq1rk1/2p1bppp/p2p1n2/4p3/1p2P3/1PNP1N1P/1PP2PP1/R1BQR1K1 w - - 0 12	c3e2	3	22
r2qk2r/2p1bppp/p2p1n2/1p2p3/3nP3/1BN3QP/PPPP1PP1/R1B1R1K1 b kq - 2 11	e8g8	29	22
r2q1rk1/pppn1p1p/3p1npQ/4p3/3PP1b1/2N2N2/PPP1BPPP/R3K2R w KQ - 0 10	e1c1	51	22
rn1qkbnr/pp2pppp/2p3b1/8/3P4/6N1/PPP1NPPP/R1BQKB1R b KQkq - 4 6	g8f6	-13	22
rn1qkb1r/pp2pppp/2p2nb1/8/3P4/2P3N1/PP2NPPP/R1BQKB1R b KQkq - 0 7	b8d7	-11	22
r1bq1rk1/pppp1ppp/2n2n2/1B2p3/4P3/2P2N1P/PPP2PP1/R1BQ1RK1 b - - 0 7	d7d6	4	22
rnbq1rk1/ppp2ppp/5n2/3p4/1b1P4/2NBP3/PP2NPPP/R1BQK2R b KQ - 1 7	f8e8	1	22
rnb2rk1/ppp1qpp1/4p2p/3p4/2PPn3/2N1PN2/PP3PPP/R2QKB1R w KQ - 0 9	a1c1	20	22
rnbq1rk1/pp2bppp/4pn2/2pp4/2PP4/N4NP1/PP2PPBP/R1BQK2R w KQ - 0 7	e1g1	-2	22
rnbqk2r/ppp1bppp/4pn2/8/2Pp4/1P3NP1/P2PPPBP/RNBQ1RK1 b kq - 1 6	c7c5	8	22
r1bqk2r/pp2bppp/2n1pn2/2p5/2Pp4/1P1P1NP1/P3PPBP/RNBQ1RK1 w kq - 1 8	e2e3	-2	22
r2q1rk1/1bp1bppp/p2p1n2/np2p3/4P3/1BNP1N1P/PPP2PP1/R1BQR1K1 w - - 1 11	c3e2	-18	22
r1bqk2r/2p1bppp/p1np1n2/1p2p3/4P3/1BN2N2/PPPP1PPP/R1BQR1K1 b kq - 1 8	c8g4	3	22
r2q1rk1/2pbbppp/p1np1n2/1p2p3/P2PP3/1BP2N2/1P3PPP/RNBQR1K1 b - - 0 10	d7g4	-29	22
r1bqk1nr/pp3pbp/2np2p1/2p1p3/4P3/2NP2PP/PPP1NPB1/R1BQK2R b KQkq - 1 7	g8e7	22	22
r2qkb1r/pp1bpppp/2np1n2/1B4B1/3NP3/2N5/PPP2PPP/R2QK2R b KQkq - 6 7	e7e6	-19	22
r2qkb1r/1p3ppp/p1npbn2/4p3/4P3/N1N2P2/PPP3PP/R1BQKB1R w KQkq - 2 9	a3c4	-32	22
r1bqkb1r/pp3ppp/2np1n2/1N2p3/4P3/2N5/PPP1BPPP/R1BQK2R b KQkq - 1 7	a7a6	6	22
r2qkb1r/pp1npppp/2p2nb1/8/3P4/2P3N1/PP2NPPP/R1BQKB1R w KQkq - 1 8	h2h4	21	22
r1bq1rk1/pppp1ppp/2n5/1B2p3/4n3/2P2N1P/PPP2PP1/R1BQ1RK1 w - - 0 8	f1e1	14	22
rn1qkb1r/pp2pppp/2p2nb1/8/3P4/6N1/PPP1NPPP/R1BQKB1R w KQkq - 5 7	c2c3	12	22
rnbqk2r/pp3ppp/2pb4/3p4/3Pn3/3B1N2/PPP2PPP/RNBQK2R w KQkq - 2 8	e1g1	-8	22
r1bq1rk1/ppp2ppp/2n2n2/3p4/1b1P4/2NBP3/PP2NPPP/R1BQK2R w KQ - 2 8	a2a3	66	22
r1bqk2r/pp2bppp/2n1pn2/2p5/2Pp4/1P1PPNP1/P4PBP/RNBQ1RK1 b kq - 0 8	e6e5	0	22
rnb2rk1/ppp1qpp1/4p2p/3p4/2PPN3/4PN2/PP3PPP/R2QKB1R b KQ - 0 9	d5e4	11	22
r1bqk2r/ppp1bppp/2n1pn2/8/2Pp4/1P3NP1/P2PPPBP/RNBQ1RK1 w kq - 2 7	d2d3	0	22
r2q1rk1/2pbbppp/p1np1n2/1p6/P2pP3/1BP2N2/1P3PPP/RNBQR1K1 w - - 0 11	c3d4	70	22
r2q1rk1/1bp1bppp/p2p1n2/np2p3/4P3/1B1P1N1P/PPP1NPP1/R1BQR1K1 b - - 2 11	f8e8	13	22
r2qk2r/2p1bppp/p1np1n2/1p2p3/4P1b1/1BN2N2/PPPP1PPP/R1BQR1K1 w kq - 2 9	h2h3	-6	22
r1bqkb1r/1p3ppp/p1np1n2/1N2p3/4P3/2N5/PPP1BPPP/R1BQK2R w KQkq - 0 8	b5a3	0	22
r1bqk2r/pp2npbp/2np2p1/2p1p3/4P3/2NP2PP/PPP1NPB1/R1BQK2R w KQkq - 2 8	e1g1	-19	22
r2qkb1r/pp1bpppp/3p1n2/1B4B1/3nP3/2N5/PPP2PPP/R2QK2R w KQkq - 0 8	d1d4	55	22
rnb2rk1/ppp1qpp1/4p2p/8/2PPp3/4PN2/PP3PPP/R2QKB1R w KQ - 0 10	f3e5	-5	22
rnb2rk1/ppp1qpp1/4p2p/8/2PPp3/4P3/PP1N1PPP/R2QKB1R b KQ - 1 10	e6e5	33	22
r2qkb1r/1p3ppp/p1npbn2/4p3/2B1P3/N1N2P2/PPP3PP/R1BQK2R b KQkq - 3 9	b7b5	188	22
rnbq1rk1/ppp2ppp/4pn2/8/2BP4/P1P1P3/5PPP/R1BQK1NR b KQ - 0 8	c7c5	-9	22
rnbq1rk1/pp3ppp/4pn2/2p5/2BP4/P1P1P3/5PPP/R1BQK1NR w KQ - 0 9	g1e2	22	22
r1bqkb1r/5ppp/p1np1n2/1p1Np3/4P3/N4P2/PPP3PP/R1BQKB1R b KQkq - 1 9	f6d5	29	22
r1bqkb1r/5ppp/p1np4/1p1np3/4P3/N4P2/PPP3PP/R1BQKB1R w KQkq - 0 10	e4d5	-21	22
1rbqk2r/pp2ppbp/2np1np1/8/3NP3/2N3P1/PPP2PBP/R1BQ1RK1 b k - 0 9	e8g8	16	22
1rbqk2r/pp2ppbp/2np1np1/8/3pP3/2N2NP1/PPP2PBP/R1BQ1RK1 w k - 0 9	f3d4	-20	22
r1bq1rk1/pp1pppbp/2n2np1/2p5/2PP4/2N2NP1/PP2PPBP/R1BQ1RK1 b - - 0 7	c6d4	-36	22
rnbqk1nr/bp3ppp/p7/3p4/P7/1N6/1PP2PPP/R1BQKBNR w KQkq - 2 8	d1e2	-3	22
r1bqk2r/pp1n1ppp/2n1p3/2bpP3/5P2/2NB1N2/PPP3PP/R1BQK2R b KQkq - 1 8	a7a6	18	22
r1bqk2r/ppp2pp1/2np1n1p/2b1p3/4P3/1BPP1N2/PP3PPP/RNBQ1RK1 b kq - 1 7	a7a5	-14	22
r1bq1rk1/ppp2ppp/2np1n2/2b1p3/2B1P3/2PP1N2/PP1N1PPP/R1BQ1RK1 b - - 3 7	a7a6	-19	22
r1b1qrk1/ppp2pbp/n2p2p1/4p1B1/2PPP1n1/2NQ1N2/PP2BPPP/R3K2R w KQ - 6 10	e1g1	-5	22
rnbq1rk1/ppp2pbp/3p1np1/4p3/2PPP3/2N2N2/PP2BPPP/1RBQK2R b K - 1 7	b8c6	0	22
rnbqkb1r/1p3ppp/p3pn2/2p5/2BP4/4PN1P/PP3PP1/RNBQ1RK1 b kq - 1 7	b8c6	-14	22
rnbq1rk1/pp3ppp/4pn2/2p5/1bBP4/2N1P3/PPQ2PPP/R1B1K1NR w KQ - 0 8	a2a3	2	22
rnbq1rk1/ppp2ppp/3b4/3p4/3Pn3/3BBN2/PPP2PPP/RN1Q1RK1 b - - 5 8	f8e8	0	22
r1bqr1k1/2p1bppp/p2p1n2/np2p3/4P3/1B1P1N1P/PPPN1PP1/R1BQR1K1 w - - 3 11	d2f1	-23	22
rnbq1rk1/ppp1bppp/4pn2/3p4/2P5/3P1NP1/PP2PPBP/RNBQ1RK1 b - - 2 6	c7c5	-10	22
r1bqk1nr/pp3pbp/2np2p1/2p1p3/4P3/P1NP2PP/1PP2PB1/R1BQK1NR b KQkq - 0 7	g8e7	21	22
r1b1k2r/pp1nqppp/2pbpn2/3p4/P1PP4/2N1PN2/1P2BPPP/R1BQ1RK1 b kq - 4 8	e8g8	-14	22
1rbqk1nr/pp3pbp/2npp1p1/2p5/4PP2/2NP1NP1/PPP3BP/R1BQK2R w KQk - 2 8	a2a4	-10	22
rnbqkb1r/pp2pp1p/3p1np1/8/3NP3/2N5/PPP1BPPP/R1BQK2R b KQkq - 1 6	b8c6	-28	22
r1bq1rk1/pp1pppbp/2n2np1/8/2Pp4/2N2NP1/PP2PPBP/R1BQ1RK1 w - - 0 8	f3d4	45	22
rnbqk1nr/bp3ppp/p7/3p4/P7/1N3N2/1PP2PPP/R1BQKB1R b KQkq - 3 8	b8c6	18	22
r1bqk2r/ppp1bppp/2n5/3np3/P1B5/3P1N2/1PP2PPP/RNBQ1RK1 b kq - 1 7	c8e6	-17	22
r1bqk2r/1p1n1ppp/p1n1p3/2bpP3/5P2/2NB1N2/PPP3PP/R1BQK2R w KQkq - 0 9	d1e2	-20	22
r1bq1rk1/ppp2pp1/2np1n1p/2b1p3/4P3/1BPP1N2/PP3PPP/RNBQ1RK1 w - - 2 8	h2h3	12	22
r1bq1rk1/1pp2ppp/2np1n2/p1b1p3/2B1P3/2PP1N2/PP1N1PPP/R1BQ1RK1 w - - 0 8	h2h3	19	22
rnbq1rk1/ppp2pbp/3p1np1/8/2PpP3/2N2N2/PP2BPPP/1RBQK2R w K - 0 8	f3d4	23	22
r1b1qrk1/ppp2pbp/n2p2p1/3Np1B1/2PPP1n1/3Q1N2/PP2BPPP/R3K2R b KQ - 7 10	e5d4	136	22
rnbq1rk1/pp3ppp/4pn2/2p5/1bBP4/P1N1P3/1PQ2PPP/R1B1K1NR b KQ - 0 8	b4c3	6	22
r1bq1rk1/ppp2ppp/2nb4/3p4/3Pn3/3BBN2/PPP2PPP/RN1Q1RK1 w - - 6 9	c2c4	4	22
rnbqkb1r/5ppp/p3pn2/1pp5/2BP4/4PN1P/PP3PP1/RNBQ1RK1 w kq - 0 8	c4d3	16	22
r1bq1rk1/ppp1bppp/2n1pn2/3p4/2P5/3P1NP1/PP2PPBP/RNBQ1RK1 w - - 3 7	c4d5	0	22
r1bqr1k1/2p1bppp/p2p1n2/np2p3/4P3/1B1P1N1P/PPP2PP1/R1BQRNK1 b - - 4 11	c7c5	23	22
1rbqk1nr/pp3pbp/2npp1p1/2p5/4PP2/2NP1NP1/PPP3BP/R1BQ1RK1 b k - 3 8	g8e7	12	22
r1b2rk1/pp1nqppp/2pbpn2/3p4/P1PP4/2N1PN2/1P2BPPP/R1BQ1RK1 w - - 5 9	a4a5	10	22
r1bqk2r/pp3pbp/2np1np1/2p1p3/4P3/P1NP2PP/1PP2PB1/R1BQK1NR w KQkq - 1 8	g1e2	6	22
rnbqkb1r/pp3p1p/3p1np1/4p3/3NP3/2N5/PPP1BPPP/R1BQK2R w KQkq - 0 7	e2b5	92	22
r1bq1rk1/ppp1bppp/2n5/3np3/P1B5/3P1N2/1PP2PPP/RNBQ1RK1 w - - 2 8	h2h3	20	22
r1bqkb1r/1p3ppp/p1np1n2/4p3/4P3/N1N5/PPP1BPPP/R1BQK2R b KQkq - 1 8	b7b5	-7	22
r1bqr1k1/pppp1pp1/2n2n1p/1Bb3B1/3NP3/2P5/PP3PPP/RN1QR1K1 w - - 0 10	g5h4	-9	22
r1bqr1k1/pppp1pp1/2n2n1p/1Bb5/3NP2B/2P5/PP3PPP/RN1QR1K1 b - - 1 10	g7g5	13	22
r1bqkb1r/5ppp/p1np1n2/1p2p3/4P3/N1N5/PPP1BPPP/R1BQK2R w KQkq - 0 9	c3d5	-5	22
r1bq1rk1/pp2bppp/2n1pn2/2pP4/3P4/N4NP1/PP2PPBP/R1BQ1RK1 b - - 0 8	e6d5	2	22
r1bqk1nr/pp2pp1p/2np2p1/2p5/4PP2/2PP2P1/P1P3BP/R1BQK1NR b KQkq - 0 7	f7f5	-121	22
r1bq1rk1/pp2bppp/2n2n2/2pp4/3P4/N4NP1/PP2PPBP/R1BQ1RK1 w - - 0 9	d4c5	-2	22
r1bqk2r/pp2pp1p/2np1np1/2p5/4PP2/2PP2P1/P1P3BP/R1BQK1NR w KQkq - 1 8	g1f3	132	22
r1bq1rk1/pp2bppp/2n2n2/2Pp4/8/N4NP1/PP2PPBP/R1BQ1RK1 b - - 0 9	e7c5	5	22
r1bq1rk1/pp2ppbp/2np1np1/2p5/2P4P/2NP1NP1/PP2PPB1/R1BQK2R w KQ - 0 8	c1d2	-8	22
r1bqk2r/pp1nbppp/2n1p3/2ppP3/3P1P2/2P2N2/PP2N1PP/R1BQKB1R b KQkq - 2 8	e8g8	-10	22
r1bq1rk1/1pp2ppp/p1np1n2/2b1p3/2B1P3/2PP1N1P/PP1N1PP1/R1BQ1RK1 b - - 0 8	c6a5	-12	22
rnbqk2r/pp2nppp/4p3/2ppP3/3P4/P1P5/2P2PPP/1RBQKBNR b Kkq - 2 7	d8a5	-19	22
r1bqk2r/ppp2ppp/2np1n2/2b1p3/P1B1P3/2PP1N2/1P3PPP/RNBQK2R b KQkq - 0 6	a7a5	-14	22
r1bq1rk1/pp2bppp/2n1pn2/2pp4/3P4/2PBP1B1/PP1NNPPP/R2QK2R b KQ - 5 8	a7a5	7	22
rnbq1rk1/ppp2ppp/4pn2/3p4/1bPP4/2NBP3/PP1B1PPP/R2QK1NR b KQ - 1 6	c7c5	0	22
rnbq1rk1/ppp1bppp/4pn2/3p4/2P5/P4NP1/1P1PPPBP/RNBQK2R w KQ - 1 6	d2d4	-20	22
rnbq1rk1/ppp1ppbp/3p1np1/6B1/3PP3/2N2N2/PPP1BPPP/R2QK2R b KQ - 5 6	c7c5	-37	22
1rbqk1nr/pp3pbp/2npp1p1/2p5/4PP2/2NPBNP1/PPP3BP/R2QK2R b KQk - 3 8	g8e7	23	22
rnbq1rk1/ppp1ppbp/3p1np1/8/P2PP3/2N2N2/1PP1BPPP/R1BQK2R b KQ - 0 6	b8c6	-29	22
r1bqk2r/pp2ppbp/2np1np1/2p5/4P3/2NP1NP1/PPP2PBP/R1BQ1RK1 b kq - 3 7	e8g8	17	22
r1bqk1nr/pp1p1ppp/2n1p3/2b5/4P3/PN6/1PP2PPP/RNBQKB1R b KQkq - 2 6	c5b6	-25	22
r1bqk2r/pp2ppbp/2np1np1/2p5/P3P3/2NP1NP1/1PP2PBP/R1BQK2R b KQkq - 0 7	e8g8	18	22
r1bq1rk1/pp2ppbp/2np1np1/2p5/2P4P/2NP1NP1/PP2PPB1/R1BQ1RK1 b - - 1 8	c8e6	13	22
r1bq1rk1/2p2ppp/p1np1n2/1pb1p3/2B1P3/2PP1N1P/PP1N1PP1/R1BQ1RK1 w - - 0 9	c4b3	23	22
r1bqk2r/pp2nppp/2n1p3/2ppP3/3P4/P1P5/2P2PPP/1RBQKBNR w Kkq - 3 8	h2h4	39	22
r1bqk2r/1pp2ppp/2np1n2/p1b1p3/P1B1P3/2PP1N2/1P3PPP/RNBQK2R w KQkq - 0 7	e1g1	7	22
r1bq1rk1/pp1nbppp/2n1p3/2ppP3/3P1P2/2P2N2/PP2N1PP/R1BQKB1R w KQ - 3 9	a2a3	5	22
rnbq1rk1/ppp2ppp/4pn2/8/1bpP4/2NBP3/PP1B1PPP/R2QK1NR w KQ - 0 7	d3c4	-1	22
r1bq1rk1/pp2bppp/2n1pn2/3p4/2pP4/2PBP1B1/PP1NNPPP/R2QK2R w KQ - 0 9	d3c2	13	22
r1bq1rk1/ppp1ppbp/2np1np1/8/P2PP3/2N2N2/1PP1BPPP/R1BQK2R w KQ - 1 7	e1g1	30	22
rnbq1rk1/ppp1ppb1/3p1npp/6B1/3PP3/2N2N2/PPP1BPPP/R2QK2R w KQ - 0 7	g5e3	43	22
rnbq1rk1/ppp1bppp/4pn2/3P4/8/P4NP1/1P1PPPBP/RNBQK2R b KQ - 0 6	e6d5	23	22
1rbqk2r/pp3pbp/2nppnp1/2p5/4PP2/2NPBNP1/PPP3BP/R2QK2R w KQk - 4 9	e1g1	-4	22
r1bq1rk1/pp2ppbp/2np1np1/2p5/4P3/2NP1NP1/PPP2PBP/R1BQ1RK1 w - - 4 8	c3d5	-14	22
r1bq1rk1/pp2ppbp/2np1np1/2p5/P3P3/2NP1NP1/1PP2PBP/R1BQK2R w KQ - 1 8	e1g1	-11	22
r1bqkb1r/pp3ppp/2n2n2/2pp4/3P4/5N2/PPPNBPPP/R1BQK2R w KQkq - 4 7	e1g1	-2	22
r1bqk1nr/pp1p1ppp/1bn1p3/8/4P3/PN6/1PP2PPP/RNBQKB1R w KQkq - 3 7	b1c3	18	22
r1bq1rk1/pp1pppbp/2n2np1/8/2PN4/2N3P1/PP2PPBP/R1BQ1RK1 b - - 0 8	c6d4	-39	22
r1bq1rk1/pp1pppbp/5np1/8/2Pn4/2N3P1/PP2PPBP/R1BQ1RK1 w - - 0 9	d1d4	44	22
r1bq1rk1/pp1pppbp/5np1/8/2PQ4/2N3P1/PP2PPBP/R1B2RK1 b - - 0 9	d7d6	-45	22
r1bq1rk1/pp2ppbp/3p1np1/8/2PQ4/2N3P1/PP2PPBP/R1B2RK1 w - - 0 10	d4d3	38	22
rnbq1rk1/ppp2pbp/3p1np1/8/2PNP3/P1N5/1P2BPPP/R1BQK2R b KQ - 0 8	b8c6	-5	22
rnbqr1k1/ppp2pbp/3p1np1/8/2PNP3/P1N5/1P2BPPP/R1BQK2R w KQ - 1 9	f2f3	1	22
rnbqk2r/ppp1bppp/4pn2/8/Q1p5/P4NP1/1P1PPPBP/RNB1K2R b KQkq - 1 6	b8d7	-2	22
r1bqk2r/pppnbppp/4pn2/8/Q1p5/P4NP1/1P1PPPBP/RNB1K2R w KQkq - 2 7	a4c4	16	22
rn1qkbnr/pp3ppp/2p1p1b1/8/3P3P/4B1N1/PPP2PP1/R2QKBNR b KQkq - 0 7	h7h6	-17	22
r1bq1rk1/ppp1bppp/2n2n2/3Pp3/P1B5/2PP1N2/1P3PPP/RNBQ1RK1 b - - 0 8	f6d5	-55	22
r1bq1rk1/ppp1bppp/2n5/3np3/P1B5/2PP1N2/1P3PPP/RNBQ1RK1 w - - 0 9	f1e1	60	22
r1b1kbnr/pp3ppp/4p3/3pP3/1n1P4/1P3N2/1P3PPP/RNB1KB1R w KQkq - 1 9	e1d1	-15	22
rn2kb1r/pp1q1ppp/5n2/2pp4/3P4/7P/PPPN1PP1/R1BQK1NR w KQkq - 0 8	g1e2	0	22
rnbq1rk1/ppp2pbp/3p1np1/4p3/2PPP3/2NQ1N2/PP2BPPP/R1B1K2R b KQ - 1 7	b8a6	15	22
rnbqk2r/ppp2ppp/3b4/3p4/3Pn3/2P2N1P/PP3PP1/RNBQKB1R w KQkq - 1 8	f1d3	0	22
rn1qkbnr/pp3pp1/2p1p1bp/8/3P3P/4B1N1/PPP2PP1/R2QKBNR w KQkq - 0 8	g1f3	14	22
rnbqk2r/ppp3pp/3bpn2/3p1p2/3P4/1PP2NP1/P3PPBP/RNBQK2R w KQkq - 1 7	c3c4	31	22
r1b1kbnr/pp3ppp/4p3/1B1pP3/1n1P4/1P3N2/1P3PPP/RNB1K2R b KQkq - 2 9	c8d7	77	22
rn2kb1r/pp1q1ppp/5n2/2pp4/3P4/7P/PPPNQPP1/R1B1K1NR b KQkq - 1 8	f8e7	23	22
r1bqk2r/ppp1bppp/2n1pn2/3p4/2P5/5NP1/PPQPPPBP/RNB1K2R w KQkq - 5 6	d2d4	18	22
rnbqk2r/ppp2ppp/3b4/3p4/3Pn3/2PB1N1P/PP3PP1/RNBQK2R b KQkq - 2 8	c8f5	-3	22
rnbqr1k1/ppp2pbp/3p1np1/8/2PNP3/2N5/PP2BPPP/1RBQK2R w K - 1 9	f2f3	16	22
rnbq1rk1/ppp2pbp/3p1np1/8/2PpP3/2NQ1N2/PP2BPPP/R1B1K2R w KQ - 0 8	f3d4	6	22
rnbq1rk1/ppp2pbp/3p1np1/8/2PNP3/2N5/PP2BPPP/1RBQK2R b K - 0 8	c7c6	-3	22
rnbqk2r/ppp1bppp/4pn2/3pN3/2P5/6P1/PP1PPPBP/RNBQK2R b KQkq - 4 5	c7c5	11	22
r1bq1rk1/ppp2pbp/2np1np1/3Pp3/2P1P3/P1N2N2/1P2BPPP/R1BQK2R b KQ - 0 8	c6d4	-13	22
rnbq1rk1/ppp1bppp/4pn2/3p4/2PP4/N4NP1/PP2PPBP/R1BQK2R b KQ - 0 6	c7c5	1	22
r1bqk2r/2p1bppp/p1np1n2/1p2p3/4P3/1B3N2/PPPPQPPP/RNB1R1K1 b kq - 1 8	c6a5	24	22
rnb1k2r/pp2nppp/4p3/q1ppP3/3P4/P1P5/2PB1PPP/1R1QKBNR b Kkq - 4 8	b7b6	-14	22
r1bqk2r/pp3ppp/2nBpn2/2pp4/3P4/P1P1P3/1P1N1PPP/R2QKBNR b KQkq - 0 7	d8d6	15	22
r1bq1rk1/ppp1npbp/3p1np1/3Pp3/2P1P3/P1N2N2/1P2BPPP/R1BQK2R w KQ - 1 9	f3d2	47	22
r1bqk2r/pppnbppp/4pn2/3pN3/2P5/6P1/PP1PPPBP/RNBQK2R w KQkq - 5 6	d2d4	10	22
r1b1k2r/pp2nppp/2n1p3/q1ppP3/3P4/P1P5/2PB1PPP/1R1QKBNR w Kkq - 5 9	h2h4	47	22
rnbq1rk1/ppp2ppp/4pn2/3p4/2PP4/b4NP1/PP2PPBP/R1BQK2R w KQ - 0 7	b2a3	-3	22
r1bq1rk1/pp3ppp/2n2n2/2bp4/8/N4NP1/PP2PPBP/R1BQ1RK1 w - - 0 10	c1g5	-4	22
r1bq1rk1/pp3ppp/2n2n2/2bp2B1/8/N4NP1/PP2PPBP/R2Q1RK1 b - - 1 10	c8e6	5	22
r1bqkbnr/pp3ppp/2n5/2pp4/3P4/P4N2/1PPN1PPP/R1BQKB1R b KQkq - 2 6	c5c4	8	22
r2qkb1r/1p3ppp/p1npbn2/4p1B1/4P3/N1N2P2/PPP3PP/R2QKB1R b KQkq - 3 9	f8e7	30	22
rn1qkb1r/pp2pppp/2p2n2/7P/3Pb3/6N1/PPP2PP1/R1BQKBNR w KQkq - 1 8	h1h4	213	22
r1bqk2r/1p2ppbp/p1np1np1/2pN4/P3P3/3PB1P1/1PP2PBP/R2QK1NR b KQkq - 1 8	f6g4	12	22
r1bqkbnr/pp3ppp/2n5/3p4/3p4/P4N2/1PPN1PPP/R1BQKB1R w KQkq - 0 7	f1d3	2	22
rn2kb1r/pp2pppp/1qp2nb1/8/3P1B2/5NN1/PPP2PPP/R2QKB1R w KQkq - 7 8	f1d3	23	22
rnbq1rk1/ppp2ppp/3b4/3p4/3Pn3/2PB1N1P/PP3PP1/RNBQK2R w KQ - 3 9	e1g1	-3	22
r1bqk2r/1p2ppbp/p1np2p1/2pN4/P3P1n1/3PB1P1/1PP2PBP/R2QK1NR w KQkq - 2 9	e3c1	-12	22
rnbq1rk1/ppp2ppp/4pn2/3p4/2PP4/P4NP1/P3PPBP/R1BQK2R b KQ - 0 7	d5c4	-1	22
r2qk2r/1p2bppp/p1npbn2/4p1B1/4P3/N1N2P2/PPP3PP/R2QKB1R w KQkq - 4 10	a3c4	-33	22
r1bqk2r/pp2ppbp/2n2np1/2pP4/8/2N1PNP1/PP1P1PBP/R1BQK2R b KQkq - 0 7	f6d5	31	22
r1bqk2r/pp2ppbp/2n3p1/2pn4/8/2N1PNP1/PP1P1PBP/R1BQK2R w KQkq - 0 8	e1g1	-22	22
r1bqkb1r/pp3ppp/2n2n2/3pp3/3P4/2PB4/PP1N1PPP/R1BQK1NR w KQkq - 0 7	d4e5	32	22
r1bqk2r/pppp1ppp/2n2n2/1Bb5/3NP3/2P5/PP3PPP/RNBQ1RK1 b kq - 2 7	e8g8	9	22
r1bqk2r/pp2ppbp/2n2np1/2pP4/8/2N2NPP/PP1PPPB1/R1BQK2R b KQkq - 0 7	f6d5	38	22
r1bqkb1r/ppp2ppp/2n5/3p4/3Pn3/4BN2/PPP2PPP/RN1QKB1R w KQkq - 2 7	b1d2	-10	22
r1bqkb1r/ppp2ppp/2N2n2/3p4/4P3/5P2/PPP3PP/RNBQKB1R b KQkq - 0 6	b7c6	86	22
r1bqk2r/pp2ppbp/2n3p1/2pn4/8/2N2NPP/PP1PPPB1/R1BQK2R w KQkq - 0 8	h3h4	-39	22
r1bqk2r/pp2ppbp/2n3p1/2pn4/8/2N2NPP/PP1PPPB1/R1BQ1RK1 b kq - 1 8	e8g8	35	22
r1bq1rk1/pp2ppbp/2n2np1/2pp4/P1P5/2NP1NP1/1P2PPBP/R1BQK2R w KQ - 0 8	c4d5	-20	22
r1bq1rk1/pp1pppbp/2n2np1/2p5/P1P5/2NP1NP1/1P2PPBP/R1BQK2R b KQ - 0 7	d7d5	8	22
r1bqk2r/pp3ppp/2nbpn2/1Bpp4/3P1B2/2P1P2N/PP1N1PPP/R2QK2R b KQkq - 3 7	e8g8	22	22
r1b1k2r/pp3ppp/2nqpn2/2pp4/3P4/P1P1P3/1P1N1PPP/R2QKBNR w KQkq - 0 8	g1f3	-10	22
r1bq1rk1/ppp2pbp/n4np1/4p3/2P1P3/2NQ1N2/PP2BPPP/R1B1K2R w KQ - 0 9	d3d8	-10	22
rnbq1rk1/ppp2pbp/3p1np1/8/2PNP3/2NQ4/PP2BPPP/R1B1K2R b KQ - 0 8	b8d7	-11	22
rnbqk2r/ppp1bppp/4pn2/8/Q1p5/3P1NP1/PP2PPBP/RNB1K2R b KQkq - 1 6	c8d7	-22	22
r1bq1rk1/pppn1pbp/3p1np1/8/2PNP3/2NQ4/PP2BPPP/R1B1K2R w KQ - 1 9	f2f3	11	22
r1bqk2r/ppp1bppp/2n1pn2/8/Q1p5/3P1NP1/PP2PPBP/RNB1K2R w KQkq - 2 7	f3e5	69	22
r1bqk2r/pp3ppp/2nbpn2/2pp4/3P1B2/2P1P2N/PP1N1PPP/R2QKB1R w KQkq - 2 7	f4d6	-11	22
rnbq1rk1/pp3ppp/4pn2/b1p5/2BP4/P1N1P2P/1P3PP1/R1BQK1NR w KQ - 1 9	g1e2	-2	22
rnbqk2r/1p2bppp/p2ppn2/8/4PPP1/1NN5/PPP4P/R1BQKB1R b KQkq - 0 8	d6d5	-13	22
r1bqkb1r/pp3ppp/2n1pn2/3p4/3p1B2/2P1P2P/PP1N1PP1/R2QKBNR w KQkq - 0 7	c3d4	13	22
r1bqk2r/pp3ppp/2nBpn2/2pp4/3P4/2P1P2N/PP1N1PPP/R2QKB1R b KQkq - 0 7	d8d6	4	22
rnbq1rk1/pp3ppp/4pn2/b1p5/2BP4/P1N1PN1P/1P3PP1/R1BQK2R b KQ - 2 9	d8c7	27	22
r1bqk2r/pp2ppbp/3p1np1/8/3nP3/2N1B3/PPPQBPPP/R3K2R w KQkq - 0 9	e3d4	47	22
rnbqk2r/1p2bppp/p3pn2/3p4/4PPP1/1NN5/PPP4P/R1BQKB1R w KQkq - 0 9	f1g2	25	22
rnbqk2r/ppp2ppp/8/3p4/1b1Pn3/2P2N1P/PP3PP1/RNBQKB1R b KQkq - 0 7	b4d6	0	22
r1bqk1nr/pp2ppbp/2np2p1/2p5/P3P3/2NP2P1/1PP2PBP/R1BQK1NR b KQkq - 0 6	e7e6	6	22
r1bqkb1r/p1p2ppp/2p2n2/3p4/4P3/2N2P2/PPP3PP/R1BQKB1R b KQkq - 1 7	f8c5	95	22
r1bqkb1r/p1p2ppp/2p2n2/3p4/4P3/5P2/PPP3PP/RNBQKB1R w KQkq - 0 7	e4d5	-77	22
r1bqk2r/1p2ppbp/p1np2p1/2pN4/P3P1n1/3P2P1/1PP2PBP/R1BQK1NR b KQkq - 3 9	e8g8	13	22
r1bqk1nr/pp2pp1p/2np2p1/2p5/P3P3/2bP2P1/1PP2PBP/R1BQK1NR w KQkq - 0 7	b2c3	136	22
r3kbnr/pp1b1ppp/4p3/1B1pP3/1n1P4/1P3N2/1P3PPP/RNB1K2R w KQkq - 3 10	b5d7	-67	22
r1bqk1nr/pp2pp1p/2np2p1/2p5/P3P3/2PP2P1/2P2PBP/R1BQK1NR b KQkq - 0 7	f7f5	-130	22
r1bqk2r/pp2pp1p/2np1np1/2p5/P3P3/2PP2P1/2P2PBP/R1BQK1NR w KQkq - 1 8	h2h3	135	22
r3kbnr/pp1B1ppp/4p3/3pP3/1n1P4/1P3N2/1P3PPP/RNB1K2R b KQkq - 0 10	e8d7	70	22
r4bnr/pp1k1ppp/4p3/3pP3/1n1P4/1P3N2/1P3PPP/RNB2RK1 b - - 1 11	h7h5	58	22
r4bnr/pp1k1ppp/4p3/3pP3/1n1P4/1P3N2/1P3PPP/RNB1K2R w KQ - 0 11	e1e2	-73	22
rnbq1rk1/ppp1bppp/5n2/3p4/3P4/P4NP1/1P2PPBP/RNBQK2R b KQ - 0 7	c7c6	37	22
rnbq1rk1/ppp1bppp/5n2/3p4/8/P4NP1/1P1PPPBP/RNBQK2R w KQ - 0 7	e1g1	-21	22
r1bqk2r/pp1pppbp/2n2np1/2p5/2P4P/2N2NP1/PP1PPPB1/R1BQK2R b KQkq - 0 6	e8g8	14	22
r1b1kbnr/pp3ppp/2n1p3/3pP3/3P4/1P3N2/1P3PPP/RNB1KB1R b KQkq - 0 8	c8d7	19	22
rnbqk2r/pp2b1pp/2p1pn2/3p1p2/2PP3P/5NP1/PPQ1PPB1/RNB1K2R b KQkq - 1 7	e8g8	-33	22
rn1qk2r/pbp1bppp/1p1ppn2/8/2PP1B2/5NP1/PP2PPBP/RN1Q1RK1 b kq - 1 7	e8g8	-9	22
rnbq1rk1/pp2b1pp/2p1pn2/3p1p2/2PP3P/5NP1/PPQ1PPB1/RNB1K2R w KQ - 2 8	c1f4	35	22
r1bq1rk1/pp1pppbp/2n2np1/2p5/2P4P/2N2NP1/PP1PPPB1/R1BQK2R w KQ - 1 7	d2d3	-28	22
r1b1k1nr/pp3ppp/2n1p3/3pP3/1b1P4/1P3N2/1P3PPP/RNB1KB1R w KQkq - 1 9	c1d2	-19	22
r1bqkb1r/ppp2ppp/2n5/3p4/3Pn3/5N2/PPPN1PPP/R1BQKB1R w KQkq - 2 7	f1d3	22	22
r1bqk2r/pp2bppp/2n1pn2/8/2Pp4/3P1NP1/PPQ2PBP/RNB1K2R w KQkq - 1 9	c1g5	-10	22
r1bqkb1r/5ppp/p2p4/1p1Pp3/3n4/N4P2/PPP3PP/R1BQKB1R w KQkq - 1 11	f1d3	-19	22
r1bqk2r/pp2bppp/2n1pn2/8/2Pp4/3P1NP1/PPQ2PBP/RNB2RK1 b kq - 2 9	f6d7	34	22
r1b1k2r/pp3ppp/2nqpn2/2Pp4/8/2P1P2N/PP1N1PPP/R2QKB1R b KQkq - 0 8	d6c5	44	22
r1b1k2r/pp3ppp/2nqpn2/2pp4/3P4/2P1P2N/PP1N1PPP/R2QKB1R w KQkq - 0 8	f2f4	-15	22
rnbqk1nr/1p3ppp/p7/2bp4/P7/1N6/1PP2PPP/R1BQKBNR b KQkq - 1 7	c5a7	3	22
r1bqk2r/pp2ppbp/2n3p1/2pn4/8/2N1PNP1/PP1P1PBP/R1BQ1RK1 b kq - 1 8	e8g8	33	22
r1bqk2r/pp2ppbp/2np1np1/2p5/P3P3/2NPB1P1/1PP2PBP/R2QK1NR b KQkq - 0 7	a8b8	13	22
r1bqk2r/pp2ppbp/2np2p1/2p5/P3P1n1/2NPB1P1/1PP2PBP/R2QK1NR w KQkq - 1 8	e3c1	-3	22
r1bqk2r/pp2ppbp/2n3p1/2p5/8/2n1PNP1/PP1P1PBP/R1BQ1RK1 w kq - 0 9	d2c3	5	22
rnbqk2r/ppp2ppp/3b4/3p4/3P4/3B1N2/PPPn1PPP/R1BQK2R w KQkq - 0 8	c1d2	22	22
r1bq1rk1/ppp1bppp/2n2n2/3pp3/P1B1P3/3P1N2/1PPN1PPP/R1BQ1RK1 w - - 0 8	e4d5	56	22
rnbqkb1r/pp3p1p/3p1np1/4p3/3NP3/2N4P/PPP2PP1/R1BQKB1R w KQkq - 0 7	f1b5	90	22
r1bq1rk1/pp2bppp/2n1pn2/3p4/2pP4/2P1P1B1/PPBNNPPP/R2QK2R b KQ - 1 9	b7b5	-8	22
r1bqkb1r/pp3ppp/2n1pn2/1N1p4/4P3/2N5/PPP2PPP/R1BQKB1R w KQkq - 0 7	e4d5	323	22
r1bq1rk1/pp2bppp/2n1p3/3p3n/2pP4/2P1P1B1/PPBNNPPP/R2QK2R w KQ - 2 10	e2f4	27	22
r1bqr1k1/pp3pbp/2np1np1/2p5/2P1P3/2N1BN2/PPQ1BPPP/R3K2R w KQ - 2 11	e1g1	-13	22
rnbqr1k1/pp3pbp/3p1np1/2p5/2P1P3/2N1BN2/PPQ1BPPP/R3K2R b KQ - 1 10	b7b6	11	22
r2q1rk1/ppp1npbp/3p1np1/3Pp3/2P1P1b1/P1N2N2/1P2BPPP/R1BQ1RK1 w - - 3 10	b2b4	90	22
r1bq1rk1/2p1bppp/p2p1n2/4p3/1p2P3/1P1P1N1P/1PP1NPP1/R1BQR1K1 b - - 1 12	a6a5	-1	22
r2q1rk1/ppp2pbp/2n1bnp1/4p3/2P1P3/2N1BN2/PP2BPPP/R2Q1RK1 w - - 4 10	h2h3	28	22
r1bq1rk1/4bppp/p2p1n2/2p1p3/1p2P3/1P1P1N1P/1PP1NPP1/R1BQR1K1 w - - 0 13	c2c3	-7	22
rn1qkb1r/pp3ppp/2p1p3/3n1b2/P1BP1B2/2N1PN2/1P3PPP/R2QK2R b KQkq - 0 8	d5f4	25	22
rn1qkb1r/pp3ppp/2p1p3/5b2/P1BP1n2/2N1PN2/1P3PPP/R2QK2R w KQkq - 0 9	e3f4	-23	22
rn1qkb1r/pp3ppp/2p1p3/5b2/P1BP1P2/2N2N2/1P3PPP/R2QK2R b KQkq - 0 9	f8b4	25	22
rnbq1rk1/ppp2ppp/3b4/3p4/3Pn3/2P2N1P/PP2BPP1/RNBQ1RK1 b - - 4 9	c8f5	3	22
rn1qk2r/pp3ppp/2pbp3/5b2/P1BP1P2/2N2N2/1P3PPP/R2QK2R w KQkq - 1 10	g2g3	-17	22
rnbqk2r/ppp2ppp/3b4/3p4/3P4/3B1N2/PPPB1PPP/R2QK2R b KQkq - 0 8	d8e7	-23	22
rn2kbnr/pp2pppp/1qp3b1/8/3P1B2/6N1/PPP2PPP/R2QKBNR w KQkq - 5 7	h2h4	15	22
r1bq1rk1/pp2npbp/2pp1np1/P2Pp3/4P3/2N2N2/1PP1BPPP/R1BQ1RK1 w - - 0 10	f1e1	8	22
rn1qkb1r/pp2pppp/2p2n2/7P/3PN3/8/PPP2PP1/R1BQKBNR b KQkq - 0 8	f6e4	-168	22
rn1qkb1r/pp2pppp/2p5/7P/3Pn3/8/PPP2PP1/R1BQKBNR w KQkq - 0 9	g1f3	163	22
rnbqk2r/ppp3pp/3bpn2/3p1p2/2PP3P/5NP1/PP2PPB1/RNBQK2R b KQkq - 0 6	e8g8	-34	22
r1bq1rk1/pp3ppp/2nbpn2/3p4/2pP4/P1P1PNB1/1P1N1PPP/R2QKB1R w KQ - 0 9	f1e2	9	22
rnbqk2r/ppp3pp/3bpn2/5p2/2pP3P/5NP1/PP2PPB1/RNBQK2R w KQkq - 0 7	b1d2	78	22
r1bqr1k1/pppp1p2/2n2n1p/1Bb3p1/3NP2B/2P5/PP3PPP/RN1QR1K1 w - - 0 11	h4g3	-13	22
r1bqr1k1/pppp1p2/2n2n1p/1Bb3p1/3NP3/2P3B1/PP3PPP/RN1QR1K1 b - - 1 11	f6e4	8	22
r1b1kb1r/1p2pppp/pqnp4/8/4P1n1/1NN5/PPPBQPPP/R3KB1R b KQkq - 5 9	c6b4	-123	22
r1b1kb1r/1p2pppp/pq1p4/8/1n2P1n1/1NN5/PPPBQPPP/R3KB1R w KQkq - 6 10	d2c1	122	22
r1bq1rk1/ppp1bppp/2n2n2/3Pp3/P1B5/3P1N2/1PPN1PPP/R1BQ1RK1 b - - 0 8	f6d5	-60	22
r1bq1rk1/ppp1bppp/2n5/3np3/P1B5/3P1N2/1PPN1PPP/R1BQ1RK1 w - - 0 9	f1e1	66	22
r2q1rk1/ppp2ppp/2n2n2/3p4/1b1P2b1/2NBP3/PP2NPPP/R1BQ1RK1 w - - 4 9	a2a3	64	22
rnbqk2r/ppp3pp/3bpn2/5p2/2pP4/5NP1/PP2PPBP/RNBQ1RK1 w kq - 0 7	b1d2	108	22
r1bqkb1r/pp3ppp/2n2n2/3pP3/8/2PB4/PP1N1PPP/R1BQK1NR b KQkq - 0 7	c6e5	-33	22
r1bqkb1r/pp3ppp/5n2/3pn3/8/2PB4/PP1N1PPP/R1BQK1NR w KQkq - 0 8	d1e2	28	22
rnbqk2r/ppp3pp/3bpn2/5p2/2pP4/1P3NP1/P3PPBP/RNBQK2R w KQkq - 0 8	b3c4	104	22
r1bqkb1r/pp3ppp/5n2/3pn3/8/2PB4/PP1NQPPP/R1B1K1NR b KQkq - 1 8	d8e7	-34	22
rnbqk2r/ppp1bppp/4pn2/8/2P5/3pPNP1/PPQP1PBP/RNB1K2R w KQkq - 0 7	c2c3	26	22
r2q1rk1/pp2npbp/2npb1p1/2p1p3/4P3/P1NP2PP/1PP1NPB1/R1BQ1RK1 w - - 5 10	c3d5	-19	22
rnbqk2r/pp3ppp/2pb4/3p4/3Pn3/3B1N2/PPP2PPP/RNBQ1RK1 b kq - 3 8	e8g8	6	22
r2qkb1r/pp1bpppp/3p1n2/1B4B1/3QP3/2N5/PPP2PPP/R3K2R b KQkq - 0 8	d7b5	-46	22
rnbq1rk1/pp3ppp/2pb4/3p4/3Pn3/3B1N2/PPP2PPP/RNBQ1RK1 w - - 4 9	c2c4	-2	22
r2qkb1r/pp2pppp/3p1B2/1b6/3QP3/2N5/PPP2PPP/R3K2R b KQkq - 0 9	g7f6	-54	22
r2qkb1r/pp3ppp/3p1p2/1b6/3QP3/2N5/PPP2PPP/R3K2R w KQkq - 0 10	c3b5	177	22
r2qkb1r/pp3ppp/3p1p2/1N6/3QP3/8/PPP2PPP/R3K2R b KQkq - 0 10	f8e7	-181	22
r2qkb1r/pp2pppp/3p1n2/1b4B1/3QP3/2N5/PPP2PPP/R3K2R w KQkq - 0 9	g5f6	57	22
r3kb1r/pp3ppp/3p1p2/qN6/3QP3/8/PPP2PPP/R3K2R w KQkq - 1 11	b5c3	252	22
2r1kb1r/pp3ppp/3p1p2/q7/3QP3/2N5/PPP2PPP/R3K2R w KQk - 3 12	e1c1	280	22
r3kb1r/pp3ppp/3p1p2/q7/3QP3/2N5/PPP2PPP/R3K2R b KQkq - 2 11	d6d5	-252	22
2r1kb1r/pp3ppp/3p1p2/q7/3QP3/2N5/PPP2PPP/R4RK1 b k - 4 12	f8e7	-182	22
4kb1r/ppr2ppp/3p1p2/q7/3QP3/2N5/PPP2PPP/R4RK1 w k - 5 13	c3d5	374	22
4kb1r/ppr2ppp/3p1p2/q7/3QP3/2N5/PPP2PPP/2R2RK1 b k - 6 13	c7c6	-286	22
4kbr1/ppr2ppp/3p1p2/q7/3QP3/2N5/PPP2PPP/2R2RK1 w - - 7 14	c3d5	488	22
4kbr1/ppr2ppp/3p1p2/q2N4/3QP3/8/PPP2PPP/2R2RK1 b - - 8 14	c7d7	-512	22
4kbr1/pp1r1ppp/3p1p2/3N4/3QP3/8/qPP2PPP/3R1RK1 w - - 0 16	d1a1	896	22
4kbr1/pp1r1ppp/3p1p2/3N4/3QP3/8/qPP2PPP/R4RK1 b - - 1 16	a2d5	-941	22
4kbr1/pp1r1ppp/3p1p2/q2N4/3QP3/8/PPP2PPP/2R2RK1 w - - 9 15	b2b4	526	22
4kbr1/pp1r1ppp/3p1p2/3N4/3QP3/8/1PP2PPP/q4RK1 w - - 0 17	f1a1	985	22
4kbr1/pp1r1ppp/3p1p2/q2N4/3QP3/8/PPP2PPP/3R1RK1 b - - 10 15	a7a6	-544	22
4kbr1/pp1r1ppp/3p1p2/3N4/3QP3/8/1PP2PPP/R5K1 b - - 0 17	a7a6	-990	22
rnbq1rk1/ppp2ppp/3b4/3p4/3Pn3/2PB1N1P/PP3PP1/RNBQ1RK1 b - - 4 9	c8f5	-7	22
r3kb1r/pp1b1ppp/1qn1p3/3pPn2/N2P4/5N1P/PP2BPP1/R1BQK2R b KQkq - 4 10	b6a5	0	22
r1bqkb1r/pp3ppp/2n1pn2/3p4/3P1B2/4P3/PP1NBPPP/R2QK1NR b KQkq - 0 7	f8e7	3	22
rnbq1rk1/pp3ppp/2pb4/3p4/2PPn3/2N2N2/PP2BPPP/R1BQ1RK1 b - - 3 9	f8e8	2	22
r1bqk2r/pp3ppp/2nbpn2/3p4/3P1B2/4P3/PP1NBPPP/R2QK1NR w KQkq - 1 8	f4d6	9	22
rn1q1rk1/ppp2ppp/3b4/3p1b2/3Pn3/2PB1N1P/PP3PP1/RNBQ1RK1 w - - 5 10	f1e1	0	22
rnbqr1k1/ppp2pbp/3p1np1/8/2PNP3/P1N2P2/1P2B1PP/R1BQK2R b KQ - 0 9	c7c6	-8	22
rnbqkb1r/pp3p1p/3p1np1/4p3/4P3/2N2N2/PPP1BPPP/R1BQK2R b KQkq - 1 7	h7h6	-43	22
r1bqkb1r/pp3p1p/2np1np1/4p3/4P3/2N2N2/PPP1BPPP/R1BQK2R w KQkq - 2 8	c1g5	61	22
r1bq1rk1/pp2npbp/2np2p1/2p1p3/4P3/P1NP1NPP/1PP2PB1/R1BQK2R w KQ - 3 9	e1g1	-37	22
r1bq1rk1/pp2npbp/2np2p1/2p1p3/4P3/P1NP1NPP/1PP2PB1/R1BQ1RK1 b - - 4 9	c8e6	35	22
rnbqr1k1/1pp2pbp/p2p1np1/8/2PNP3/P1N2P2/1P2B1PP/R1BQ1RK1 b - - 1 10	c7c5	-24	22
rnbqr1k1/1pp2pbp/p2p1np1/8/2PNP3/P1N2P2/1P2B1PP/R1BQK2R w KQ - 0 10	e1g1	34	22
r1b1k2r/pp3ppp/2n1pn2/2qp4/8/2P1P2N/PP1N1PPP/R2QKB1R w KQkq - 0 9	h3f4	-47	22
rnbqr1k1/1p3pbp/p2p1np1/2p5/2PNP3/P1N2P2/1P2B1PP/R1BQ1RK1 w - - 0 11	d4c2	25	22
r1bqkb1r/1p3ppp/p2ppn2/8/2PnP3/2N5/PP3PPP/R1BQKB1R w KQkq - 0 9	d1d4	51	22
r1b1k2r/pp3ppp/2n1pn2/2qp4/5N2/2P1P3/PP1N1PPP/R2QKB1R b KQkq - 1 9	e8g8	39	22
r1bqkb1r/1p3ppp/p2ppn2/8/2PQP3/2N5/PP3PPP/R1B1KB1R b KQkq - 0 9	f8e7	-50	22
r1bq1rk1/ppp1bppp/2n1pn2/3p4/2P5/1P1P1NP1/P3PPBP/RNBQ1RK1 b - - 0 7	d5d4	3	22
r1bqkb1r/1p3ppp/p2p1n2/4p3/2PQP3/2N5/PP3PPP/R1B1KB1R w KQkq - 0 10	d4d3	90	22
r1bqk2r/ppp1bppp/2n1pn2/3P4/8/5NP1/PPQPPPBP/RNB1K2R b KQkq - 0 6	e6d5	15	22
r1bqk2r/ppp1bppp/2n2n2/3p4/8/5NP1/PPQPPPBP/RNB1K2R w KQkq - 0 7	a2a3	-12	22
r1bq1rk1/pp2npbp/2np2p1/2pNp3/4P3/3P2PP/PPP1NPB1/R1BQ1RK1 b - - 5 9	e7d5	31	22
rnbqk2r/ppp3pp/4pn2/5p2/1bPP4/5NP1/P3PPBP/RNBQK2R w KQkq - 1 9	b1d2	131	22
rnbqk2r/ppp3pp/3bpn2/5p2/2PP4/5NP1/P3PPBP/RNBQK2R b KQkq - 0 8	c7c5	-99	22
r1b2rk1/pp1nqppp/2pbpn2/2Pp4/P2P4/2N1PN2/1P2BPPP/R1BQ1RK1 b - - 0 9	d6c7	31	22
rnbqk2r/ppp3pp/3bpn2/3p1p2/3P4/1PP2NP1/P3PPBP/RNBQ1RK1 b kq - 2 7	f6e4	-24	22
rnbqkb1r/pp1n1ppp/4p3/1N1pP3/3p1P2/3B4/PPP3PP/R1BQK1NR b KQkq - 1 7	b8c6	61	22
r1bqk2r/pp2bppp/2n1pn2/2pp4/3P4/2P1PNB1/PP1N1PPP/R2QKB1R b KQkq - 3 7	f6h5	4	22
r1b2rk1/ppbnqppp/2p1pn2/P1Pp4/3P4/2N1PN2/1P2BPPP/R1BQ1RK1 b - - 0 10	e6e5	54	22
r1b2rk1/ppbnqppp/2p1pn2/2Pp4/P2P4/2N1PN2/1P2BPPP/R1BQ1RK1 w - - 1 10	f3e1	-31	22
rnbqk2r/ppp2ppp/3b4/3p4/2PPn3/P4N2/1P3PPP/RNBQKB1R b KQkq - 0 7	c7c6	6	22
r1bq1rk1/pp2bppp/2n1pn2/2pp4/3P4/2P1PNB1/PP1N1PPP/R2QKB1R w KQ - 4 8	h2h3	1	22
rnbq1rk1/ppp2ppp/3b4/3p4/2PPn3/P4N2/1P3PPP/RNBQKB1R w KQ - 1 8	c4d5	-2	22
r1bq1rk1/ppp2ppp/2n5/1B1pp3/4n3/2P2N1P/PPP2PP1/R1BQR1K1 w - - 0 9	b5c6	47	22
rnbq1rk1/pp3ppp/4pn2/2p5/2BP4/P1b1P3/1PQ2PPP/R1B1K1NR w KQ - 0 9	b2c3	1	22
rnbq1rk1/pp3ppp/4pn2/2p5/2BP4/P1P1P3/2Q2PPP/R1B1K1NR b KQ - 0 9	b7b6	5	22
r1bqk2r/p1p2ppp/2p2n2/2bp2B1/4P3/2N2P2/PPP3PP/R2QKB1R b KQkq - 3 8	h7h6	102	22
rnbq1rk1/pp3ppp/4pn2/8/1bBp4/2N1PN1P/PP3PP1/R1BQK2R w KQ - 0 9	e3d4	-17	22
r1bqk2r/pp3pbp/2np1np1/2p1p3/4P3/P1NP1NPP/1PP2PB1/R1BQK2R b KQkq - 2 8	e8g8	24	22
r1bq1rk1/pp3pbp/2np1np1/2p1p3/4P3/P1NP1NPP/1PP2PB1/R1BQK2R w KQ - 3 9	e1g1	-24	22
rnbqk2r/bp3ppp/p4n2/3p4/P7/1N3N2/1PP2PPP/R1BQKB1R w KQkq - 4 9	d1e2	-7	22
r1b1kb1r/pp2qppp/5n2/3pn3/8/2PB4/PP1NQPPP/R1B1K1NR w KQkq - 2 9	d3c2	33	22
r1bqk2r/p1p2ppp/2p2n2/2bp4/4P3/2N2P2/PPP3PP/R1BQKB1R w KQkq - 2 8	e4e5	-99	22
rnbqk2r/bp3ppp/p4n2/3p4/P7/1N1B1N2/1PP2PPP/R1BQK2R b KQkq - 5 9	e8g8	18	22
r1bq1rk1/pp2ppbp/2n3p1/2pn4/8/2N2NPP/PP1PPPB1/R1BQ1RK1 w - - 2 9	d1a4	-44	22
r1bq1rk1/pp2ppbp/2n3p1/2pN4/8/5NPP/PP1PPPB1/R1BQ1RK1 b - - 0 9	d8d5	45	22
r1b1kb1r/pp2qppp/5n2/3pn3/8/2P5/PPBNQPPP/R1B1K1NR b KQkq - 3 9	c8g4	-30	22
r2qk2r/ppp2ppp/2p5/4pb2/4n1P1/P1P2N2/2PPQP1P/R1B1K2R b KQkq - 0 9	f5g6	-9	22
r1b2rk1/pp2ppbp/2n3p1/2pq4/8/5NPP/PP1PPPB1/R1BQ1RK1 w - - 0 10	d2d3	-45	22
r1b2rk1/pp2ppbp/2n3p1/2pq4/8/3P1NPP/PP2PPB1/R1BQ1RK1 b - - 0 10	b7b6	44	22
r2qk2r/ppp2ppp/2p3b1/4p3/4n1P1/P1P2N2/2PPQP1P/R1B1K2R w KQkq - 1 10	d2d3	15	22
r2qkb1r/1p3ppp/p1npbn2/3Np3/2B1P3/N4P2/PPP3PP/R1BQK2R b KQkq - 1 10	c6e7	24	22
rn1qkbnr/pp3pp1/2p1p1bp/7P/3P4/4B1N1/PPP2PP1/R2QKBNR b KQkq - 0 8	g6h7	-20	22
r2qkb1r/1p2nppp/p2pbn2/3Np3/2B1P3/N4P2/PPP3PP/R1BQK2R w KQkq - 2 11	d5f6	2	22
rn1qkbnr/pp3ppb/2p1p2p/7P/3P4/4B1N1/PPP2PP1/R2QKBNR w KQkq - 1 9	f1d3	22	22
r1bqk2r/pp1p1ppp/1bn1pn2/8/4P3/PNNB4/1PP2PPP/R1BQK2R b KQkq - 6 8	d7d5	-4	22
r1bqk2r/ppp1bppp/2n1pn2/4N3/Q1p5/3P2P1/PP2PPBP/RNB1K2R b KQkq - 3 7	d8d6	-64	22
r1bq1rk1/pp1pppbp/2n2np1/2p5/Q1P5/2N2NP1/PP1PPPBP/R1B2RK1 b - - 7 7	d7d6	18	22
r1bq1rk1/ppp1bppp/2n1pn2/4N3/Q1p5/3P2P1/PP2PPBP/RNB1K2R w KQ - 4 8	e5c6	110	22
r1bq1rk1/ppp1bppp/2N1pn2/8/Q1p5/3P2P1/PP2PPBP/RNB1K2R b KQ - 0 8	b7c6	-109	22
r1bq1rk1/p1p1bppp/2p1pn2/8/Q1p5/3P2P1/PP2PPBP/RNB1K2R w KQ - 0 9	a4c6	124	22
r1bqkb1r/pp3p1p/2np1np1/4p3/4P3/2N2N2/PPP1BPPP/R1BQ1RK1 b kq - 3 8	f8g7	-53	22
r2qkb1r/pp3p1p/2npbnp1/4p3/4P3/2N2N2/PPP1BPPP/R1BQ1RK1 w kq - 4 9	f3g5	74	22
r2qkb1r/pp3p1p/3pbnp1/4p1N1/3nP3/2N5/PPP1BPPP/R1BQ1RK1 w kq - 6 10	g5e6	78	22
r2qkb1r/pp3p1p/2npbnp1/4p1N1/4P3/2N5/PPP1BPPP/R1BQ1RK1 b kq - 5 9	c6d4	-83	22
r1bq1rk1/pp2ppbp/2n2np1/2pP4/P7/2NP1NP1/1P2PPBP/R1BQK2R b KQ - 0 8	f6d5	13	22
r1bq1rk1/pp2ppbp/2n3p1/2pn4/P7/2NP1NP1/1P2PPBP/R1BQK2R w KQ - 0 9	c3d5	-13	22
r3kb1r/pp1qpppp/2n2nb1/3p4/3P1B2/1QPB3P/PP1N1PP1/R3K1NR w KQkq - 3 10	d3g6	46	22
r1bqk2r/pp2ppbp/2n3p1/2p5/8/2P1PNP1/PP3PBP/R1BQ1RK1 b kq - 0 9	e8g8	0	22
r1b1k2r/pp2ppbp/2n3p1/2p5/8/2P1PNP1/PP3PBP/R1Bq1RK1 w kq - 0 10	f1d1	17	22
r1b1k2r/pp2ppbp/2n3p1/2p5/8/2P1PNP1/PP3PBP/R1BR2K1 b kq - 0 10	h7h6	-19	22
r2q1rk1/2p1bppp/p1np1n2/1p6/P2PP1b1/1BN2N2/1P3PPP/R1BQR1K1 b - - 2 12	d8d7	-76	22
r2q1rk1/2p1bppp/p1np1n2/8/Pp1PP1b1/1BN2N2/1P3PPP/R1BQR1K1 w - - 0 13	c3d5	83	22
r2q1rk1/2p1bppp/p1np1n2/3N4/Pp1PP1b1/1B3N2/1P3PPP/R1BQR1K1 b - - 1 13	g4f3	-86	22
r1b1k2r/pp3pbp/2n3p1/2p1p3/8/2P1PNP1/PP3PBP/R1BR2K1 w kq - 0 11	f3d2	35	22
r2q1rk1/2p1bppp/p1np1n2/3N4/Pp1PP3/1B3b2/1P3PPP/R1BQR1K1 w - - 0 14	g2f3	72	22
r2q1rk1/2p1bppp/p1np1n2/3N4/Pp1PP3/1B3P2/1P3P1P/R1BQR1K1 b - - 0 14	c6a5	-53	22
r2qr1k1/2p1bppp/p1np1n2/3N4/Pp1PP3/1B3P2/1P3P1P/R1BQR1K1 w - - 1 15	a4a5	341	22
r2qr1k1/2p1bppp/p1np1n2/3NP3/Pp1P4/1B3P2/1P3P1P/R1BQR1K1 b - - 0 15	f6h5	-210	22
r2qr1k1/2pnbppp/p1npP3/3N4/Pp1P4/1B3P2/1P3P1P/R1BQR1K1 b - - 0 16	f7e6	-415	22
r2qr1k1/2pnb1pp/p1npp3/3N4/Pp1P4/1B3P2/1P3P1P/R1BQR1K1 w - - 0 17	d5f4	386	22
r2qr1k1/2pnbppp/p1np4/3NP3/Pp1P4/1B3P2/1P3P1P/R1BQR1K1 w - - 1 16	e5e6	395	22
r2qr1k1/2pnN1pp/p1npp3/8/Pp1P4/1B3P2/1P3P1P/R1BQR1K1 b - - 0 17	c6e7	-170	22
r2qr1k1/2pnn1pp/p2pp3/8/Pp1P4/1B3P2/1P3P1P/R1BQR1K1 w - - 0 18	b3e6	148	22
r2qr1k1/2pnn1pp/p2pB3/8/Pp1P4/5P2/1P3P1P/R1BQR1K1 b - - 0 18	g8h8	-148	22
r2qr2k/2pnn1pp/p2pB3/8/Pp1P4/5P2/1P3P1P/R1BQR1K1 w - - 1 19	c1g5	157	22
r2qr2k/2pnn1p1/p2pB2p/6B1/Pp1P4/5P2/1P3P1P/R2QR1K1 w - - 0 20	f3f4	365	22
r2qr2k/2pnn1pp/p2pB3/6B1/Pp1P4/5P2/1P3P1P/R2QR1K1 b - - 2 19	d7f6	-152	22
r2qr2k/2pnnBp1/p2p3p/6B1/Pp1P4/5P2/1P3P1P/R2QR1K1 b - - 1 20	h6g5	-267	22
rnb2rk1/ppq1bppp/4pn2/2pp4/2P5/3P1NP1/PP2PPBP/RNBQ1RK1 b - - 2 8	b8c6	32	22
rnbq1rk1/pp3ppp/2pb4/3p4/3Pn3/2P2N1P/PP2BPP1/RNBQ1RK1 w - - 0 10	c3c4	-1	22
r1b2rk1/ppq1bppp/2n1pn2/2pp4/2P5/3P1NP1/PP2PPBP/RNBQ1RK1 w - - 3 9	c4d5	-29	22
rnbqkbnr/pp3ppp/8/1B1p4/P2p4/8/1PPN1PPP/R1BQK1NR b KQkq - 1 6	b8c6	1	22
rnbqr1k1/ppp2pbp/3p1np1/8/2PNP3/2N2P2/PP2B1PP/1RBQK2R b K - 0 9	c7c6	-20	22
r1bqkb1r/pp3ppp/2n1pn2/3p4/3P1B2/4P2P/PP1N1PP1/R2QKBNR b KQkq - 0 7	f8d6	-14	22
rnbqr1k1/1pp2pbp/p2p1np1/8/2PNP3/2N2P2/PP2B1PP/1RBQK2R w K - 0 10	e1g1	41	22
r1bqk2r/pp3ppp/2nbpn2/3p4/3P1B2/4P2P/PP1N1PP1/R2QKBNR w KQkq - 1 8	f4d6	10	22
r1bq1rk1/pp3pbp/2np1np1/2p1p3/2P4P/2NP1NP1/PP2PPB1/1RBQ1RK1 b - - 1 9	h7h6	0	22
r2q1rk1/pp3pbp/2np1np1/2p1pb2/2P4P/2NP1NP1/PP2PPB1/1RBQ1RK1 w - - 2 10	c1g5	53	22
r2q1rk1/pp3pbp/2np1np1/2p1pb2/2P1P2P/2NP1NP1/PP3PB1/1RBQ1RK1 b - - 0 10	f5g4	14	22
r2q1rk1/pp3pbp/2np1np1/2p1p3/2P1P1bP/2NP1NP1/PP3PB1/1RBQ1RK1 w - - 1 11	d1e1	-19	22
r2q1rk1/pp3pbp/2np1np1/2p1p3/2P1P1bP/P1NP1NP1/1P3PB1/1RBQ1RK1 b - - 0 11	c6d4	35	22
r2q1rk1/pp3pbp/3p1np1/2p1p3/2PnP1bP/P1NP1NP1/1P3PB1/1RBQ1RK1 w - - 1 12	b2b4	-35	22
r2q1rk1/pp3pbp/3p1np1/2p1p3/1PPnP1bP/P1NP1NP1/5PB1/1RBQ1RK1 b - - 0 12	b7b6	36	22
r2q1rk1/p4pbp/1p1p1np1/2p1p3/1PPnP1bP/P1NP1NP1/5PB1/1RBQ1RK1 w - - 0 13	c3b5	-42	22
r2q1rk1/p4pbp/1p1p1np1/1Np1p3/1PPnP1bP/P2P1NP1/5PB1/1RBQ1RK1 b - - 1 13	d4b5	52	22
r2q1rk1/5pbp/pp1p1np1/1Pp1p3/1P2P1bP/P2P1NP1/5PB1/1RBQ1RK1 w - - 0 15	b5a6	-20	22
r2q1rk1/p4pbp/1p1p1np1/1np1p3/1PP1P1bP/P2P1NP1/5PB1/1RBQ1RK1 w - - 0 14	c4b5	-32	22
r2q1rk1/p4pbp/1p1p1np1/1Pp1p3/1P2P1bP/P2P1NP1/5PB1/1RBQ1RK1 b - - 0 14	a8c8	41	22
r2q1rk1/5pbp/pp1p1np1/1PP1p3/4P1bP/P2P1NP1/5PB1/1RBQ1RK1 b - - 0 15	d6c5	35	22
r2q1rk1/5pbp/pp3np1/1Pp1p3/4P1bP/P2P1NP1/5PB1/1RBQ1RK1 w - - 0 16	d1c2	-24	22
r2q1rk1/5pbp/Pp3np1/2p1p3/4P1bP/P2P1NP1/5PB1/1RBQ1RK1 b - - 0 16	a8a6	30	22
3q1rk1/5pbp/rp3np1/2p1p3/4P1bP/P2P1NP1/5PB1/1RBQ1RK1 w - - 0 17	c1b2	-32	22
3q1rk1/5pbp/rp3np1/2p1p3/4P1bP/P2P1NP1/1B3PB1/1R1Q1RK1 b - - 1 17	f8e8	32	22
r1bq1rk1/pp2npbp/2pp1np1/P2Pp3/4P3/2N2N2/1PP1BPPP/R1BQR1K1 b - - 1 10	c6d5	-13	22
3q1rk1/3n1pbp/rp4p1/2p1p3/4P1bP/P2P1NP1/1B3PB1/1R1Q1RK1 w - - 2 18	d1c2	-39	22
3q1rk1/3n1pbp/rp4p1/2p1p3/4P1bP/P2P1NP1/1BQ2PB1/1R3RK1 b - - 3 18	d8e7	31	22
r1bq1rk1/pp2bppp/2n1pn2/8/2Pp4/3P1NP1/PPQ2PBP/RNB1R1K1 b - - 4 10	f6d7	54	22
r1bqk2r/pp2ppbp/2n3p1/2pN4/P7/5NP1/1P1PPPBP/R1BQK2R b KQkq - 0 8	d8d5	11	22
rnbqk2r/ppp3pp/3bpn2/5p2/2pP3P/5NP1/PP1NPPB1/R1BQK2R b KQkq - 1 7	c8d7	-81	22
r1b1k2r/pp2ppbp/2n3p1/2pq4/P7/5NP1/1P1PPPBP/R1BQK2R w KQkq - 0 9	d2d3	-8	22
r1bqk2r/ppp3pp/2nbpn2/5p2/2pP3P/5NP1/PP1NPPB1/R1BQK2R w KQkq - 2 8	d2c4	90	22
r1bqk2r/ppp3pp/2nbpn2/5p2/2NP3P/5NP1/PP2PPB1/R1BQK2R b KQkq - 0 8	e8g8	-76	22
r2q1rk1/1bp2pp1/p1np1n1p/1pb1p3/P3P3/2PP1N1P/1PBN1PP1/R1BQ1RK1 b - - 1 11	c5b6	-18	22
r2q1rk1/bbp2pp1/p1np1n1p/1p2p3/P3P3/2PP1N1P/1PBN1PP1/R1BQ1RK1 w - - 2 12	f1e1	31	22
r1bqk2r/ppp3pp/2n1pn2/5p2/1bNP3P/5NP1/PP2PPB1/R1BQK2R w KQkq - 1 9	c1d2	128	22
r2q1rk1/bbp2pp1/p1np1n1p/1p2p3/PP2P3/2PP1N1P/2BN1PP1/R1BQ1RK1 b - - 0 12	c6e7	-12	22
r2q1rk1/bbp2pp1/p1n2n1p/1p1pp3/PP2P3/2PP1N1P/2BN1PP1/R1BQ1RK1 w - - 0 13	c2b3	73	22
r2q1rk1/bbp2pp1/p1n2n1p/1p1pp3/PP2P3/2PP1N1P/1BBN1PP1/R2Q1RK1 b - - 1 13	d8d7	-30	22
r2qr1k1/bbp2pp1/p1n2n1p/1p1pp3/PP2P3/2PP1N1P/1BBN1PP1/R2Q1RK1 w - - 2 14	f1e1	41	22
r2qr1k1/bbp2pp1/p1n2n1p/1p2p3/PP1pP3/2PP1N1P/1BBN1PP1/R2QR1K1 w - - 0 15	c3d4	55	22
r2qr1k1/bbp2pp1/p1n2n1p/1p1pp3/PP2P3/2PP1N1P/1BBN1PP1/R2QR1K1 b - - 3 14	d8d7	-25	22
r2qr1k1/bbp2pp1/p1n2n1p/1p2p3/PP1pP3/1NPP1N1P/1BB2PP1/R2QR1K1 b - - 1 15	d4c3	-27	22
r3r1k1/bbp2pp1/p1nq1n1p/1p2p3/PP1pP3/1NPP1N1P/1BBQ1PP1/R3R1K1 b - - 3 16	d4c3	-34	22
r3r1k1/bbp2pp1/p1nq1n1p/1p2p3/PP1pP3/1NPP1N1P/1BB2PP1/R2QR1K1 w - - 2 16	d1d2	32	22
r3r1k1/bbp2pp1/p1nq1n1p/1p2p3/PP2P3/1NpP1N1P/1BBQ1PP1/R3R1K1 w - - 0 17	b2c3	23	22
1r2r1k1/bbp2pp1/p1nq1n1p/1p2p3/PP2P3/1NBP1N1P/2BQ1PP1/R3R1K1 w - - 1 18	a4b5	47	22
r3r1k1/bbp2pp1/p1nq1n1p/1p2p3/PP2P3/1NBP1N1P/2BQ1PP1/R3R1K1 b - - 0 17	f6d7	-33	22
1r2r1k1/bbp2pp1/p1nq1n1p/Np2p3/PP2P3/2BP1N1P/2BQ1PP1/R3R1K1 b - - 2 18	c6d4	-44	22
rn1qkbnr/pp3ppb/2p1p2p/7P/3P4/3BB1N1/PPP2PP1/R2QK1NR b KQkq - 2 9	h7d3	-15	22
rn1qkbnr/pp3pp1/2p1p2p/7P/3P4/3bB1N1/PPP2PP1/R2QK1NR w KQkq - 0 10	d1d3	14	22
rn1qkb1r/pp3pp1/2p1pn1p/7P/3P4/3QB1N1/PPP2PP1/R3K1NR w KQkq - 1 11	e1c1	29	22
rn1qkbnr/pp3pp1/2p1p2p/7P/3P4/3QB1N1/PPP2PP1/R3K1NR b KQkq - 0 10	d8a5	-6	22
r1bqk2r/pp3ppp/2nBpn2/3p4/3P4/4P3/PP1NBPPP/R2QK1NR b KQkq - 0 8	d8d6	-4	22
r1b1k2r/pp3ppp/2nqpn2/3p4/3P4/4P3/PP1NBPPP/R2QK1NR w KQkq - 0 9	g1f3	6	22
r1b1k2r/pp3ppp/2nqpn2/3p4/3P4/4PN2/PP1NBPPP/R2QK2R b KQkq - 1 9	e8g8	-6	22
r3k2r/pp1b1ppp/2nqpn2/3p4/3P4/4PN2/PP1NBPPP/R2QK2R w KQkq - 2 10	e1g1	3	22
r3k2r/pp1b1ppp/2nqpn2/3p4/3P4/1Q2PN2/PP1NBPPP/R3K2R b KQkq - 3 10	a7a5	-7	22
r3k2r/pp1b1ppp/3qpn2/3p4/1n1P4/PQ2PN2/1P1NBPPP/R3K2R b KQkq - 0 11	b4c6	-8	22
r3k2r/pp1b1ppp/3qpn2/3p4/1n1P4/1Q2PN2/PP1NBPPP/R3K2R w KQkq - 4 11	e1g1	18	22
r3k2r/pp1b1ppp/2nqpn2/3p4/3P4/PQ2PN2/1P1NBPPP/R3K2R w KQkq - 1 12	e1g1	6	22
r3k2r/pp1b1ppp/2nqpn2/3p4/3P4/PQ2PN2/1P1NBPPP/R4RK1 b kq - 2 12	e8g8	-5	22
r3k2r/ppqb1ppp/2n1pn2/3p4/3P4/PQ2PN2/1P1NBPPP/R4RK1 w kq - 3 13	f1c1	33	22
r3k2r/ppqb1ppp/2n1pn2/3p4/3P4/PQ2PN2/1P1NBPPP/2R2RK1 b kq - 4 13	e8g8	-18	22
r6r/ppqbkppp/2n1pn2/3p4/3P4/PQ1BPN2/1P1N1PPP/2R2RK1 b - - 6 14	h8c8	-34	22
r6r/ppqbkppp/2n1pn2/3p4/3P4/PQ2PN2/1P1NBPPP/2R2RK1 w - - 5 14	b3d3	69	22
r6r/ppqbkppp/2n1p3/3p4/3P2n1/PQ1BPN2/1P1N1PPP/2R2RK1 w - - 7 15	e3e4	161	22
r6r/ppqbkppp/2n1pn2/3p4/3PP3/PQ1B1N2/1P1N1PPP/2R2RK1 w - - 1 16	e4e5	290	22
r6r/ppqbkppp/2n1pn2/3pP3/3P4/PQ1B1N2/1P1N1PPP/2R2RK1 b - - 0 16	f6g8	-308	22
r6r/ppqbkppp/2n1p3/3p4/3PP1n1/PQ1B1N2/1P1N1PPP/2R2RK1 b - - 0 15	c7b6	-165	22
r1bqkbnr/pp3ppp/2n5/3p4/3p4/PN3N2/1PP2PPP/R1BQKB1R b KQkq - 1 7	f8d6	6	22
r1bqk1nr/pp3ppp/2nb4/3p4/3p4/PN3N2/1PP2PPP/R1BQKB1R w KQkq - 2 8	f1d3	3	22
r1bqk2r/pppnbppp/4pn2/3pN3/2PP4/6P1/PP2PPBP/RNBQK2R b KQkq - 0 6	c7c6	3	22
rnbq1rk1/pp3ppp/4pn2/8/1bBP4/2N2N1P/PP3PP1/R1BQK2R b KQ - 0 9	d8c7	12	22
r2qkb1r/1p2nppp/p2pbN2/4p3/2B1P3/N4P2/PPP3PP/R1BQK2R b KQkq - 0 11	g7f6	2	22
rnb2rk1/ppq2ppp/4pn2/8/1bBP4/2N2N1P/PP3PP1/R1BQK2R w KQ - 1 10	d1b3	-19	22
r1bqk2r/1p3pbp/p1npp1p1/2pN4/P3P1n1/3P2P1/1PP2PBP/R1BQK1NR w KQkq - 0 10	d1g4	0	22
r2qkb1r/1p2np1p/p2pbp2/4p3/2B1P3/N4P2/PPP3PP/R1BQK2R w KQkq - 0 12	c4e6	-3	22
r2qkb1r/1p2np1p/p2pBp2/4p3/4P3/N4P2/PPP3PP/R1BQK2R b KQkq - 0 12	f7e6	4	22
rnb1k2r/ppp1bppp/4pn2/8/2P5/5NP1/PP2PPBP/RNBqK2R w KQkq - 0 7	e1d1	-44	22
rnbqk2r/ppp1bppp/4pn2/8/2P5/5NP1/PP2PPBP/RNBQK2R b KQkq - 0 6	d8d1	36	22
r2qkb1r/1p2n2p/p2ppp2/4p3/4P3/N4P2/PPP3PP/R1BQK2R w KQkq - 0 13	f3f4	-4	22
rnb1k2r/ppp1bppp/4pn2/8/2P5/5NP1/PP2PPBP/RNBK3R b kq - 0 7	b8c6	33	22
r1b1k2r/ppp1bppp/2n1pn2/8/2P5/5NP1/PP2PPBP/RNBK3R w kq - 1 8	b1c3	-26	22
r1b1k2r/ppp1bppp/2n1pn2/8/2P5/2N2NP1/PP2PPBP/R1BK3R b kq - 2 8	c8d7	31	22
rnbq1rk1/pp3pp1/2pb3p/3p4/2PPn3/2N2N2/PP2BPPP/R1BQ1RK1 w - - 0 10	f1e1	2	22
r3k2r/pppbbppp/2n1pn2/8/2P5/2N2NP1/PP2PPBP/R1BK3R w kq - 3 9	b2b3	-35	22
r1b2rk1/pp2ppbp/2n3p1/2pq4/P7/3P1NP1/1P2PPBP/R1BQK2R w KQ - 0 10	e1g1	-15	22
r1bq1rk1/pp2ppbp/2n3p1/2pN4/P7/3P1NP1/1P2PPBP/R1BQK2R b KQ - 0 9	d8d5	11	22
r1b2rk1/pp2ppbp/2n3p1/2pq4/P7/3P1NP1/1P2PPBP/R1BQ1RK1 b - - 1 10	c8g4	9	22
r3kb1r/pp1qpppp/2n2nB1/3p4/3P1B2/1QP4P/PP1N1PP1/R3K1NR b KQkq - 0 10	h7g6	-37	22
r3kb1r/pp1qppp1/2n2np1/3p4/3P1B2/1QP4P/PP1N1PP1/R3K1NR w KQkq - 0 11	g1f3	39	22
r3kb1r/pp1qppp1/2n2np1/3p4/3P1B2/1QP2N1P/PP1N1PP1/R3K2R b KQkq - 1 11	e7e6	-37	22
r3kb1r/1p1qppp1/2n2np1/p2p4/3P1B2/1QP2N1P/PP1N1PP1/R3K2R w KQkq - 0 12	a2a4	50	22
rnbqkb1r/pp3p1p/3p1np1/4p3/4P3/2N2N1P/PPP2PP1/R1BQKB1R b KQkq - 1 7	a7a6	-59	22
r2qkb1r/pp1n1pp1/2p2np1/4p3/3P4/1QP3N1/PP3PPP/R1B1KB1R b KQkq - 1 10	e5d4	72	22
r1bqkb1r/pp3p1p/2np1np1/4p3/4P3/2N2N1P/PPP2PP1/R1BQKB1R w KQkq - 2 8	f1c4	63	22
r3kb1r/pp1n1pp1/1qp2np1/4p3/3P4/1QP3N1/PP3PPP/R1B1KB1R w KQkq - 2 11	f1c4	0	22
r3kb1r/pp1n1pp1/1Qp2np1/4p3/3P4/2P3N1/PP3PPP/R1B1KB1R b KQkq - 0 11	a7b6	10	22
r3kb1r/1p1n1pp1/1pp2np1/4p3/3P4/2PB2N1/PP3PPP/R1B1K2R b KQkq - 1 12	e5d4	26	22
r3kb1r/1p1n1pp1/1pp2np1/4p3/3P4/2P3N1/PP3PPP/R1B1KB1R w KQkq - 0 12	d4e5	-6	22
r2q1rk1/2p1bppp/p2p1n2/1p2p3/3BP1b1/PB1P1N2/1PP2PPP/RN1QR1K1 b - - 0 11	e5d4	-32	22
r2q1rk1/2p1bppp/p2p1n2/1p2p3/3nP1b1/PB1PBN2/1PP2PPP/RN1QR1K1 w - - 3 11	e3d4	34	22
r2q1rk1/2p1bppp/p2p1n2/1p6/3pP1b1/PB1P1N2/1PP2PPP/RN1QR1K1 w - - 0 12	h2h3	37	22
r2q1rk1/2p1bppp/p2p1n2/1p6/3pP1b1/PB1P1N1P/1PP2PP1/RN1QR1K1 b - - 0 12	g4f3	-24	22
r2q1rk1/2p1bppp/p2p1n2/1p6/3pP3/PB1P1b1P/1PP2PP1/RN1QR1K1 w - - 0 13	d1f3	37	22
r2q1rk1/2pnbppp/p2p4/1p6/3pP3/PB1P1Q1P/1PP2PP1/RN2R1K1 w - - 1 14	b1d2	34	22
r2q1rk1/2p1bppp/p2p1n2/1p6/3pP3/PB1P1Q1P/1PP2PP1/RN2R1K1 b - - 0 13	f6d7	-32	22
rnbq1rk1/pp3ppp/4pn2/8/2Bp4/P1B1P3/1P3PPP/R2QK1NR w KQ - 0 10	d1d4	5	22
rnbqk2r/1p2bppp/p3pn2/3p4/4PPP1/1NN5/PPP3BP/R1BQK2R b KQkq - 1 9	e8g8	-14	22
r1bq1rk1/ppp1ppbp/2n2np1/3p4/3PPB2/2N2N2/PPP1BPPP/R2Q1RK1 w - - 0 8	e4e5	72	22
rnbqk2r/1p2bppp/p3p3/3p4/4nPP1/1NN5/PPP3BP/R1BQK2R w KQkq - 0 10	c3e4	21	22
rnbqk2r/1p2bppp/p3p3/3p4/4NPP1/1N6/PPP3BP/R1BQK2R b KQkq - 0 10	d5e4	-19	22
rnbbk2r/1p3ppp/p3p3/8/4pPP1/1N6/PPP3BP/R1B1K2R w KQkq - 0 12	g2e4	23	22
rnbqk2r/1p2bppp/p3p3/8/4pPP1/1N6/PPP3BP/R1BQK2R w KQkq - 0 11	d1d8	13	22
rnbQk2r/1p2bppp/p3p3/8/4pPP1/1N6/PPP3BP/R1B1K2R b KQkq - 0 11	e7d8	-16	22
rnb1k2r/1p3ppp/p3p3/8/4BPPb/1N6/PPP4P/R1B1K2R w KQkq - 1 13	e1e2	14	22
rnbbk2r/1p3ppp/p3p3/8/4BPP1/1N6/PPP4P/R1B1K2R b KQkq - 0 12	d8h4	-30	22
rnb1k2r/1p3ppp/p3p3/8/4BPPb/1N6/PPP1K2P/R1B4R b kq - 2 13	b8d7	-12	22
rnb1k2r/1p4pp/p3p3/5p2/4BPPb/1N6/PPP1K2P/R1B4R w kq - 0 14	g4f5	31	22
rnb1k2r/1p4pp/p7/5p2/4BP1b/1N6/PPP1K2P/R1B4R w kq - 0 15	e4g2	30	22
rnb1k2r/1p4pp/p3p3/5P2/4BP1b/1N6/PPP1K2P/R1B4R b kq - 0 14	e6f5	-31	22
r1b1k2r/1p4pp/p1n5/3B1p2/5P1b/1N6/PPP1K2P/R1B4R w kq - 2 16	b3c5	47	22
r1b1k2r/1p4pp/p1n5/3B1p2/5P1b/1N6/PPPBK2P/R6R b kq - 3 16	c6e7	0	22
rnb1k2r/1p4pp/p7/3B1p2/5P1b/1N6/PPP1K2P/R1B4R b kq - 1 15	b8d7	-8	22
r1b1k2r/1p2n1pp/p7/3B1p2/5P1b/1N6/PPPBK2P/R6R w kq - 4 17	d5f3	5	22
r1b1k2r/1p2n1pp/p7/5p2/5P1b/1N3B2/PPPBK2P/R6R b kq - 5 17	e8g8	0	22
r1b2rk1/1p2n1pp/p7/5p2/3N1P1b/5B2/PPPBK2P/R6R b - - 7 18	f8e8	0	22
r1b2rk1/1p2n1pp/p7/5p2/5P1b/1N3B2/PPPBK2P/R6R w - - 6 18	h1d1	3	22
rn1q1rk1/pb2bppp/1p1ppn2/2p5/2PP4/PPN2NP1/4PPBP/R1BQ1RK1 b - - 1 9	c5d4	-5	22
r1bqr1k1/2p1bppp/p2p1n2/1p2p3/4P3/1n1P1N1P/PPP2PP1/R1BQRNK1 w - - 0 12	a2b3	-19	22
rn1q1rk1/pb2bppp/1p1pp3/2p5/2PPn3/PPN2NP1/4PPBP/R1BQ1RK1 w - - 2 10	c1b2	13	22
rnbq1rk1/ppp2ppp/4pn2/4N3/2pP4/P5P1/P3PPBP/R1BQK2R b KQ - 1 8	c7c5	21	22
r1bqkb1r/5ppp/p2p4/1p1Pp3/3n4/N2B1P2/PPP3PP/R1BQK2R b KQkq - 2 11	d4f5	14	22
r1bq1rk1/pp2pp1p/2np1np1/2p5/4PP2/2PP1NP1/P1P3BP/R1BQK2R w KQ - 3 9	e1g1	142	22
r1b1kb1r/5ppp/p2p4/1p1Pp3/3n3q/N2B1P2/PPP3PP/R1BQK2R w KQkq - 3 12	g2g3	-9	22
r1b1kb1r/5ppp/p2p4/1p1Pp3/3n3q/N2B1PP1/PPP4P/R1BQK2R b KQkq - 0 12	h4h3	4	22
r1bqk2r/pp2pp1p/2np1np1/2p5/4PP2/2PP1NP1/P1P3BP/R1BQK2R b KQkq - 2 8	c8g4	-128	22
r2qk2r/ppp2ppp/2p5/4pb2/4n3/P1PP1N2/2P1QPPP/R1B1K2R b KQkq - 0 9	e4c3	-7	22
r1b1kb1r/5ppp/p2p4/1p1Pp3/3n4/N2B1PPq/PPP4P/R1BQK2R w KQkq - 1 13	c2c3	2	22
r1bq1rk1/pp1p1pbp/2n2np1/4p3/2PN4/2N1P1P1/PP3PBP/R1BQK2R w KQ - 0 9	d4b5	68	22
r2qk2r/ppp2ppp/2p5/4pb2/8/P1nP1N2/2P1QPPP/R1B1K2R w KQkq - 0 10	e2e5	2	22
r2qk2r/ppp2ppp/2p5/4Qb2/8/P1nP1N2/2P2PPP/R1B1K2R b KQkq - 0 10	d8e7	-4	22
r3k2r/ppp1qppp/2p5/4Qb2/8/P1nP1N2/2P2PPP/R1B1K2R w KQkq - 1 11	e5e7	15	22
rnbq1rk1/p4ppp/1p3n2/3pN3/2pP4/2b1P3/PPB2PPP/R1BQ1RK1 w - - 0 11	b2c3	116	22
rnbq1rk1/p4ppp/1p3n2/3pN3/1bpP4/2N1P3/PPB2PPP/R1BQ1RK1 b - - 1 10	c8b7	-56	22
rnbq1rk1/p4ppp/1p3n2/3pN3/1bpP4/2NBP3/PP3PPP/R1BQ1RK1 w - - 0 10	d3c2	67	22
rnbq1rk1/p4ppp/1p3n2/3pN3/2pP4/2P1P3/P1B2PPP/R1BQ1RK1 b - - 0 11	f8e8	-115	22
r1bqr1k1/pp3pbp/2np1np1/2p5/2P1P3/2N1BN2/PPQ1BPPP/R4RK1 b - - 3 11	c6b4	7	22
r1bqr1k1/pp3pbp/3p1np1/2p5/1nP1P3/2N1BN2/PPQ1BPPP/R4RK1 w - - 4 12	c2b1	-15	22
r1bqr1k1/pp3pbp/3p1np1/2p5/1nP1P3/2N1BN2/PP2BPPP/RQ3RK1 b - - 5 12	d8e7	14	22
rn1q1rk1/pb3ppp/1p3n2/3pN3/2pP4/2P1P3/P1B2PPP/R1BQ1RK1 w - - 1 12	f2f4	152	22
r1bqr1k1/pp3pbp/3p2p1/2p5/1nP1P1n1/2N1BN2/PP2BPPP/RQ3RK1 w - - 6 13	e3g5	32	22
r2q1rk1/pp3ppp/1np1pn2/4Nb2/Pb1P4/2N1P3/1P2BPPP/R1BQ1RK1 b - - 6 11	b6d7	-29	22
r2q1rk1/pp3ppp/1np1pn2/5b2/PbNP4/2N1P3/1P2BPPP/R1BQ1RK1 w - - 5 11	c4e5	28	22
r2q1rk1/pp3ppp/2p1pn2/3nNb2/Pb1P4/2N1P3/1P1BBPPP/R2Q1RK1 b - - 8 12	b4d6	-25	22
r2q1rk1/pp3ppp/2p1pn2/3nNb2/P2P4/2b1P3/1P1BBPPP/R2Q1RK1 w - - 0 13	b2c3	71	22
r2q1rk1/pp3ppp/2p1pn2/3nNb2/Pb1P4/2N1P3/1P2BPPP/R1BQ1RK1 w - - 7 12	c3a2	76	22
r2q1rk1/pp3ppp/2p1pn2/3nNb2/P2P4/2P1P3/3BBPPP/R2Q1RK1 b - - 0 13	f6e4	-67	22
r2q1rk1/pp3ppp/2p1p3/3nNb2/P2Pn3/2P1P3/3BBPPP/R2Q1RK1 w - - 1 14	a1c1	69	22
r2q1rk1/pp3ppp/2p1p3/3nNb2/P2Pn3/2P1P3/3BBPPP/2RQ1RK1 b - - 2 14	c6c5	-50	22
r2q1rk1/pp4pp/2p1pp2/3n1b2/P1NPn3/2P1P3/3BBPPP/2RQ1RK1 b - - 1 15	d8e7	-75	22
r2q1rk1/pp4pp/2p1pp2/3nNb2/P2Pn3/2P1P3/3BBPPP/2RQ1RK1 w - - 0 15	e5d3	79	22
r2q1rk1/p5pp/2p1pp2/1p1n1b2/P1NPn3/2P1P3/3BBPPP/2RQ1RK1 w - - 0 16	c4b2	91	22
r2q1rk1/p5pp/2p1pp2/1p1n1b2/P1NPn1P1/2P1P3/3BBP1P/2RQ1RK1 b - - 0 16	f5g4	215	22
r2q1rk1/p5pp/2p1ppb1/1P1n4/2NPn1P1/2P1P3/3BBP1P/2RQ1RK1 b - - 0 17	c6b5	81	22
r2q1rk1/p5pp/2p1ppb1/1p1n4/P1NPn1P1/2P1P3/3BBP1P/2RQ1RK1 w - - 1 17	a4b5	-79	22
r2q1rk1/p5pp/4ppb1/1p1n4/2NPn1P1/2P1P3/3BBP1P/2RQ1RK1 w - - 0 18	c4a3	-87	22
r2q1rk1/p5pp/4ppb1/1p1n4/3Pn1P1/N1P1P3/3BBP1P/2RQ1RK1 b - - 1 18	d8e7	77	22
r1bq1rk1/ppp1bppp/2n5/3np3/P1B5/2PP1N2/1P1N1PPP/R1BQ1RK1 b - - 1 9	c8e6	-38	22
rnbq1rk1/pp2bppp/4pn2/2pp4/2P5/N4NP1/PP1PPPBP/R1BQ1RK1 w - - 0 7	d2d4	-4	22
r2q1rk1/1p2ppbp/p1np1np1/2p5/2P3bP/2NP1NP1/PP2PPB1/1RBQ1RK1 w - - 2 10	a2a3	11	22
r2q1rk1/ppp1bppp/2n1b3/3np3/P1B5/2PP1N2/1P1N1PPP/R1BQ1RK1 w - - 2 10	d2e4	33	22
r2q1k1r/pp2ppbp/6p1/1B1Pn3/4P1b1/4BN2/P4PPP/2RQK2R w K - 3 13	e1g1	193	22
r2q1k1r/pp2p1bp/6p1/1B1Pnp2/4P1b1/4BN2/P4PPP/2RQ1RK1 w - - 0 14	d5d6	435	22
r2q1k1r/pp2ppbp/6p1/1B1Pn3/4P1b1/4BN2/P4PPP/2RQ1RK1 b - - 4 13	h7h5	-185	22
r2q1k1r/pp2p1bp/6p1/1B1PnP2/6b1/4BN2/P4PPP/2RQ1RK1 b - - 0 14	g4f3	-312	22
r2q1k1r/1p2p1bp/p5p1/1B1PnP2/6b1/4BN2/P4PPP/2RQ1RK1 w - - 0 15	b5e2	474	22
r2q1k1r/1p2p1bp/p5p1/3PnP2/6b1/4BN2/P3BPPP/2RQ1RK1 b - - 1 15	g4f5	-490	22
r2q1k1r/1p2p1bp/p5p1/3Pnb2/8/4BN2/P3BPPP/2RQ1RK1 w - - 0 16	d1b3	471	22
r2q1k1r/1p2p2p/p5p1/3Pbb2/8/4B3/P3BPPP/2RQ1RK1 w - - 0 17	g2g4	425	22
r2q1k1r/1p2p1bp/p5p1/3PNb2/8/4B3/P3BPPP/2RQ1RK1 b - - 0 16	g7e5	-451	22
r2q1k1r/1p2p2p/p5p1/3Pb3/4b1P1/4B3/P3BP1P/2RQ1RK1 w - - 1 18	e2c4	472	22
r2q1k1r/1p2p2p/p5p1/3Pb3/4b1P1/4BB2/P4P1P/2RQ1RK1 b - - 2 18	e4f3	-437	22
r2q1k1r/1p2p2p/p5p1/3Pbb2/6P1/4B3/P3BP1P/2RQ1RK1 b - - 0 17	f5d7	-422	22
r2q1k1r/1p2p2p/p5p1/3Pb3/6P1/4Bb2/P4P1P/2RQ1RK1 w - - 0 19	d1f3	378	22
r1bqkb1r/ppp2ppp/2n5/3p4/3Pn3/P4N2/1PP2PPP/RNBQKB1R w KQkq - 1 7	c2c4	-2	22
r2q1k1r/1p2p2p/p5p1/3Pb3/6P1/4BQ2/P4P1P/2R2RK1 b - - 0 19	f8e8	-399	22
r1bqkb1r/ppp2ppp/2n5/3p4/3Pn3/P4N2/1PPN1PPP/R1BQKB1R b KQkq - 2 7	c8g4	14	22
r1bqkb1r/pp1n1ppp/2n1p3/1N1pP3/3p1P2/3B4/PPP3PP/R1BQK1NR w KQkq - 2 8	g1f3	-66	22
r1b2rk1/ppqnbppp/4pn2/2ppN3/2P2P2/3P2P1/PP2P1BP/RNBQ1RK1 w - - 1 9	e5d7	24	22
rnb2rk1/ppq1bppp/4pn2/2ppN3/2P2P2/3P2P1/PP2P1BP/RNBQ1RK1 b - - 0 8	a7a6	11	22
r1bqk2r/ppp1bppp/2n2n2/4p3/2PP4/1P3NP1/P2P1PBP/RNBQ1RK1 b kq - 0 8	e5e4	43	22
r1bq1rk1/ppp1bppp/4p3/3pP3/2P3n1/6P1/PP2PPBP/RNBQ1RK1 w - - 1 9	d1d4	74	22
r2q1rk1/pppn1p1p/3p1npQ/4p3/3PP1b1/2N2N2/PPP1BPPP/2KR3R b - - 1 10	f8e8	-29	22
r2q1rk1/pppn1p1p/3p1npQ/8/3pP1b1/2N2N2/PPP1BPPP/2KR3R w - - 0 11	f3d4	96	22
rn1qkb1r/pp2pppp/2p5/7P/3Pn3/5N2/PPP2PP1/R1BQKB1R b KQkq - 1 9	e4f6	-179	22
rnbq1rk1/ppp2ppp/4pn2/4N3/3P4/P1p3P1/P3PPBP/R1BQK2R w KQ - 0 9	e1g1	10	22
r1bqk2r/2p1bppp/p2p1n2/np6/3NP3/1B5P/PPP2PP1/RNBQR1K1 b kq - 0 10	c7c5	392	22
r2qkb1r/5ppp/p1npbn2/1p2p3/2B1P3/N1N2P2/PPP3PP/R1BQK2R w KQkq - 0 10	c4d5	-191	22
r2qkb1r/5ppp/p1npBn2/1p2p3/4P3/N1N2P2/PPP3PP/R1BQK2R b KQkq - 0 10	f7e6	178	22
r2qkb1r/6pp/p1nppn2/1p2p3/4P3/N1N2P2/PPP3PP/R1BQK2R w KQkq - 0 11	a3b1	-196	22
r2qkb1r/6pp/p1nppn2/1p2p3/4P3/2N2P2/PPP3PP/RNBQK2R b KQkq - 1 11	d8b6	185	22
2rqkbnr/pp3ppp/2n1p3/3pPb2/3P4/2N2N2/PP2BPPP/R1BQ1RK1 b k - 2 9	a7a6	-38	22
2rqkbnr/pp3ppp/2n1p3/3pPb2/3P4/5N2/PP2BPPP/RNBQ1RK1 w k - 1 9	c1e3	41	22
2rqkbnr/pp3p1p/2n1p1p1/3pPb2/3P4/2N1BN2/PP2BPPP/R2Q1RK1 b k - 1 10	f5g4	-76	22
2rqkbnr/pp3p1p/2n1p1p1/3pPb2/3P4/2N2N2/PP2BPPP/R1BQ1RK1 w k - 0 10	h2h3	159	22
2rqkbnr/pp3p2/2n1p1p1/3pPb1p/3P4/2N1BN2/PP2BPPP/R2Q1RK1 w k - 0 11	h2h3	152	22
2rqkbnr/pp3p2/2n1p1p1/3pPb1p/3P4/1QN1BN2/PP2BPPP/R4RK1 b k - 1 11	d8d7	-148	22
3qkbnr/ppr2p2/2n1p1p1/3pPb1p/3P4/1QN1BN2/PP2BPPP/R4RK1 w k - 2 12	e3g5	135	22
3qkbnr/ppr2p2/2n1p1p1/1N1pPb1p/3P4/1Q2BN2/PP2BPPP/R4RK1 b k - 3 12	c7d7	-133	22
3qkbnr/pp1r1p2/2n1p1p1/1N1pPb1p/3P4/1Q2BN2/PP2BPPP/2R2RK1 b k - 5 13	f5g4	-94	22
3qkbnr/1p1r1p2/p1n1p1p1/1N1pPb1p/3P4/1Q2BN2/PP2BPPP/2R2RK1 w k - 0 14	b5d6	149	22
3qkbnr/pp1r1p2/2n1p1p1/1N1pPb1p/3P4/1Q2BN2/PP2BPPP/R4RK1 w k - 4 13	e3g5	167	22
3qkbnr/1p1r1p2/p1nNp1p1/3pPb1p/3P4/1Q2BN2/PP2BPPP/2R2RK1 b k - 1 14	f8d6	-128	22
3qk1nr/1p1r1p2/p1nbp1p1/3pPb1p/3P4/1Q2BN2/PP2BPPP/2R2RK1 w k - 0 15	e5d6	130	22
3qk1nr/1p1r1p2/p1nPp1p1/3p1b1p/3P4/1Q2BN2/PP2BPPP/2R2RK1 b k - 0 15	f5g4	-152	22
3qk1nr/1p1r1p2/2nPp1p1/p2p1b1p/3P4/1Q2BN2/PP2BPPP/2R2RK1 w k - 0 16	f3e5	636	22
3qk1nr/1p1r1p2/2nPp1p1/p2pNb1p/3P4/1Q2B3/PP2BPPP/2R2RK1 b k - 1 16	a5a4	-634	22
r3kb1r/pp1b1ppp/2n1p3/q2pPn2/N2P4/5N1P/PP2BPP1/R1BQK2R w KQkq - 5 11	a4c3	0	22
r3kb1r/pp1b1ppp/2n1p3/q2pPn2/3P4/2N2N1P/PP2BPP1/R1BQK2R b KQkq - 6 11	a5b6	0	22
r1bqk2r/pp3p1p/2np1np1/2p1p3/P3P3/2PP2P1/2P1NPBP/R1BQK2R w KQkq - 0 9	e1g1	179	22
r1bqk2r/pp2pp1p/2np1np1/2p5/P3P3/2PP2P1/2P1NPBP/R1BQK2R b KQkq - 2 8	h7h5	-141	22
r1b2rk1/ppbnqppp/2p2n2/P1Ppp3/3P4/2N1PN2/1P2BPPP/R1BQ1RK1 w - - 0 11	a5a6	-48	22
r1b2rk1/ppbnqppp/2p2n2/P1Ppp3/3P4/R1N1PN2/1P2BPPP/2BQ1RK1 b - - 1 11	e5e4	120	22
r1b2rk1/ppbnqppp/2p2n2/P1Pp4/3Pp3/R1N1PN2/1P2BPPP/2BQ1RK1 w - - 0 12	f3e1	-105	22
r1b2rk1/ppbnqppp/2p2n2/P1Pp4/3Pp3/R1N1P3/1P1NBPPP/2BQ1RK1 b - - 1 12	a7a6	138	22
r1b1qrk1/ppbn1ppp/2p2n2/P1Pp4/3Pp3/R1N1P3/1P1NBPPP/2BQ1RK1 w - - 2 13	b2b4	0	22
r1b1qrk1/ppbn1ppp/2p2n2/P1Pp4/3Pp3/R1N1PP2/1P1NB1PP/2BQ1RK1 b - - 0 13	e4f3	33	22
r1b1qrk1/ppbn1ppp/2p2n2/P1Pp4/3P4/R1N1Pp2/1P1NB1PP/2BQ1RK1 w - - 0 14	d2f3	-33	22
r1b1qrk1/ppbn1ppp/2p5/P1Pp4/3Pn3/R1N1PN2/1P2B1PP/2BQ1RK1 w - - 1 15	c3e4	-28	22
r1b1qrk1/ppbn1ppp/2p2n2/P1Pp4/3P4/R1N1PN2/1P2B1PP/2BQ1RK1 b - - 0 14	f6e4	22	22
r1b1qrk1/ppb2ppp/2p2n2/P1Pp4/3Pn3/R1N1PN2/1PQ1B1PP/2B2RK1 w - - 3 16	c3e4	-44	22
r1b1qrk1/ppb2ppp/2p2n2/P1Pp4/3PN3/R3PN2/1PQ1B1PP/2B2RK1 b - - 0 16	f6e4	39	22
r1b1qrk1/ppbn1ppp/2p5/P1Pp4/3Pn3/R1N1PN2/1PQ1B1PP/2B2RK1 b - - 2 15	f7f5	54	22
r1b1qrk1/ppb2ppp/2p2n2/P1P5/3Pp3/R3PN2/1PQ1B1PP/2B2RK1 w - - 0 17	f3e5	-23	22
r1b1qrk1/ppb2ppp/2p2n2/P1P5/3Pp3/R3P3/1PQNB1PP/2B2RK1 b - - 1 17	e8e6	18	22
r1bqk2r/pp1n1ppp/2pbpn2/2Pp4/3P4/2N1PN1P/PP3PP1/R1BQKB1R b KQkq - 0 7	d6c7	50	22
r1b2rk1/ppb1qppp/2p2n2/P1P5/3Pp3/R3P3/1PQNB1PP/2B2RK1 w - - 2 18	d2c4	-20	22
r1b2rk1/ppb1qppp/2p2n2/P1P5/1P1Pp3/R3P3/2QNB1PP/2B2RK1 b - - 0 18	a7a6	111	22
r1bqk2r/ppbn1ppp/2p1pn2/2Pp4/3P4/2N1PN1P/PP3PP1/R1BQKB1R w KQkq - 1 8	f1d3	-37	22
rnbqkbnr/pp3ppp/8/3p4/3p4/5N1P/PPPN1PP1/R1BQKB1R b KQkq - 1 6	b8c6	0	22
r1bq1rk1/1pp2pp1/p1np1n1p/2b1p3/3PP3/1BP2N2/PP3PPP/RNBQR1K1 b - - 0 9	c5a7	1	22
r1bqk2r/ppp1bppp/2n1pn2/8/2Pp4/5NP1/PPQPPPBP/RNB2RK1 w kq - 2 7	e2e3	-31	22
r1bqk2r/ppp1bppp/2n1pn2/8/2Pp4/3P1NP1/PPQ1PPBP/RNB2RK1 b kq - 0 7	e6e5	25	22
1rbqk2r/5ppp/p1np1b2/1p1Np3/4P3/N1P5/PP3PPP/R2QKB1R b KQk - 0 12	f6g5	5	22
1rbq1rk1/5ppp/p1np1b2/1p1Np3/4P3/N1P5/PP3PPP/R2QKB1R w KQ - 1 13	a3c2	0	22
r1bq1rk1/pp2b1pp/n1p1pn2/3p1p2/2PP3P/5NP1/PPQ1PPB1/RNB2RK1 w - - 4 9	c1f4	60	22
rnbq1rk1/pp2b1pp/2p1pn2/3p1p2/2PP3P/5NP1/PPQ1PPB1/RNB2RK1 b - - 3 8	e7d6	-25	22
r2q1rk1/pp2bppp/2pp1n2/4p3/P1BnP3/3P3P/1PP1NPP1/R1BQ1RK1 b - - 1 11	d4e6	-13	22
r2q1rk1/pp2bppp/2ppnn2/4p3/P1B1P3/3P3P/1PP1NPP1/R1BQ1RK1 w - - 2 12	c4a2	13	22
r2q1rk1/pp2bppp/2ppBn2/4p3/P3P3/3P3P/1PP1NPP1/R1BQ1RK1 b - - 0 12	f7e6	-13	22
r2q1rk1/pp2b1pp/2pppn2/4p3/P3P3/3P3P/1PP1NPP1/R1BQ1RK1 w - - 0 13	a4a5	5	22
r2q1rk1/pp2b1pp/2pppn2/P3p3/4P3/3P3P/1PP1NPP1/R1BQ1RK1 b - - 0 13	a7a6	-13	22
r2q1rk1/pp2b1pp/2p1pn2/P2pp3/4P3/3P3P/1PP1NPP1/R1BQ1RK1 w - - 0 14	e2g3	18	22
r1bq1rk1/1p2ppbp/p1np1np1/2p5/P3P3/2NPBNP1/1PP2PBP/R2QK2R w KQ - 2 9	h2h3	-17	22
rnbq1rk1/ppp3pp/3bpn2/3p1p2/3P1B2/4PNP1/PPP2PBP/RN1Q1RK1 b - - 2 7	b7b5	-49	22
r1bq1rk1/ppp3pp/2nbpn2/3p1p2/3P1B2/4PNP1/PPP2PBP/RN1Q1RK1 w - - 3 8	c2c4	48	22
r2qk2r/ppp2ppp/2p3b1/4N3/4n1P1/P1P5/2PPQP1P/R1B1K2R b KQkq - 0 10	e8g8	89	22
r3k2r/pp3ppp/2nqpn2/3p4/1P1P2b1/2PB1N2/P1QN1PPP/R3K2R b KQkq - 0 12	a8c8	34	22
2r1k2r/pp3ppp/2nqpn2/3p4/1P1P2b1/P1PB1N2/2QN1PPP/R3K2R b KQk - 0 13	c8c7	44	22
2r1k2r/pp3ppp/2nqpn2/3p4/1P1P2b1/2PB1N2/P1QN1PPP/R3K2R w KQk - 1 13	a2a3	-42	22
2r2rk1/pp3ppp/2nqpn2/1P1p4/3P2b1/P1PB1N2/2QN1PPP/R3K2R b KQ - 0 14	c6e7	80	22
2r2rk1/pp3ppp/2nqpn2/3p4/1P1P2b1/P1PB1N2/2QN1PPP/R3K2R w KQ - 1 14	e1g1	-31	22
2r2rk1/pp2nppp/3qpn2/1P1p4/3P2b1/P1PB1N2/2QN1PPP/R3K2R w KQ - 1 15	f3e5	-91	22
2r2rk1/pp2nppp/3qpn2/1P1p4/3P2b1/P1PB1N2/2QN1PPP/R4RK1 b - - 2 15	g4f5	105	22
5rk1/ppr1nppp/3qpn2/1P1pN3/3P2b1/P1PB4/2QN1PPP/R4RK1 b - - 4 16	g4f5	99	22
5rk1/ppr1nppp/3qpn2/1P1p4/3P2b1/P1PB1N2/2QN1PPP/R4RK1 w - - 3 16	c2b2	-47	22
5rk1/ppr1nppp/3qpn2/1P1pNb2/3P4/P1PB4/2QN1PPP/R4RK1 w - - 5 17	c2b2	-94	22
r1bq1rk1/pp2ppbp/2np1np1/2p5/Q1P5/2N2NP1/PP1PPPBP/R1B2RK1 w - - 0 8	d2d3	-17	22
5rk1/ppr1nppp/3qpn2/1P1pNB2/3P4/P1P5/2QN1PPP/R4RK1 b - - 0 17	e7f5	167	22
rnbqk2r/ppp2ppp/3b4/3p4/3Pn3/P2B1N2/1PP2PPP/RNBQK2R b KQkq - 2 7	e8g8	19	22
rnbq1rk1/ppp2ppp/3b4/3p4/3Pn3/P2B1N2/1PP2PPP/RNBQK2R w KQ - 3 8	e1g1	-18	22
r1bq1rk1/ppp1bppp/2n2n2/8/3p4/2NP1NP1/PP2PPBP/R1BQ1RK1 w - - 0 9	c3b5	-24	22
r1bq1rk1/ppp1bppp/2n2n2/8/3pN3/3P1NP1/PP2PPBP/R1BQ1RK1 b - - 1 9	a7a5	35	22
r1bq1rk1/ppp1bppp/2n2n2/3p4/8/2NP1NP1/PP2PPBP/R1BQ1RK1 b - - 1 8	d5d4	31	22
r1bqk2r/pp3ppp/2nBpn2/3p4/3P4/4P2P/PP1N1PP1/R2QKBNR b KQkq - 0 8	d8d6	-3	22
r1bq1rk1/pp3pbp/2np2p1/2pnp3/4P3/3P2PP/PPP1NPB1/R1BQ1RK1 w - - 0 10	e4d5	-32	22
r1bq1rk1/pp3pbp/2np2p1/2pPp3/8/3P2PP/PPP1NPB1/R1BQ1RK1 b - - 0 10	c6e7	16	22
r1b1k2r/pp3ppp/2nqpn2/3p4/3P4/4P2P/PP1N1PP1/R2QKBNR w KQkq - 0 9	g1e2	6	22
r1b1k2r/pp3ppp/2nqpn2/3p4/3P4/4PN1P/PP1N1PP1/R2QKB1R b KQkq - 1 9	c8d7	-1	22
r3k2r/pp1b1ppp/2nqpn2/3p4/3P4/4PN1P/PP1N1PP1/R2QKB1R w KQkq - 2 10	a2a3	3	22
2r1k2r/pp1b1ppp/2nqpn2/3p4/3P4/3BPN1P/PP1N1PP1/R2QK2R w KQk - 4 11	a2a3	0	22
2r1k2r/pp1b1ppp/2nqpn2/3p4/3P4/3BPN1P/PP1N1PP1/2RQK2R b Kk - 5 11	e8g8	0	22
r3k2r/pp1b1ppp/2nqpn2/3p4/3P4/3BPN1P/PP1N1PP1/R2QK2R b KQkq - 3 10	e8g8	0	22
2r2rk1/pp1b1ppp/2nqpn2/3p4/3P4/3BPN1P/PP1N1PP1/2RQK2R w K - 6 12	e1g1	1	22
2r2rk1/pp1b1ppp/2nqpn2/3p4/3P4/3BPN1P/PP1N1PP1/2RQ1RK1 b - - 7 12	c8c7	-1	22
2r2rk1/pp1b1ppp/3qpn2/3p4/1n1P4/4PN1P/PP1NBPP1/2RQ1RK1 b - - 9 13	c8c1	-3	22
2r2rk1/pp1b1ppp/3qpn2/3p4/1n1P4/3BPN1P/PP1N1PP1/2RQ1RK1 w - - 8 13	d3e2	5	22
2r2rk1/pp1b1ppp/3qpn2/3p4/3P4/4PN1P/nP1NBPP1/2RQ1RK1 w - - 0 14	c1a1	11	22
2R2rk1/pp1b1ppp/3qpn2/3p4/3P4/4PN1P/nP1NBPP1/3Q1RK1 b - - 0 14	f8c8	-8	22
2r3k1/pp1b1ppp/3qpn2/3p4/3P4/4PN1P/nP1NBPP1/3Q1RK1 w - - 0 15	d1a1	6	22
2r3k1/pp1b1ppp/3qpn2/3p4/3P4/4PN1P/nP1NBPP1/Q4RK1 b - - 1 15	a2b4	-2	22
2r3k1/pp1b1ppp/3qpn2/3p4/1n1P4/4PN1P/1P1NBPP1/Q4RK1 w - - 2 16	a1a7	7	22
2r3k1/Qp1b1ppp/3qpn2/3p4/1n1P4/4PN1P/1P1NBPP1/5RK1 b - - 0 16	d6c7	-5	22
r1bqkb1r/pp3ppp/2n1pn2/1Bp5/3P4/4PN2/PP2QPPP/RNB1K2R b KQkq - 3 7	c8d7	0	22
r1bqkb1r/pp3ppp/2n1pn2/1B6/3p4/4PN2/PP2QPPP/RNB1K2R w KQkq - 0 8	e3d4	-5	22
r2qkb1r/pp1b1ppp/2n1pn2/1B6/3N4/4P3/PP2QPPP/RNB1K2R w KQkq - 1 9	d4c6	0	22
r1bqkb1r/pp3ppp/2n1pn2/1B6/3N4/4P3/PP2QPPP/RNB1K2R b KQkq - 0 8	a7a6	6	22
rn1q1rk1/pb2bppp/5n2/2ppN3/8/P1N3P1/1P2PPBP/R1BQ1RK1 b - - 1 11	b8a6	0	22
rn1qr1k1/pb2bppp/5n2/2ppN3/5B2/P1N3P1/1P2PPBP/R2Q1RK1 b - - 3 12	b8d7	-30	22
rn1qr1k1/pb2bppp/5n2/2ppN3/8/P1N3P1/1P2PPBP/R1BQ1RK1 w - - 2 12	d1b3	142	22
rn1qr1k1/pb3pp1/3b1n1p/2ppN3/4PB2/P1N3P1/1P3PBP/R2Q1RK1 w - - 1 14	e5f7	36	22
rn1qr1k1/pb2bpp1/5n1p/2ppN3/5B2/P1N3P1/1P2PPBP/R2Q1RK1 w - - 0 13	d1b3	84	22
rn1qr1k1/pb2bpp1/5n1p/2ppN3/4PB2/P1N3P1/1P3PBP/R2Q1RK1 b - - 0 13	e7d6	-24	22
rn1qr1k1/pb3Np1/3b1n1p/2pp4/4PB2/P1N3P1/1P3PBP/R2Q1RK1 b - - 0 14	g8f7	-15	22
rn1qr3/pb3kp1/3b1n1p/2pp4/4PB2/P1N3P1/1P3PBP/R2Q1RK1 w - - 0 15	d1b3	28	22
rn2r3/pb3kp1/3q1n1p/2pp4/4P3/P1N3P1/1P3PBP/R2Q1RK1 w - - 0 16	f2f4	-155	22
rn1qr3/pb3kp1/3B1n1p/2pp4/4P3/P1N3P1/1P3PBP/R2Q1RK1 b - - 0 15	d8d6	145	22
rn2r3/pb3kp1/3q1n1p/2pp4/4PP2/P1N3P1/1P4BP/R2Q1RK1 b - - 0 16	b8d7	167	22
rnbq1rk1/ppp3pp/3bpn2/3p1p2/3P4/1PP2NP1/P3PPBP/RNBQ1RK1 w - - 3 8	c3c4	30	22
rn2r3/pb1q1kp1/5n1p/2pP4/5P2/P1N3P1/1P4BP/R2Q1RK1 b - - 0 17	b8a6	314	22
rn2r3/pb1q1kp1/5n1p/2pp4/4PP2/P1N3P1/1P4BP/R2Q1RK1 w - - 1 17	e4e5	-86	22
r1b1k2r/ppp1qppp/2p2n2/8/1b2P3/3Q1P2/PPPB2PP/RN2KB1R b KQkq - 0 8	a7a5	29	22
r1b1k2r/ppppqppp/2N2n2/8/1b2P3/3Q4/PPPB1PPP/RN2KB1R b KQkq - 0 7	d7c6	30	22
r1b1k2r/ppp1qppp/2p2n2/8/1b2P3/3Q4/PPPB1PPP/RN2KB1R w KQkq - 0 8	f2f3	-32	22
r1bqk2r/pp3ppp/2nbpn2/2Pp4/5B2/P1P1P3/1P1N1PPP/R2QKBNR b KQkq - 0 7	d6c5	14	22
r1bqk2r/pp3ppp/2n1pn2/2bp4/5B2/P1P1P3/1P1N1PPP/R2QKBNR w KQkq - 0 8	g1f3	-15	22
rnbq1rk1/ppp2ppp/3b4/3P4/3Pn3/P4N2/1P3PPP/RNBQKB1R b KQ - 0 8	f8e8	7	22
rnbqr1k1/ppp2ppp/3b4/3P4/3Pn3/P4N2/1P3PPP/RNBQKB1R w KQ - 1 9	f1e2	-5	22
r1bq1rk1/pp2ppbp/2np1np1/2p5/4P2P/2NP1NP1/PPP2PB1/R1BQK2R w KQ - 3 8	f3h2	-25	22
r2qk2r/ppp2ppp/2nb4/3p1b2/3Pn3/3B1N2/PPPN1PPP/R1BQ1RK1 w kq - 6 9	f1e1	194	22
r2qk2r/ppp2ppp/2nb4/5b2/3Pp3/3B1N2/PPP2PPP/R1BQ1RK1 w kq - 0 10	f1e1	163	22
r2qk2r/ppp2ppp/2nb4/3p1b2/3PN3/3B1N2/PPP2PPP/R1BQ1RK1 b kq - 0 9	f5e4	-80	22
r2qk2r/ppp2ppp/2nb4/5b2/3Pp3/3B1N2/PPP2PPP/R1BQR1K1 b kq - 1 10	d8e7	-165	22
r3k2r/ppp1qppp/2nb4/5b2/3Pp3/3B1N2/PPP2PPP/R1BQR1K1 w kq - 2 11	f3g5	172	22
r3k2r/ppp1qppp/3b4/3P1bB1/1n2p3/3B1N2/PPP2PPP/R2QR1K1 b kq - 2 12	f7f6	-45	22
r3k2r/ppp1qppp/2nb4/3P1b2/4p3/3B1N2/PPP2PPP/R1BQR1K1 b kq - 0 11	c6e5	-119	22
r3k2r/ppp1q1pp/3b1p2/3P1bB1/1n2p3/3B1N2/PPP2PPP/R2QR1K1 w kq - 0 13	f3d4	36	22
r3k2r/ppp1qppp/3b4/3P1b2/1n2p3/3B1N2/PPP2PPP/R1BQR1K1 w kq - 1 12	f3d4	115	22
r3k2r/ppp1q1pp/3b1p2/3P1bB1/1n1Np3/3B4/PPP2PPP/R2QR1K1 b kq - 1 13	e7e5	-36	22
r3k2r/ppp1q1pp/3b1pb1/1B1P2B1/1n1Np3/8/PPP2PPP/R2QR1K1 b kq - 3 14	e8f7	-1	22
r6r/ppp1qkpp/3b1pb1/1B1P2B1/1n1Np3/8/PPP2PPP/R2QR1K1 w - - 4 15	g5e3	0	22
r6r/ppp1qkpp/3b1pb1/1B1P4/1n1Np2B/8/PPP2PPP/R2QR1K1 b - - 5 15	b4d5	10	22
r6r/ppp1qkpp/3b1pb1/1B1n4/3Np2B/8/PPP2PPP/R2QR1K1 w - - 0 16	b5c4	-12	22
r3k2r/ppp1q1pp/3b1pb1/3P2B1/1n1Np3/3B4/PPP2PPP/R2QR1K1 w kq - 2 14	d3e4	173	22
r6r/ppp1qkpp/3b1pb1/1B1n1N2/4p2B/8/PPP2PPP/R2QR1K1 b - - 1 16	e7e5	18	22
r2qkb1r/pp1npppp/2p5/7P/3Pn3/5N2/PPP2PP1/R1BQKB1R w KQkq - 2 10	f1d3	186	22
r2qkb1r/pp1npppp/2p5/7P/3Pn3/3B1N2/PPP2PP1/R1BQK2R b KQkq - 3 10	e4f6	-182	22
r1bq1rk1/pp3pbp/2np1np1/2p1p3/4P3/P1NP1NPP/1PP2PB1/R1BQ1RK1 b - - 4 9	c8e6	23	22
r3kb1r/pp1npppp/2p5/q6P/3Pn3/3B1N2/PPP2PP1/R1BQK2R w KQkq - 4 11	e1f1	221	22
r1bq1rk1/pp2ppbp/2np1np1/2p5/Q1P5/2NP1NP1/PP2PPBP/R1B2RK1 b - - 0 8	a8b8	26	22
r1bqkbnr/pp3ppp/2n5/1B1p4/P2p4/8/1PPN1PPP/R1BQK1NR w KQkq - 2 7	d2b3	-14	22
r2q1rk1/pp3pbp/2npbnp1/2p1p3/4P3/P1NP1NPP/1PP2PB1/R1BQ1RK1 w - - 5 10	a1b1	-29	22
r2q1rk1/pp2npbp/2npb1p1/2pNp3/4P3/P2P2PP/1PP1NPB1/R1BQ1RK1 b - - 6 10	a7a5	16	22
r1b2rk1/pp3ppp/2n1pn2/2qp4/5N2/2P1P3/PP1N1PPP/R2QKB1R w KQ - 2 10	f4h5	-37	22
r1b2rk1/pp3ppp/2n1pn2/2qp4/5N2/2PBP3/PP1N1PPP/R2QK2R b KQ - 3 10	c5b6	61	22
r1b2rk1/pp3ppp/2n2n2/2qpp3/5N2/2PBP3/PP1N1PPP/R2QK2R w KQ - 0 11	f4h5	-46	22
r1b2rk1/pp3ppp/2n2N2/2qp4/4p3/2PBP3/PP1N1PPP/R2QK2R b KQ - 0 12	g7f6	-38	22
r1b2rk1/pp3ppp/2n2n2/2qpp2N/8/2PBP3/PP1N1PPP/R2QK2R b KQ - 1 11	f6e8	45	22
r1b2rk1/pp3ppp/2n2n2/2qp3N/4p3/2PBP3/PP1N1PPP/R2QK2R w KQ - 0 12	h5f6	70	22
r1b2rk1/pp3p1p/2n2p2/2qp4/4p3/2PBP3/PP1N1PPP/R2QK2R w KQ - 0 13	d2b3	44	22
r1b2rk1/pp3p1p/2n2p2/2qp4/4p3/1NPBP3/PP3PPP/R2QK2R b KQ - 1 13	c5b6	-41	22
r1b2rk1/pp3p1p/1qn2p2/3p4/4p3/1NP1P3/PP3PPP/R2QKB1R b KQ - 3 14	c8e6	-23	22
r1b2rk1/pp3p1p/1qn2p2/3p4/4p3/1NPBP3/PP3PPP/R2QK2R w KQ - 2 14	d3e2	44	22
r4rk1/pp3p1p/1qn1bp2/3p4/P3p3/1NP1P3/1P3PPP/R2QKB1R b KQ - 0 15	d5d4	0	22
r4rk1/pp3p1p/1qn1bp2/3p4/4p3/1NP1P3/PP3PPP/R2QKB1R w KQ - 4 15	d1e2	23	22
r4rk1/pp3p1p/1q2bp2/3pn3/P3p3/1NP1P3/1P3PPP/R2QKB1R w KQ - 1 16	a4a5	30	22
r4rk1/pp3p1p/1q2bp2/P2pn3/4p3/1NP1P3/1P3PPP/R2QKB1R b KQ - 0 16	b6d6	-10	22
r4rk1/ppq2p1p/4bp2/P2pn3/4p3/1NP1P3/1P3PPP/R2QKB1R w KQ - 1 17	d1d4	30	22
r4rk1/pp1qnpbp/2npb1p1/2pNp3/4P3/P2P2PP/1PP1NPB1/R1BQ1RK1 w - - 7 11	g1h2	-22	22
rnbq1rk1/pp3ppp/4pn2/b7/2Bp4/P1N1PN1P/1P3PP1/R1BQK2R w KQ - 0 10	e3d4	-9	22
r1bq1rk1/p4ppp/2nbpn2/1p1p4/2pP4/P1P1PNB1/1P1NBPPP/R2QK2R w KQ - 0 10	e1g1	5	22
r1bq1rk1/ppp2pbp/n4np1/4p3/2P1P3/2N2N2/PP2BPPP/RQB1K2R b KQ - 1 9	c7c6	21	22
r1bq1rk1/pp3ppp/2nbpn2/3p4/2pP4/P1P1PNB1/1P1NBPPP/R2QK2R b KQ - 1 9	b7b5	-3	22
r1bq1rk1/p4ppp/2nbpn2/1p1p4/2pP4/P1P1PNB1/1P1NBPPP/R2Q1RK1 b - - 1 10	a7a5	10	22
r1bq1rk1/5ppp/2nbpn2/pp1pN3/2pP4/P1P1P1B1/1P1NBPPP/R2Q1RK1 b - - 1 11	c6e7	3	22
r1bq1rk1/5ppp/2nbpn2/pp1p4/2pP4/P1P1PNB1/1P1NBPPP/R2Q1RK1 w - - 0 11	g3d6	-11	22
r2q1rk1/1b3ppp/2nbpn2/pp1pN3/2pP4/P1P1P1B1/1P1NBPPP/R2Q1RK1 w - - 2 12	b2b3	-6	22
r2q1rk1/1b3ppp/2nbp3/pp1p4/2pP2n1/P1P1P1B1/1P1NBPPP/R2Q1RK1 w - - 0 13	e2g4	-16	22
r2q1rk1/1b3ppp/2nbpn2/pp1p4/2pP2N1/P1P1P1B1/1P1NBPPP/R2Q1RK1 b - - 3 12	f6g4	2	22
r2q1rk1/1b2bppp/2n1p3/pp1p4/2pP2B1/P1P1P1B1/1P1N1PPP/R2Q1RK1 w - - 1 14	g4e2	-14	22
r2q1rk1/1b3ppp/2nbp3/pp1p4/2pP2B1/P1P1P1B1/1P1N1PPP/R2Q1RK1 b - - 0 13	d6e7	12	22
r2q1rk1/1b2bppp/2n1p3/pp1p4/2pP2B1/P1P1P1BP/1P1N1PP1/R2Q1RK1 b - - 0 14	b5b4	12	22
r2q1rk1/1b2bppp/4p3/np1p4/p1pP2B1/P1P1P1BP/1P1N1PP1/R2QR1K1 w - - 2 16	a1c1	-9	22
r2q1rk1/1b2bppp/2n1p3/1p1p4/p1pP2B1/P1P1P1BP/1P1N1PP1/R2QR1K1 b - - 1 15	c6a5	9	22
r2q1rk1/1b2bppp/2n1p3/1p1p4/p1pP2B1/P1P1P1BP/1P1N1PP1/R2Q1RK1 w - - 0 15	d1e1	24	22
r2q1rk1/1b2bppp/4p3/np1p4/p1pP4/P1P1P1BP/1P1NBPP1/R2QR1K1 b - - 3 16	a5b3	12	22
3q1rk1/1b2bppp/r3p3/np1p4/p1pP4/P1P1P1BP/1P1NBPP1/R2QR1K1 w - - 4 17	a1c1	2	22
3q1rk1/1b2bppp/r3p3/np1p4/p1pP4/P1P1P1BP/1P1NBPP1/1R1QR1K1 b - - 5 17	b7c6	13	22
r1b1qrk1/ppp3bp/n2p1pp1/3Np1B1/2PPP1n1/3Q1N2/PP2BPPP/R3K2R w KQ - 0 11	g5h4	-94	22
r1bq1rk1/ppp2ppp/2nb4/3p4/3Pn3/3BBN2/PPPN1PPP/R2Q1RK1 b - - 7 9	f7f5	48	22
r1b1qrk1/ppp3bp/n2p1pp1/3Np3/2PPP1nB/3Q1N2/PP2BPPP/R3K2R b KQ - 1 11	c7c6	81	22
r2q1rk1/ppp2ppp/2nb4/3p1b2/3Pn3/3BBN2/PPPN1PPP/R2Q1RK1 w - - 8 10	f3g5	-10	22
r1bqr1k1/pppp1p2/2n4p/1Bb3p1/3Nn3/2P3B1/PP3PPP/RN1QR1K1 w - - 0 12	e1e4	-16	22
r1bqr1k1/pppp1p2/2n4p/1Bb3p1/3NR3/2P3B1/PP3PPP/RN1Q2K1 b - - 0 12	e8e4	12	22
r1bq2k1/pppp1p2/2n4p/1Bb3p1/3Nr3/2P3B1/PP3PPP/RN1Q2K1 w - - 0 13	d4c6	-11	22
r1b2rk1/pp2npbp/1qnp2p1/2p1p3/4P3/P1NP1NPP/1PP2PB1/R1BQ1RK1 w - - 5 10	a1b1	3	22
r1bq2k1/p1pp1p2/2B4p/2b3p1/4r3/2P3B1/PP3PPP/RN1Q2K1 b - - 0 14	d8e7	9	22
r1bq2k1/p1pp1p2/2p4p/1Bb3p1/4r3/2P3B1/PP3PPP/RN1Q2K1 w - - 0 14	b5c6	-7	22
r1bq2k1/pppp1p2/2N4p/1Bb3p1/4r3/2P3B1/PP3PPP/RN1Q2K1 b - - 0 13	b7c6	1	22
rn2k2r/pp1qbppp/5n2/2pp4/3P4/7P/PPPNQPP1/R1B1K1NR w KQkq - 2 9	d4c5	-12	22
rn2k2r/pp1qbppp/5n2/2Pp4/8/7P/PPPNQPP1/R1B1K1NR b KQkq - 0 9	e8g8	21	22
r6r/ppp1kppp/2p5/5b2/8/P1nP1N2/2P2PPP/R1B1K2R w KQ - 0 12	c1b2	14	22
r3k2r/ppp1Qppp/2p5/5b2/8/P1nP1N2/2P2PPP/R1B1K2R b KQkq - 0 11	e8e7	-8	22
r1bq1rk1/4bppp/p2p1n2/2p1p3/1p2P3/1P1P1NNP/1PP2PP1/R1BQR1K1 b - - 1 13	a6a5	0	22
r1b2rk1/2q1bppp/p2p1n2/2p1p3/1p2P3/1P1P1NNP/1PP2PP1/R1BQR1K1 w - - 2 14	c2c3	25	22
r4rk1/2q1bppp/p2pbn2/2p1p3/1pP1P3/1P1P1NNP/1P3PP1/R1BQR1K1 w - - 1 15	f3g5	0	22
r1b2rk1/2q1bppp/p2p1n2/2p1p3/1pP1P3/1P1P1NNP/1P3PP1/R1BQR1K1 b - c3 0 14	f6e8	25	22
r4rk1/2q1bppp/p2pbn2/2p1pN2/1pP1P3/1P1P1N1P/1P3PP1/R1BQR1K1 b - - 2 15	e7d8	5	22
r4rk1/2q1bppp/p2p1n2/2p1pb2/1pP1P3/1P1P1N1P/1P3PP1/R1BQR1K1 w - - 0 16	e4f5	10	22
r4rk1/2q1bppp/p2p1n2/2p1pP2/1pP5/1P1P1N1P/1P3PP1/R1BQR1K1 b - - 0 16	h7h6	-7	22
r2r2k1/2q1bppp/p2p1n2/2p1pP2/1pP5/1P1P1N1P/1P3PP1/R1BQR1K1 w - - 1 17	g2g4	13	22
r2r1k2/2q1bppp/p2p1n2/2p1pP2/1pP5/1P1P1N1P/1P1B1PP1/R2QR1K1 w - - 3 18	g2g4	27	22
r2r2k1/2q1bppp/p2p1n2/2p1pP2/1pP5/1P1P1N1P/1P1B1PP1/R2QR1K1 b - - 2 17	c7d7	13	22
r2r1k2/2q1bppp/p4n2/2pppP2/1pP5/1P1P3P/1PQB1PPN/R3R1K1 b - - 1 19	c7d7	17	22
r2r1k2/2q1bppp/p2p1n2/2p1pP2/1pP5/1P1P3P/1P1B1PPN/R2QR1K1 b - - 4 18	h7h6	-36	22
r2r1k2/2q1bpp1/p4n1p/2pppP2/1pP5/1P1P3P/1PQB1PPN/R3R1K1 w - - 0 20	c4d5	26	22
r2r1k2/2q1bppp/p4n2/2pppP2/1pP5/1P1P3P/1P1B1PPN/R2QR1K1 w - - 0 19	g2g4	37	22
r2q1rk1/ppp1bppp/2n5/4p3/PnB5/3P1Q1P/1PP2PP1/RNB1R1K1 w - - 1 11	b1a3	115	22
r1bq1rk1/ppp2pbp/3p1np1/P2Pp3/1n2P3/2N2N2/1PP1BPPP/R1BQ1RK1 b - - 2 9	c8d7	-70	22
rn2kb1r/pp2nppp/2p1p3/q2pP3/2PPb3/1Q3N1P/PP1N1PP1/R1B1KB1R b KQkq - 4 8	b8d7	-9	22
r1bq1rk1/ppp2pbp/3p1np1/P2Pp3/1n2P3/2N2N2/1PP1BPPP/R1BQK2R w KQ - 1 9	a1a3	65	22
r3kb1r/pp1nnppp/2p1p3/q2pP3/2PPb3/1Q3N1P/PP1N1PP1/R1B1KB1R w KQkq - 5 9	b3c3	27	22
r2qkb1r/pp1n1ppp/2n1p3/1BPpP3/6b1/1N3N2/PPP2PPP/R1BQ1RK1 b kq - 4 10	d7e5	18	22
r2qkb1r/pp3ppp/2n1p3/1BPpn3/6b1/1N3N2/PPP2PPP/R1BQ1RK1 w kq - 0 11	f1e1	-30	22
r2qkb1r/pp3ppp/2n1p3/1BPpN3/6b1/1N6/PPP2PPP/R1BQ1RK1 b kq - 0 11	g4d1	63	22
r2qkb1r/pp3ppp/2n1p3/1BPpN3/8/1N6/PPP2PPP/R1Bb1RK1 w kq - 0 12	e5c6	-42	22
r2qkb1r/p4ppp/2p1p3/1BPp4/8/1N6/PPP2PPP/R1Bb1RK1 w kq - 0 13	b5c6	-49	22
r2qkb1r/pp3ppp/2N1p3/1BPp4/8/1N6/PPP2PPP/R1Bb1RK1 b kq - 0 12	b7c6	67	22
r2qkb1r/p4ppp/2B1p3/2Pp4/8/1N6/PPP2PPP/R1Bb1RK1 b kq - 0 13	e8e7	57	22
2rq1b1r/p3kppp/2B1p3/2Pp4/8/1N6/PPP2PPP/R1BR2K1 w - - 1 15	c6b7	-36	22
r2q1b1r/p3kppp/2B1p3/2Pp4/8/1N6/PPP2PPP/R1Bb1RK1 w - - 1 14	f1d1	-49	22
rn1qk2r/pp3ppp/2pbp3/4Nb2/P1BP1P2/2N5/1P3PPP/R2QK2R b KQkq - 2 10	b8d7	24	22
r2q1b1r/p3kppp/2B1p3/2Pp4/8/1N6/PPP2PPP/R1BR2K1 b - - 0 14	e7f6	49	22
2rq1b1r/p3kppp/4p3/1BPp4/8/1N6/PPP2PPP/R1BR2K1 b - - 2 15	e7f6	60	22
r2qk2r/pp1n1ppp/2pbp3/4Nb2/P1BP1P2/2N5/1P3PPP/R2QK2R w KQkq - 3 11	g2g4	-24	22
r1bq1rk1/ppp1bppp/2n2n2/3p4/3P4/P1N2NP1/1P2PPBP/R1BQK2R b KQ - 2 8	f6e4	4	22
r1bq1rk1/ppp1bppp/2n2n2/3p4/3P4/P4NP1/1P2PPBP/RNBQK2R w KQ - 1 8	b1c3	2	22
r1bq1rk1/p3p2p/1p3p2/n1pP2pP/4P3/5N2/P1Q1BPP1/1R2K2R w K - 0 16	h5h6	-7	22
r1bq1rk1/pp2p2p/5p2/n1pP2pP/4P3/5N2/P1Q1BPP1/1R2K2R b K - 1 15	b7b6	12	22
r1bq1rk1/p3p2p/1p3p2/n1pP2pP/4P3/5N2/P1Q1BPP1/1R3RK1 b - - 1 16	d8e8	-10	22
r1b2rk1/p1q1p2p/1p3p2/n1pP2pP/4P3/5N2/P1Q1BPP1/1R3RK1 w - - 2 17	b1d1	33	22
r1b2rk1/p1q1p2p/1p3p2/n1pP2pP/4P3/5N2/P1Q1BPP1/3R1RK1 b - - 3 17	e7e5	-35	22
1r3rk1/pp1bpp1p/1qnp1npb/2p5/P3PP2/2NPB1PP/1PP1N1B1/R2Q1RK1 w - - 1 12	g3g4	102	22
r1b2r1k/p1q1p2p/1p3p2/n1pP2pP/4P3/5N2/P2QBPP1/3R1RK1 b - - 5 18	c7f4	47	22
r1b2r1k/p1q1p2p/1p3p2/n1pP2pP/4P3/5N2/P1Q1BPP1/3R1RK1 w - - 4 18	c2c3	31	22
1r3rk1/pp1bppbp/1qnp1np1/2p5/P3PPP1/2NPB2P/1PP1N1B1/R2Q1RK1 w - - 1 13	f4f5	117	22
1r3rk1/pp1bpp1p/1qnp1npb/2p5/P3PPP1/2NPB2P/1PP1N1B1/R2Q1RK1 b - - 0 12	h6g7	-107	22
1r3rk1/pp1bppbp/1qnp1np1/2p5/P3PPP1/1PNPB2P/2P1N1B1/R2Q1RK1 b - - 0 13	b6a5	-56	22
1r3rk1/pp1b1pbp/1qnppnp1/2p2P2/P3P1P1/1PNPB2P/2P1N1B1/R2Q1RK1 b - - 0 14	g6f5	-91	22
1r3rk1/pp1b1pbp/1qnp1np1/2p2p2/P3P1P1/1PNPB2P/2P1N1B1/R2Q1RK1 w - - 0 15	e4f5	93	22
1r3rk1/pp1b1pbp/1qnppnp1/2p5/P3PPP1/1PNPB2P/2P1N1B1/R2Q1RK1 w - - 0 14	c3b5	78	22
1r3rk1/1p1b1pbp/pqnp1np1/2p2P2/P3P3/1PNPB2P/2P1N1B1/R2Q1RK1 w - - 0 16	a4a5	91	22
1r3rk1/pp1b1pbp/1qnp1np1/2p2P2/P3P3/1PNPB2P/2P1N1B1/R2Q1RK1 b - - 0 15	b8e8	-27	22
r1bq1rk1/p4ppp/2p1pn2/2pp4/Q2P1b2/2P1P2N/PP1N1PPP/R3K2R w KQ - 0 10	h3f4	-15	22
1r3rk1/1p1b1pbp/pqnp1np1/2p2P2/P3P3/1PNPB2P/2PQN1B1/R4RK1 b - - 1 16	c6d4	-72	22
r1bq1rk1/p4ppp/2p1pn2/2pp4/Q2P1N2/2P1P3/PP1N1PPP/R3K2R b KQ - 0 10	a7a5	6	22
r1bq1rk1/p3nppp/1pn1p3/2ppP3/P2P4/2P2N2/2P1BPPP/R1BQK2R w KQ - 3 10	h2h4	88	22
r1bqk2r/pp2ppbp/2n3p1/8/2BpP3/2P1BN2/P4PPP/R2QK2R w KQkq - 0 10	c3d4	24	22
r2q1rk1/pb2nppp/1pn1p3/2ppP3/P2P4/2P2N2/2P1BPPP/R1BQ1RK1 w - - 5 11	f1e1	87	22
r1bqk2r/4bppp/p2p1n2/npp2N2/4P3/1B5P/PPP2PP1/RNBQR1K1 b kq - 1 11	c8f5	394	22
r1bqk2r/4bppp/p2p1n2/npp5/3NP3/1B5P/PPP2PP1/RNBQR1K1 w kq - 0 11	d4f5	-394	22
r2qk2r/4bppp/p2p1n2/npp2P2/8/1B5P/PPP2PP1/RNBQR1K1 b kq - 0 12	c5c4	378	22
r2qk2r/4bppp/p2p1n2/npp2b2/4P3/1B5P/PPP2PP1/RNBQR1K1 w kq - 0 12	e4f5	-397	22
r2qk2r/4bppp/p2p1n2/np3P2/2p5/1B5P/PPP2PP1/RNBQR1K1 w kq - 0 13	g2g4	-379	22
r2qk2r/4bppp/p2p1n2/np3P2/2p2B2/1B5P/PPP2PP1/RN1QR1K1 b kq - 1 13	e8g8	478	22
r2qk2r/4bppp/p4n2/np1p1P2/2p2B2/1B5P/PPP2PP1/RN1QR1K1 w kq - 0 14	b1c3	-487	22
r2qk2r/4bppp/p4n2/np1p1P2/2p2B2/1B5P/PPPQ1PP1/RN2R1K1 b kq - 1 14	a5c6	578	22
r2qk2r/4bppp/p1n2n2/1p1p1P2/2p2B2/1B5P/PPPQ1PP1/RN2R1K1 w kq - 2 15	b3c4	-591	22
r3k2r/3qbppp/p1n2n2/1p1p1P2/2p2B2/1BQ4P/PPP2PP1/RN2R1K1 w kq - 4 16	c3g3	-599	22
r3k2r/3qbppp/p1n2n2/1p1p1P2/P1p2B2/1BQ4P/1PP2PP1/RN2R1K1 b kq - 0 16	e8g8	652	22
r2qk2r/4bppp/p1n2n2/1p1p1P2/2p2B2/1BQ4P/PPP2PP1/RN2R1K1 b kq - 3 15	e8g8	629	22
r3k2r/3qbppp/p1n2n2/3p1P2/Ppp2B2/1B4QP/1PP2PP1/RN2R1K1 b kq - 1 17	c4b3	594	22
r3k2r/3qbppp/p1n2n2/3p1P2/Ppp2B2/1BQ4P/1PP2PP1/RN2R1K1 w kq - 0 17	c3g3	-619	22
r1bq1rk1/2p1bppp/p2p1n2/n3p3/PN2P3/1B3N2/1PPP1PPP/R1BQR1K1 b - - 0 11	a8b8	40	22
1rbq1rk1/2p1bppp/p2p1n2/n3p3/PN2P3/1B3N2/1PPP1PPP/R1BQR1K1 w - - 1 12	b4d5	-61	22
1rbq1rk1/2p1bppp/p2p1n2/n2Np3/P3P3/1B3N2/1PPP1PPP/R1BQR1K1 b - - 2 12	a5b3	61	22
1rbq1rk1/2p1bppp/p2p1n2/3Np3/P3P3/1n3N2/1PPP1PPP/R1BQR1K1 w - - 0 13	d5e7	-48	22
1rbq1rk1/2p1Nppp/p2p1n2/4p3/P3P3/1n3N2/1PPP1PPP/R1BQR1K1 b - - 0 13	d8e7	36	22
r3k2r/3qbppp/p4n2/3p1P2/Pppn1B2/1B4QP/1PP2PP1/RN2R1K1 w kq - 2 18	g3g7	-604	22
1rb2rk1/2p1qppp/p2p1n2/4p3/P3P3/1n3N2/1PPP1PPP/R1BQR1K1 w - - 0 14	c2b3	-43	22
1rb2rk1/2p1qppp/p2p1n2/4p3/P3P3/1P3N2/1P1P1PPP/R1BQR1K1 b - - 0 14	c7c5	35	22
1rb2rk1/4qppp/p2p1n2/2p1p3/P3P3/1P3N2/1P1P1PPP/R1BQR1K1 w - - 0 15	d2d3	-42	22
r3k2r/3qbpQp/p4n2/3p1P2/Pppn1B2/1B5P/1PP2PP1/RN2R1K1 b kq - 0 18	d4f3	587	22
r1bqk2r/2p2ppp/3p1n2/pp2p3/4P3/PPPP1N2/5PPP/R1BQ1RK1 b kq - 1 11	h7h6	6	22
r1bqk2r/2p2pp1/3p1n1p/pp2p3/4P3/PPPP1N2/5PPP/R1BQ1RK1 w kq - 0 12	h2h3	1	22
r1bqk2r/2p2pp1/3p1n1p/pp2p3/P3P3/1PPP1N2/5PPP/R1BQ1RK1 b kq - 0 12	b5b4	10	22
r1bqk2r/2p2pp1/3p1n1p/p3p3/Pp2P3/1PPP1N2/5PPP/R1BQ1RK1 w kq - 0 13	c1b2	-6	22
r1bqk2r/2p2pp1/3p1n1p/4p3/Pp2P3/1P1P1N2/5PPP/R1BQ1RK1 w kq - 0 14	d3d4	-2	22
r1bqk2r/2p2pp1/3p1n1p/p3p3/PP2P3/1P1P1N2/5PPP/R1BQ1RK1 b kq - 0 13	a5b4	8	22
r1bq1rk1/2p2pp1/3p1n1p/4p3/Pp1PP3/1P3N2/5PPP/R1BQ1RK1 w - - 1 15	d4e5	0	22
r1bq1rk1/2p2pp1/3p1n1p/4P3/Pp2P3/1P3N2/5PPP/R1BQ1RK1 b - - 0 15	d6e5	1	22
r1bq1rk1/2p2pp1/5n1p/4p3/Pp2P3/1P3N2/5PPP/R1BQ1RK1 w - - 0 16	d1d8	1	22
r1bqk2r/2p2pp1/3p1n1p/4p3/Pp1PP3/1P3N2/5PPP/R1BQ1RK1 b kq - 0 14	f6e4	6	22
r1bQ1rk1/2p2pp1/5n1p/4p3/Pp2P3/1P3N2/5PPP/R1B2RK1 b - - 0 16	f8d8	5	22
r2qk2r/4bppp/p1npbn2/1p2p1B1/2B1P3/N1N2P2/PPP3PP/R2QK2R w KQkq - 0 11	g5f6	-164	22
r2qk2r/1p2bppp/p1npbn2/4p1B1/2B1P3/N1N2P2/PPP3PP/R2QK2R b KQkq - 5 10	b7b5	173	22
r4rk1/pp1b1ppp/2Bqpn2/2pp4/3P4/P1P1PN2/1P1N1PPP/R2QK2R b KQ - 0 10	d7c6	33	22
r4rk1/pp3ppp/2bqpn2/2pp4/3P4/P1P1PN2/1P1N1PPP/R2Q1RK1 b - - 1 11	f6d7	17	22
r4rk1/pp3ppp/2bqpn2/2pp4/3P4/P1P1PN2/1P1N1PPP/R2QK2R w KQ - 0 11	e1g1	-25	22
r1bqkb1r/pp3p1p/2np1np1/4p3/2B1P3/2N2N1P/PPP2PP1/R1BQK2R b KQkq - 3 8	c8e6	-74	22
r1bqk2r/pp3pbp/2np1np1/4p3/2B1P3/2N2N1P/PPP2PP1/R1BQK2R w KQkq - 4 9	d1d3	69	22
r1b1kb1r/1p2pppp/pq1p4/3N4/1n2P1n1/1N6/PPPBQPPP/R3KB1R b KQkq - 7 10	b4d5	-60	22
rnbq1rk1/ppp2ppp/4pn2/4N3/3P4/P1pQ2P1/P3PPBP/R1B1K2R b KQ - 1 9	b8d7	-3	22
rnbq1rk1/pp3ppp/4pn2/2p1N3/3P4/P1pQ2P1/P3PPBP/R1B1K2R w KQ - 0 10	d4c5	50	22
r1bqkbnr/pp3ppp/2n5/3p4/3p4/5N1P/PPPN1PP1/R1BQKB1R w KQkq - 2 7	d2b3	8	22
r1bqkbnr/pp3ppp/2n5/1B1p4/3p4/5N1P/PPPN1PP1/R1BQK2R b KQkq - 3 7	d8e7	7	22
r1bqk2r/ppp1bppp/2n1pn2/3p4/2P5/3P1NP1/PP2PPBP/RNBQK2R w KQkq - 1 6	e1g1	9	22
r2qkb1r/pp1bpppp/8/n2p3n/3P1B2/2PB4/PPQ2PPP/RN2K1NR w KQkq - 9 10	f4e3	29	22
r1bqk2r/pp2ppbp/2np2p1/2p5/P3P1n1/2NP2P1/1PPB1PBP/R2QK1NR b KQkq - 2 8	g7d4	56	22
r1bqk2r/pp2pp1p/2np2p1/2p5/P2bP1n1/2NP2P1/1PPB1PBP/R2QK1NR w KQkq - 3 9	g1h3	-51	22
rnbq1rk1/1pp1bppp/4pn2/p2P4/3P4/5NP1/PP2PPBP/RNBQ1RK1 b - - 0 7	e6d5	19	22
r1b1k2r/pp2ppbp/2n3p1/2pq4/P7/3P1NP1/1P2PPBP/R1BQK2R b KQkq - 0 9	c8g4	10	22
r3kb1r/pp1b1ppp/1qn1p3/3pPn2/N2P4/5N1P/PP2BPP1/R1BQK2R b KQkq - 8 12	b6a5	0	22
r3kb1r/pp1b1ppp/2n1p3/q2pPn2/N2P4/5N1P/PP2BPP1/R1BQK2R w KQkq - 9 13	a4c3	0	22
r3kb1r/pp1b1ppp/2n1p3/q2pPn2/3P4/2N2N1P/PP2BPP1/R1BQK2R b KQkq - 10 13	a5b6	0	22
rnbq1rk1/1pp1bppp/5n2/p2p4/3P4/5NP1/PP2PPBP/RNBQ1RK1 w - - 0 8	b1c3	-18	22
r1bqk2r/pp2pp1p/2np2p1/2p5/P2bP1n1/2NP2PN/1PPB1PBP/R2QK2R b KQkq - 4 9	h7h5	71	22
r2q1rk1/pp1bppbp/2np1np1/2p5/Q1P5/2NP1NP1/PP2PPBP/R1B2RK1 w - - 1 9	a4c2	-12	22
r2q1rk1/pp2ppbp/2np1np1/2p5/4P1bP/2NP1PP1/PPP1N1B1/R1BQ1RK1 b - - 0 9	g4d7	41	22
r2q1rk1/pp1bppbp/2np1np1/2p5/4P2P/2NP1PP1/PPP1N1B1/R1BQ1RK1 w - - 1 10	a2a4	-32	22
r1bq1rk1/pp2ppbp/2np1np1/2p5/4P2P/2NP1NP1/PPP2PB1/R1BQ1RK1 b - - 4 8	c8g4	58	22
r1bqk2r/1p2ppbp/p1np1np1/2p5/P3P3/2NPB1PP/1PP2PB1/R2QK1NR b KQkq - 0 8	a8b8	12	22
r2q1rk1/pp2ppbp/2np1np1/2p5/4P1bP/2NP1NP1/PPP2PB1/R1BQ1RK1 w - - 5 9	d1d2	-54	22
rnbqkbnr/pp3ppp/8/3p4/P2p4/5N2/1PPN1PPP/R1BQKB1R b KQkq - 1 6	b8c6	9	22
r1bqkbnr/pp3ppp/2n5/3p4/P2p4/5N2/1PPN1PPP/R1BQKB1R w KQkq - 2 7	d2b3	-5	22
r1bq1rk1/p2p1pbp/1pn2np1/1N2p3/2P5/2N1P1P1/PP3PBP/R1BQ1RK1 b - - 1 10	d7d5	-226	22
r1bq1rk1/pp1p1pbp/2n2np1/1N2p3/2P5/2N1P1P1/PP3PBP/R1BQK2R b KQ - 1 9	f6e8	-86	22
r1bq1rk1/p2p1pbp/1pn2np1/1N2p3/2P5/2N1P1P1/PP3PBP/R1BQK2R w KQ - 0 10	e1g1	253	22
r1b2rk1/p2pqpbp/1pn2np1/1N1Np3/2P5/4P1P1/PP3PBP/R1BQ1RK1 b - - 3 11	f6d5	-210	22
r1b2rk1/p2p1pbp/1pn2np1/1NqNp3/2P5/4P1P1/PP3PBP/R1BQ1RK1 w - - 4 12	b2b4	699	22
r1b2rk1/p2pqpbp/1pn2np1/1N2p3/2P5/2N1P1P1/PP3PBP/R1BQ1RK1 w - - 2 11	b2b3	396	22
r1b2rk1/p2p1pbp/1p3np1/1NqNp3/1nP5/4P1P1/P4PBP/R1BQ1RK1 w - - 0 13	d5f6	670	22
r1b2rk1/p2p1p1p/1p3bp1/1Nq1p3/1nP5/4P1P1/P4PBP/R1BQ1RK1 w - - 0 14	g2a8	686	22
r1b2rk1/p2p1pbp/1p3Np1/1Nq1p3/1nP5/4P1P1/P4PBP/R1BQ1RK1 b - - 0 13	g7f6	-665	22
B1b2rk1/p2p1p1p/1p3bp1/1Nq1p3/1nP5/4P1P1/P4P1P/R1BQ1RK1 b - - 0 14	c8a6	-643	22
B1b2rk1/p2p1p1p/1p1N1bp1/4p3/1nq5/4P1P1/P4P1P/R1BQ1RK1 b - - 1 15	c4e6	-650	22
B1b2rk1/p2p1p1p/1p3bp1/1N2p3/1nq5/4P1P1/P4P1P/R1BQ1RK1 w - - 0 15	b5d6	656	22
r1b2rk1/p2p1pbp/1pn2np1/1NqNp3/1PP5/4P1P1/P4PBP/R1BQ1RK1 b - - 0 12	c6b4	-710	22
B1b2rk1/p2p1p1p/1p1Nqbp1/4p3/1n6/B3P1P1/P4P1P/R2Q1RK1 b - - 3 16	c8a6	-682	22
B4rk1/p2p1p1p/bp1Nqbp1/4p3/1n6/B3P1P1/P4P1P/R2Q1RK1 w - - 4 17	a8e4	674	22
5rk1/p2p1p1p/bp1Nqbp1/4p3/1n6/B3P1P1/P4PBP/R2Q1RK1 b - - 5 17	a6f1	-665	22
B1b2rk1/p2p1p1p/1p1Nqbp1/4p3/1n6/4P1P1/P4P1P/R1BQ1RK1 w - - 2 16	a8e4	684	22
r3k2r/ppp1bppp/2n1b3/3q4/3Pn3/5N2/PP2BPPP/RNBQ1RK1 w kq - 0 10	b1c3	88	22
r3k2r/ppp1bppp/2n1b3/3q4/3Pn3/3B1N2/PP3PPP/RNBQ1RK1 b kq - 1 10	c6b4	-16	22
2kr3r/ppp1bppp/2n1b3/3q4/3Pn3/3B1N2/PP3PPP/RNBQ1RK1 w - - 2 11	b1c3	79	22
2kr3r/ppp1bppp/2n1b3/3q4/3Pn3/3B1N2/PP3PPP/RNBQR1K1 b - - 3 11	e4f6	-38	22
2kr3r/ppp1bppp/2n1bn2/3q4/3P4/3B1N2/PP3PPP/RNBQR1K1 w - - 4 12	b1c3	41	22
2kr3r/ppp1bppp/2n1bn2/3q4/3P4/2NB1N2/PP3PPP/R1BQR1K1 b - - 5 12	d5d6	-51	22
2kr3r/ppp1bppp/2n1bn2/q7/3P4/2NB1N2/PP3PPP/R1BQR1K1 w - - 6 13	c1e3	52	22
2kr3r/ppp1bppp/2n1b3/q2n4/3P4/2NBBN2/PP3PPP/R2QR1K1 w - - 8 14	d3e4	61	22
2kr3r/ppp1bppp/2n1bn2/q7/3P4/2NBBN2/PP3PPP/R2QR1K1 b - - 7 13	f6d5	-59	22
2kr3r/ppp1bppp/2n1b3/3q4/3P4/3BBN2/PP3PPP/R2QR1K1 w - - 0 15	a2a3	0	22
2kr3r/ppp1bppp/2n1b3/3q4/3P4/4BN2/PPB2PPP/R2QR1K1 b - - 1 15	e6g4	94	22
2kr3r/ppp1bppp/2n1b3/q2N4/3P4/3BBN2/PP3PPP/R2QR1K1 b - - 0 14	a5d5	10	22
2kr3r/ppp1bppp/2n5/3q4/3P2b1/4BN2/PPB2PPP/R2QR1K1 w - - 2 16	c2a4	-63	22
2kr3r/ppp1bppp/2n5/3q4/3P2b1/1B2BN2/PP3PPP/R2QR1K1 b - - 3 16	d5h5	69	22
rnbq1rk1/1p2bppp/4pn2/p1P1N3/2p5/2N3P1/PP2PPBP/R1BQ1RK1 b - - 0 9	d8c7	-139	22
rnbq1rk1/1p2bppp/4pn2/p1p1N3/2pP4/2N3P1/PP2PPBP/R1BQ1RK1 w - - 0 9	d4c5	126	22
rnb2rk1/1pq1bppp/4pn2/p1P1N3/2p5/2N3P1/PP2PPBP/R1BQ1RK1 w - - 1 10	e5c4	131	22
rnb2rk1/1pq1bppp/4pn2/p1P5/2N5/2N3P1/PP2PPBP/R1BQ1RK1 b - - 0 10	c7c5	-134	22
rnb2rk1/1pq2ppp/4pn2/p1b5/2N5/2N3P1/PP2PPBP/R1BQ1RK1 w - - 0 11	c3a4	209	22
r1bqk2r/pp3pbp/3p1np1/4p3/3BP3/2N5/PPPQBPPP/R3K2R w KQkq - 0 10	d4e3	156	22
r1bqk2r/pp3pbp/3p1np1/4p3/4P3/2N1B3/PPPQBPPP/R3K2R b KQkq - 1 10	e8g8	-159	22
r1bqk2r/pp2ppbp/3p1np1/8/3BP3/2N5/PPPQBPPP/R3K2R b KQkq - 0 9	e8g8	-42	22
rnbq1rk1/ppp2ppp/3b4/8/2BPn3/5N2/PP3PPP/RNBQK2R w KQ - 1 9	e1g1	4	22
rnbq1rk1/pp2bppp/4pn2/2pp4/2PP4/N4NP1/PP2PPBP/R1BQ1RK1 b - - 0 7	b8c6	8	22
r1bqk2r/pp3pbp/3p2p1/4p3/4P1n1/2N1B3/PPPQBPPP/R3K2R w KQkq - 2 11	e3g5	286	22
r1bq1rk1/ppp2ppp/2n5/1B1pp3/2P1n3/5N1P/PPP2PP1/R1BQR1K1 b - - 0 9	a7a6	-20	22
r2q1rk1/ppp2ppp/2n1b3/1B1Pp3/4n3/5N1P/PPP2PP1/R1BQR1K1 b - - 0 10	e6d5	-505	22
r2q1rk1/ppp2ppp/2n1b3/1B1pp3/2P1n3/5N1P/PPP2PP1/R1BQR1K1 w - - 1 10	c4d5	499	22
r4rk1/ppp2ppp/2n1b3/1B1qp3/4n3/5N1P/PPP2PP1/R1BQR1K1 w - - 0 11	d1d5	628	22
r4rk1/ppp2ppp/2n5/1B1bp3/4n3/5N1P/PPP2PP1/R1B1R1K1 w - - 0 12	c2c4	577	22
r4rk1/ppp2ppp/2n1b3/1B1Qp3/4n3/5N1P/PPP2PP1/R1B1R1K1 b - - 0 11	e6d5	-628	22
r4rk1/ppp2ppp/2n5/1B1bp3/2P1n3/5N1P/PP3PP1/R1B1R1K1 b - - 0 12	c6b4	-609	22
r4rk1/ppp2ppp/2nn4/1B1bp3/2P5/5N1P/PP3PP1/R1B1R1K1 w - - 1 13	c4d5	594	22
r4rk1/ppp2ppp/3n4/3Pp3/Bn6/5N1P/PP3PP1/R1B1R1K1 b - - 2 14	e5e4	-572	22
r4rk1/ppp2ppp/3n4/1B1Pp3/1n6/5N1P/PP3PP1/R1B1R1K1 w - - 1 14	b5a4	587	22
1rbqkb1r/p4ppp/2pp1n2/4p3/2B1P3/2N2P2/PPP3PP/R1BQK2R w KQk - 2 9	e1g1	8	22
r3kbnr/1p1q1ppp/p3p3/2ppPb2/3P4/1N3N2/PPP2PPP/R1BQ1RK1 b kq - 1 9	c5c4	90	22
r3kbnr/1p1q1ppp/p3p3/3pPb2/2pP4/1N3N2/PPP2PPP/R1BQ1RK1 w kq - 0 10	b3d2	-82	22
r3kbnr/1p1q1ppp/p3p3/3pPb2/2pP4/5N2/PPPN1PPP/R1BQ1RK1 b kq - 1 10	d7a4	88	22
r1bq1rk1/pp2npbp/3p1np1/P2pp3/4P3/2N2N2/1PP1BPPP/R1BQR1K1 w - - 0 11	e4d5	9	22
r4rk1/ppp2ppp/3n4/3P4/Bn2p3/5N1P/PP3PP1/R1B1R1K1 w - - 0 15	f3e5	577	22
r4rk1/ppp2ppp/2nn4/1B1Pp3/8/5N1P/PP3PP1/R1B1R1K1 b - - 0 13	c6b4	-609	22
r1bq1rk1/pp2npbp/3p1np1/P2Pp3/8/2N2N2/1PP1BPPP/R1BQR1K1 b - - 0 11	h7h6	-12	22
r4rk1/pbqn1ppp/2pb1n2/6B1/1p1RP3/2N2N2/PPQ1BPPP/3R2K1 b - - 1 15	d6c5	-26	22
r2q1rk1/1p2ppbp/p1np1np1/2p5/P3P1b1/2NPBNP1/1PP2PBP/R2Q1RK1 w - - 4 10	h2h3	4	22
r4rk1/pbqn1ppp/2p2n2/2b3B1/1p1RP3/2N2N2/PPQ1BPPP/3R2K1 w - - 2 16	d4d7	20	22
r2q1rk1/1p2ppbp/p1np1np1/2p5/P3P1b1/2NPBNPP/1PP2PB1/R2Q1RK1 b - - 0 10	g4f3	-7	22
r2q1rk1/1p2ppbp/p1np1np1/2p5/P3P3/2NPBbPP/1PP2PB1/R2Q1RK1 w - - 0 11	g2f3	6	22
r4rk1/pbqR1ppp/2p2n2/2b3B1/1p2P3/2N2N2/PPQ1BPPP/3R2K1 b - - 0 16	f6d7	-8	22
r1bqkb1r/1p3ppp/p1n1p3/3pP3/4nP2/1NN1B3/PPP3PP/R2QKB1R w KQkq - 1 10	c3e4	202	22
r1bqkb1r/1p3ppp/p1n1pn2/3pP3/5P2/1NN1B3/PPP3PP/R2QKB1R b KQkq - 0 9	f6d7	-88	22
r1bqkb1r/1p3ppp/p1n1p3/3pP3/4NP2/1N2B3/PPP3PP/R2QKB1R b KQkq - 0 10	d5e4	-229	22
r1bqkb1r/1p3ppp/p1n1p3/4P3/4pP2/1N2B3/PPP3PP/R2QKB1R w KQkq - 0 11	d1d8	232	22
r1bQkb1r/1p3ppp/p1n1p3/4P3/4pP2/1N2B3/PPP3PP/R3KB1R b KQkq - 0 11	c6d8	-251	22
r1b2b1r/1pk2ppp/p1n1p3/4P3/4pP2/1N2B3/PPP3PP/2KR1B1R w - - 2 13	b3d2	225	22
r1bk1b1r/1p3ppp/p1n1p3/4P3/4pP2/1N2B3/PPP3PP/R3KB1R w KQ - 0 12	e1c1	229	22
r1bk1b1r/1p3ppp/p1n1p3/4P3/4pP2/1N2B3/PPP3PP/2KR1B1R b - - 1 12	d8e8	-240	22
r1b2b1r/1pk2ppp/p1n1p3/4P3/4pP2/4B3/PPPN2PP/2KR1B1R b - - 3 13	c6b4	-237	22
r1b2b1r/1pk2ppp/p3p3/4P3/1n2pP2/4B3/PPPN2PP/2KR1B1R w - - 4 14	d2e4	218	22
r1b2b1r/1pk2ppp/p3p3/4P3/1n2NP2/4B3/PPP3PP/2KR1B1R b - - 0 14	b4a2	-269	22
r1b2b1r/1pk2ppp/p3p3/4P3/4NP2/4B3/nPP3PP/2KR1B1R w - - 0 15	c1b1	226	22
r1b2b1r/1pk2ppp/p3p3/4P3/4NP2/4B3/nPP3PP/1K1R1B1R b - - 1 15	a2b4	-224	22
r1b2b1r/1pk2ppp/p3p3/4P3/1n2NP2/4B3/1PP3PP/1K1R1B1R w - - 2 16	e4g5	260	22
r1bqkb1r/pp1n1ppp/2n1p3/1N1pP3/3p1P2/3B1N2/PPP3PP/R1BQK2R b KQkq - 3 8	f8c5	55	22
r1b2rk1/ppp1q1p1/2n1p2p/5p2/2PPp3/4P3/PP1NBPPP/R2Q1RK1 b - - 3 12	e6e5	-21	22
r1b2rk1/ppp1q1p1/2n1p2p/5p2/2PPp3/4P3/PP1NBPPP/R2QK2R w KQ - 2 12	e1g1	12	22
r1bqk2r/pp1n1ppp/2n1p3/1NbpP3/3p1P2/3B1N2/PPP3PP/R1BQK2R w KQkq - 4 9	a2a3	-60	22
r1bqkb1r/pp3ppp/2n2n2/1N1p4/5B2/2N5/PPP2PPP/R2QKB1R b KQkq - 1 8	f8e7	-433	22
r1bqkb1r/pp3ppp/2n1pn2/1N1P4/8/2N5/PPP2PPP/R1BQKB1R b KQkq - 0 7	f6d5	-342	22
r1bqkb1r/pp3ppp/2n2n2/1N1p4/8/2N5/PPP2PPP/R1BQKB1R w KQkq - 0 8	c1f4	444	22
r3kb1r/1p1q1pp1/2n1pnp1/p2p4/P2P1B2/1QP2N1P/1P1N1PP1/R3K2R w KQkq - 0 13	e1g1	47	22
r3kb1r/1p1qppp1/2n2np1/p2p4/P2P1B2/1QP2N1P/1P1N1PP1/R3K2R b KQkq - 0 12	e7e6	-35	22
1rbq1rk1/5ppp/p1np1b2/1p1Np3/4P3/2P5/PPN2PPP/R2QKB1R b KQ - 2 13	f6g5	7	22
1rbq1rk1/5ppp/p1np4/1p1Np1b1/4P3/2P5/PPN2PPP/R2QKB1R w KQ - 3 14	h2h4	-6	22
r2qkb1r/pp3ppp/2n2n2/1N1p4/5Bb1/2N5/PPP2PPP/R2QKB1R w KQkq - 2 9	f1e2	579	22
r1b2rk1/pp2ppbp/2n3p1/2pq4/P7/3P1NP1/1P2PPBP/R1BQK2R w KQ - 1 10	e1g1	-14	22
r2q1rk1/pppn1p1p/3p1npQ/8/3RP1b1/2N2N2/PPP1BPPP/2K4R b - - 0 11	f8e8	-52	22
r2q1rk1/pppn1p1p/3p1npQ/8/3RP3/2N2b2/PPP1BPPP/2K4R w - - 0 12	g2f3	93	22
r1b2rk1/pp2ppbp/2n3p1/2pq4/P7/3P1NP1/1P2PPBP/R1BQ1RK1 b - - 2 10	c8g4	7	22
r4rk1/pp2ppbp/2n3p1/2pq4/P5b1/3P1NP1/1P2PPBP/R1BQ1RK1 w - - 3 11	a4a5	-8	22
rnbqk2r/ppp3pp/4pn2/5p2/1bPP4/5NP1/P2BPPBP/RN1QK2R b KQkq - 2 9	b4d2	-114	22
r1bqk2r/ppp1b1pp/2n1pn2/2P2p2/3P4/5NP1/P2BPPBP/RN1QK2R w KQkq - 1 11	d1a4	84	22
rnbqk2r/ppp1b1pp/4pn2/5p2/2PP4/5NP1/P2BPPBP/RN1QK2R w KQkq - 3 10	b1c3	135	22
rnbqk2r/ppp1b1pp/4pn2/2P2p2/3P4/5NP1/P2BPPBP/RN1QK2R b KQkq - 0 10	b8c6	-95	22
r1bqk2r/ppp1b1pp/2n1pn2/2P2p2/3P4/4PNP1/P2B1PBP/RN1QK2R b KQkq - 0 11	e8g8	-79	22
r1bqk2r/ppp1b1pp/2n1p3/2P2p2/3Pn3/4PNP1/P2B1PBP/RN1QK2R w KQkq - 1 12	e1g1	116	22
r1bq1rk1/ppp1b1pp/2n1p3/2P2p2/3Pn3/2N1PNP1/P2B1PBP/R2QK2R w KQ - 3 13	e1g1	114	22
r1bq1rk1/ppp1b1pp/2n1p3/2P2p2/3PN3/4PNP1/P2B1PBP/R2QK2R b KQ - 0 13	f5e4	-37	22
r1bq1rk1/ppp1b1pp/2n1p3/2P5/3Pp3/4PNP1/P2B1PBP/R2QK2R w KQ - 0 14	f3e5	19	22
r1bqk2r/ppp1b1pp/2n1p3/2P2p2/3Pn3/2N1PNP1/P2B1PBP/R2QK2R b KQkq - 2 12	e7f6	-142	22
r1bq1rk1/ppp1b1pp/2n1p3/2P1N3/3Pp3/4P1P1/P2B1PBP/R2QK2R b KQ - 1 14	c6e5	-38	22
r1bq1rk1/ppp1b1pp/4p3/2P1P3/4p3/4P1P1/P2B1PBP/R2QK2R b KQ - 0 15	d8d5	-38	22
r1bq1rk1/ppp1b1pp/4p3/2P1n3/3Pp3/4P1P1/P2B1PBP/R2QK2R w KQ - 0 15	d4e5	28	22
r1b2rk1/ppp1b1pp/4p3/2P1P3/4p3/3qP1P1/P2B1PBP/R2QK2R w KQ - 1 16	d1g4	96	22
rnbq1rk1/bp3ppp/p4n2/3p4/P7/1N1B1N2/1PP2PPP/R1BQ1RK1 b - - 7 10	b8c6	19	22
rnbq1rk1/bp3ppp/p4n2/3p4/P7/1N1B1N2/1PP2PPP/R1BQK2R w KQ - 6 10	e1g1	-29	22
r1b2rk1/ppp1b1pp/4p3/2P1P3/4p3/3qP1P1/P2B1PBP/RQ2K2R b KQ - 2 16	f8d8	-47	22
r2qkb1r/pp3ppp/2np1n2/4p3/4P1b1/N1NQ4/PPP2PPP/R1B1KB1R b KQkq - 3 8	d6d5	8	22
r2qk2r/pp2bppp/2np1n2/4p3/4P1b1/N1NQ4/PPP2PPP/R1B1KB1R w KQkq - 4 9	a3c4	1	22
rnbq1rk1/pp3ppp/4pn2/b7/2BP4/P1N2N1P/1P3PP1/R1BQK2R b KQ - 0 10	d8c7	8	22
rnb2rk1/ppq2ppp/4pn2/b7/2BP4/P1N2N1P/1P3PP1/R1BQK2R w KQ - 1 11	d1b3	-20	22
r1bq1rk1/pp2ppbp/2n2np1/2pp4/2P4P/2NP1NP1/PP2PPB1/R1BQK2R w KQ - 0 8	c4d5	-12	22
r1bq1rk1/pp1pppbp/2n2np1/2p5/2P4P/2NP1NP1/PP2PPB1/R1BQK2R b KQ - 0 7	d7d6	12	22
r2qk2r/ppp2ppp/2nb4/3p4/3P2b1/3B1N2/PPPB1PPP/R2Q1RK1 w kq - 3 10	f1e1	74	22
r2qk2r/ppp2ppp/2nb4/3p4/3P2b1/3B1N2/PPPB1PPP/R2QR1K1 b kq - 4 10	d6e7	-63	22
r2q3r/pppk1ppp/2nb4/3p4/3P2b1/3B1N2/PPPB1PPP/R2QR1K1 w - - 5 11	f3g5	578	22
r2q3r/pppk1ppp/2nbb3/3p4/3P4/3B1N1P/PPPB1PP1/R2QR1K1 w - - 1 12	c2c4	426	22
r2q3r/pppk1ppp/2nbb3/3p2B1/3P4/3B1N1P/PPP2PP1/R2QR1K1 b - - 2 12	d8f8	-309	22
r3q2r/pppk1ppp/2nbb3/3p2B1/3P4/3B1N1P/PPP2PP1/R2QR1K1 w - - 3 13	c2c4	569	22
r3q2r/pppk1ppp/2nbb3/3pN1B1/3P4/3B3P/PPP2PP1/R2QR1K1 b - - 4 13	d6e5	-204	22
r2q3r/pppk1ppp/2nb4/3p4/3P2b1/3B1N1P/PPPB1PP1/R2QR1K1 b - - 0 11	g4e6	-433	22
r3q2r/pppk1ppp/3bb3/3pn1B1/3P4/3B3P/PPP2PP1/R2QR1K1 w - - 0 14	d4e5	200	22
r3q2r/pppk1ppp/3bb3/3pP1B1/8/3B3P/PPP2PP1/R2QR1K1 b - - 0 14	d6e7	-212	22
r3q2r/pppk1ppp/4b3/2bpP1B1/8/3B3P/PPP2PP1/R2QR1K1 w - - 1 15	c2c4	270	22
r3q2r/pppk1ppp/4b3/1BbpP1B1/8/7P/PPP2PP1/R2QR1K1 b - - 2 15	c7c6	-57	22
r3q2r/pp1k1ppp/2p1b3/1BbpP1B1/8/7P/PPP2PP1/R2QR1K1 w - - 0 16	b5f1	80	22
r3q2r/pp1k1pp1/2p1b2p/1BbpP1B1/8/3Q3P/PPP2PP1/R3R1K1 w - - 0 17	g5d2	11	22
r3q2r/pp1k1ppp/2p1b3/1BbpP1B1/8/3Q3P/PPP2PP1/R3R1K1 b - - 1 16	d7c7	-6	22
r1bqk2r/pppnbppp/4pn2/8/Q1p5/P1N2NP1/1P1PPPBP/R1B1K2R b KQkq - 3 7	a7a6	26	22
r1bqk2r/pppnbppp/4pn2/8/2Q5/P4NP1/1P1PPPBP/RNB1K2R b KQkq - 0 7	c7c5	-4	22
r3q2r/pp1k1pp1/2p1b2p/1BbpP3/5B2/3Q3P/PPP2PP1/R3R1K1 b - - 1 17	d7c7	31	22
r1bq1rk1/pppnbppp/4pn2/8/2Q5/P4NP1/1P1PPPBP/RNB1K2R w KQ - 1 8	c4c2	2	22
r1bq1rk1/pppnbppp/4pn2/8/2Q5/P1N2NP1/1P1PPPBP/R1B1K2R b KQ - 0 8	a7a6	8	22
r1bq1rk1/pppnbppp/4pn2/8/Q1p5/P1N2NP1/1P1PPPBP/R1B1K2R w KQ - 4 8	a4c4	-9	22
r1bq1rk1/pp1nbppp/4pn2/2p5/2Q5/P1N2NP1/1P1PPPBP/R1B1K2R w KQ - 0 9	d2d4	5	22
r1bq1rk1/pp1nbppp/4pn2/2p5/2Q1P3/P1N2NP1/1P1P1PBP/R1B1K2R b KQ - 0 9	f6g4	126	22
r1bq1rk1/pp1nbppp/4p3/2p5/2Q1P1n1/P1N2NP1/1P1P1PBP/R1B1K2R w KQ - 1 10	e1g1	-125	22
r1bq1rk1/pp1nbppp/4p3/2p5/2Q1P1n1/P1N2NP1/1P1P1PBP/R1B2RK1 b - - 2 10	g4e5	144	22
r1bq1rk1/pp1nbppp/4p3/2p1n3/2Q1P3/P1N2NP1/1P1P1PBP/R1B2RK1 w - - 3 11	c4a4	-128	22
r1bq1rk1/pp1nbppp/4p3/1Qp1n3/4P3/P1N2NP1/1P1P1PBP/R1B2RK1 b - - 4 11	e5f3	185	22
r1bq1rk1/1p1nbppp/p3p3/1Qp1n3/4P3/P1N2NP1/1P1P1PBP/R1B2RK1 w - - 0 12	b5e2	-193	22
r1bq1rk1/3nbppp/p3p3/1pp1n3/4P3/P1N2NP1/1P1PQPBP/R1B2RK1 w - - 0 13	f3e1	-109	22
r1bq1rk1/1p1nbppp/p3p3/2p1n3/4P3/P1N2NP1/1P1PQPBP/R1B2RK1 b - - 1 12	e5f3	161	22
r1bq1rk1/3nbppp/p3p3/1pp1n3/4P3/P1NP1NP1/1P2QPBP/R1B2RK1 b - - 0 13	e5f3	144	22
r1bq1rk1/3nbp1p/p3p3/1pp1n1p1/4P3/P1NPBNP1/1P2QPBP/R4RK1 b - - 1 14	a8a7	-41	22
r1bq1rk1/3nbp1p/p3p3/1pp1n1p1/4P3/P1NP1NP1/1P2QPBP/R1B2RK1 w - - 0 14	c1e3	49	22
r1bq1rk1/3nbp2/p3p3/1pp1n1pp/4P3/P1NPBNP1/1P2QPBP/R4RK1 w - - 0 15	f3e5	274	22
rnbqk2r/ppp1bppp/4pn2/8/2P5/2QpPNP1/PP1P1PBP/RNB1K2R b KQkq - 1 7	b8c6	-14	22
r2q1rk1/ppp1bppp/2n1b3/3np3/P1B5/2PP1N2/1P1N1PPP/R1BQR1K1 b - - 3 10	d5f4	-7	22
r1bqk2r/ppp1bppp/n3pn2/8/2P5/2QpPNP1/PP1P1PBP/RNB1K2R w KQkq - 2 8	e1g1	62	22
r4rk1/ppp1bppp/2nqb3/3np3/P1B5/2PP1N2/1P1N1PPP/R1BQR1K1 w - - 4 11	c4b5	121	22
r1bq1rk1/3nbp2/p3p3/1pp1n1pp/3PP3/P1N1BNP1/1P2QPBP/R4RK1 b - - 0 15	e5c4	-107	22
r4rk1/ppp1bppp/2nqb3/3np3/P1B1N3/2PP1N2/1P3PPP/R1BQR1K1 b - - 5 11	d6d7	-109	22
r4rk1/pppqbppp/2n1b3/3np1N1/P1B5/2PP1N2/1P3PPP/R1BQR1K1 b - - 7 12	e7g5	-38	22
r4rk1/pppqbppp/2n1b3/3np3/P1B1N3/2PP1N2/1P3PPP/R1BQR1K1 w - - 6 12	a4a5	99	22
r4rk1/pppqbppp/2n5/3np1N1/P1B3b1/2PP1N2/1P3PPP/R1BQR1K1 w - - 8 13	h2h3	139	22
r4rk1/pppqbppp/2n5/3Bp1N1/P5b1/2PP1N2/1P3PPP/R1BQR1K1 b - - 0 13	d7d5	149	22
r4rk1/ppp1bppp/2n5/3qp1N1/P5b1/2PP1N2/1P3PPP/R1BQR1K1 w - - 0 14	b2b4	-182	22
r4rk1/ppp1bppp/2n5/3qp1N1/P1P3b1/3P1N2/1P3PPP/R1BQR1K1 b - - 0 14	d5d8	302	22
r4rk1/pppqbppp/2n5/4p1N1/P1P3b1/3P1N2/1P3PPP/R1BQR1K1 w - - 1 15	h2h3	-98	22
r4rk1/pppqbppp/2n5/4p1N1/P1P3b1/3P1N1P/1P3PP1/R1BQR1K1 b - - 0 15	g4f3	102	22
r4rk1/pppqbppp/2n5/4p1N1/P1P5/3P1b1P/1P3PP1/R1BQR1K1 w - - 0 16	g5f3	-93	22
r4rk1/pppqbppp/2n5/4p1N1/P1P5/3P1Q1P/1P3PP1/R1B1R1K1 b - - 0 16	a8d8	320	22
r4rk1/pppq1ppp/2n5/4p1N1/PbP5/3P1Q1P/1P3PP1/R1B1R1K1 w - - 1 17	e1d1	-304	22
rn1q1rk1/pb2bppp/1p1p1n2/2pp4/2P4N/2N3P1/PP2PPBP/R1BQR1K1 b - - 1 10	b6b5	-68	22
rn1qk2r/ppp2ppp/3b4/5bN1/3Pp3/8/PPP2PPP/R1BQKB1R w KQkq - 2 9	f1c4	54	22
r1bqkb1r/ppp2ppp/2n5/3p4/3Pn3/4BN2/PPPN1PPP/R2QKB1R b KQkq - 3 7	f8d6	2	22
r4rk1/pppq1ppp/2n5/4p1N1/PbP5/3P1Q1P/1P2RPP1/R1B3K1 b - - 2 17	f7f6	640	22
r2q1rk1/pb2bppp/1pnp1n2/2pp4/2P4N/2N3P1/PP2PPBP/R1BQR1K1 w - - 2 11	c4d5	202	22
rnbq1rk1/p4ppp/1p2pn2/2p5/2BP4/P1P1P3/2Q2PPP/R1B1K1NR w KQ - 0 10	g1e2	4	22
r2q1rk1/pb2bppp/1pnp1n2/2pP4/7N/2N3P1/PP2PPBP/R1BQR1K1 b - - 0 11	c6e5	-182	22
r2q1rk1/pb2bppp/1p1p1n2/2pPn3/7N/2N3P1/PP2PPBP/R1BQR1K1 w - - 1 12	f2f4	169	22
r2q1rk1/pb2bppp/1p1p1n2/2pPnN2/8/2N3P1/PP2PPBP/R1BQR1K1 b - - 2 12	f8e8	-186	22
r1bq1rk1/p3bppp/1p1p1n2/2pPnN2/8/2N3P1/PP2PPBP/R1BQR1K1 w - - 3 13	f5e7	228	22
r1b2rk1/p3qppp/1p1p1n2/2pPn3/5P2/2N3P1/PP2P1BP/R1BQR1K1 b - - 0 14	e5g6	-227	22
r1b2rk1/p3qppp/1p1p1n2/2pPn3/8/2N3P1/PP2PPBP/R1BQR1K1 w - - 0 14	f2f4	208	22
r1bq1rk1/p3Nppp/1p1p1n2/2pPn3/8/2N3P1/PP2PPBP/R1BQR1K1 b - - 0 13	d8e7	-217	22
r1b2rk1/p3qppp/1p1p1nn1/2pP4/5P2/2N3P1/PP2P1BP/R1BQR1K1 w - - 1 15	e2e4	242	22
r1b2rk1/p3qppp/1p1p1nn1/2pP4/4PP2/2N3P1/PP4BP/R1BQR1K1 b - - 0 15	f8e8	-237	22
r4rk1/p3qppp/1p1p1nn1/2pP4/4PPb1/2N3P1/PP4BP/R1BQR1K1 w - - 1 16	d1d3	245	22
4rrk1/p3qppp/1p1p1nn1/2pP4/4PPb1/2N3P1/PP1Q2BP/R1B1R1K1 w - - 3 17	a2a4	213	22
r4rk1/p3qppp/1p1p1nn1/2pP4/4PPb1/2N3P1/PP1Q2BP/R1B1R1K1 b - - 2 16	a8e8	-234	22
r1b1k1nr/pp3ppp/2n1p3/3pP3/1b1P4/1P3N2/1P1B1PPP/RN2KB1R b KQkq - 2 9	b4d2	12	22
4rrk1/p3qppp/1p1p1nn1/2pP4/4PPb1/2N3PP/PP1Q2B1/R1B1R1K1 b - - 0 17	g4d7	-213	22
r1b1k1nr/pp3ppp/2n1p3/3pP3/1b1P4/1PN2N2/1P3PPP/R1B1KB1R b KQkq - 2 9	g8e7	32	22
r1b1k2r/pp2nppp/2n1p3/3pP3/1b1P4/1PN2N2/1P3PPP/R1B1KB1R w KQkq - 3 10	c1d2	-37	22
r1b1k2r/pp2nppp/2n1p3/3pP3/1b1P4/1P3N2/1P1B1PPP/RN2KB1R w KQkq - 3 10	b1a3	-27	22
rn1qk2r/ppp2ppp/3b4/5bN1/3Pp3/8/PPP1QPPP/R1B1KB1R b KQkq - 3 9	d6e7	-8	22
rn1q1rk1/ppp2ppp/3b4/5bN1/3Pp1P1/8/PPP1QP1P/R1B1KB1R b KQ - 0 10	f5d7	-22	22
rn1q1rk1/ppp2ppp/3b2b1/6N1/3Pp1P1/8/PPP1QP1P/R1B1KB1R w KQ - 1 11	h2h4	48	22
rn1q1rk1/ppp2ppp/3b4/5bN1/3Pp3/8/PPP1QPPP/R1B1KB1R w KQ - 4 10	g2g4	23	22
rn1q1rk1/ppp2ppp/3b2b1/6N1/3Pp1P1/2P5/PP2QP1P/R1B1KB1R b KQ - 0 11	h7h6	94	22
2rq1rk1/1p1nbppp/2npb3/p2Np3/P1P1P3/1N2BP2/1P1Q2PP/R3KB1R w KQ - 3 13	d5e7	8	22
2rq1rk1/1p1nbppp/2npb3/p2Np3/P1P1P3/1N2BP2/1P1QB1PP/R3K2R b KQ - 4 13	b7b6	9	22
2rq1rk1/1p2bppp/2npb3/p1nNp3/P1P1P3/RN2BP2/1P1QB1PP/4K2R b K - 6 14	b7b6	-11	22
2rq1rk1/1p2bppp/2npb3/p1nNp3/P1P1P3/1N2BP2/1P1QB1PP/R3K2R w KQ - 5 14	a1a3	5	22
2rq1rk1/1p2bpp1/2npb2p/p1nNp3/P1P1P3/RN2BP2/1P1QB1PP/5RK1 b - - 1 15	e7g5	8	22
2rq1rk1/1p2bpp1/2npb2p/p1nNp3/P1P1P3/RN2BP2/1P1QB1PP/4K2R w K - 0 15	d5e7	76	22
2rq1rk1/1p3pp1/2npb2p/p1nNp1b1/P1P1P3/RN2BP2/1P1QB1PP/5RK1 w - - 2 16	b3c5	0	22
2rq1rk1/1p3pp1/2npb2p/p1nNp1b1/P1P1P3/RN2BP2/1P1QBRPP/6K1 b - - 3 16	b7b6	58	22
2rqr1k1/1p3pp1/2npb2p/p1nNp1b1/P1P1P3/RN2BP2/1P1QBRPP/6K1 w - - 4 17	b3c5	-16	22
2rqr1k1/1p3pp1/2npb2p/p1NNp1b1/P1P1P3/R3BP2/1P1QBRPP/6K1 b - - 0 17	d6c5	12	22
2rqr1k1/1p3pp1/2n1b2p/p1pNp1b1/P1P1P3/1R2BP2/1P1QBRPP/6K1 b - - 1 18	b7b6	22	22
r1b1kb1r/1p2pppp/pqnp4/8/4P1n1/1NN2Q2/PPPB1PPP/R3KB1R b KQkq - 5 9	c6b4	-77	22
2rqr1k1/1p3pp1/2n1b2p/p1pNp1b1/P1P1P3/R3BP2/1P1QBRPP/6K1 w - - 0 18	f3f4	-35	22
r1b1kb1r/1p2pppp/pq1p4/4n3/4P1n1/1NN2Q2/PPPB1PPP/R3KB1R w KQkq - 6 10	f3g3	193	22
r3kb1r/1p2pppp/pq1pb3/4n3/4P1n1/1NN3Q1/PPPB1PPP/R3KB1R w KQkq - 8 11	f2f4	238	22
r1b1kb1r/1p2pppp/pq1p4/4n3/4P1n1/1NN3Q1/PPPB1PPP/R3KB1R b KQkq - 7 10	e5c6	-188	22
r1bq1rk1/ppp2pbp/3p1np1/3Pp3/2PnP3/P1N2N2/1P2BPPP/R1BQK2R w KQ - 1 9	f3d4	23	22
r1bq1rk1/ppp2pbp/3p1np1/3P4/2PpP3/P1N5/1P2BPPP/R1BQK2R w KQ - 0 10	d1d4	13	22
r1bq1rk1/ppp2pbp/3p1np1/3Pp3/2PNP3/P1N5/1P2BPPP/R1BQK2R b KQ - 0 9	e5d4	-12	22
r1bq1rk1/ppp2pbp/3p1np1/3P4/2PQP3/P1N5/1P2BPPP/R1B1K2R b KQ - 0 10	f6d7	-11	22
r2qkb1r/pp1b1ppp/2N2n2/3p4/8/2NQB3/PPP2PPP/R3KB1R b KQkq - 0 9	b7c6	24	22
r2qkb1r/pp1b1ppp/2n2n2/3p4/3N4/2NQB3/PPP2PPP/R3KB1R w KQkq - 2 9	e1c1	55	22
r2qkb1r/pp3ppp/2b2n2/3p4/8/2NQB3/PPP2PPP/R3KB1R w KQkq - 0 10	f1e2	65	22
r2qk2r/pp3ppp/2bb1n2/3p2B1/8/2NQ4/PPP2PPP/2KR1B1R b kq - 3 11	e8g8	-24	22
r2qk2r/pp3ppp/2bb1n2/3p4/8/2NQB3/PPP2PPP/2KR1B1R w kq - 2 11	f1e2	124	22
r2qk2r/pp3ppp/2b2B2/2bp4/8/2NQ4/PPP2PPP/2KR1B1R b kq - 0 12	d8f6	-53	22
r2qk2r/pp3ppp/2b2n2/2bp2B1/8/2NQ4/PPP2PPP/2KR1B1R w kq - 4 12	d3e2	77	22
r2qkb1r/pp3ppp/2b2n2/3p4/8/2NQB3/PPP2PPP/2KR1B1R b kq - 1 10	f8e7	-65	22
r3k2r/pp3ppp/2b2q2/2bN4/8/3Q4/PPP2PPP/2KR1B1R b kq - 0 13	f6h6	-45	22
r3k2r/pp3ppp/2b2q2/2bp4/8/2NQ4/PPP2PPP/2KR1B1R w kq - 0 13	c3d5	48	22
r3k2r/pp3ppp/5q2/3Q4/8/8/PPP2bPP/2KR1B1R w kq - 0 15	f1b5	747	22
r3k2r/pp3ppp/5q2/1B1Q4/8/8/PPP2bPP/2KR3R b kq - 1 15	e8f8	-795	22
r3k2r/pp3ppp/5q2/2bb4/8/3Q4/PPP2PPP/2KR1B1R w kq - 0 14	d3d5	525	22
r4k1r/pp3ppp/5q2/1B1Q4/8/8/PPP2bPP/2KR3R w - - 2 16	h1f1	818	22
r4k1r/pp3ppp/5q2/1B1Q4/8/8/PPP2bPP/2KR1R2 b - - 3 16	g7g6	-828	22
rnbqr1k1/ppp2ppp/3b4/3P4/3Pn3/P4N2/1P2BPPP/RNBQK2R b KQ - 2 9	b8d7	5	22
r1bqr1k1/pppn1ppp/3b4/3P4/3Pn3/P4N2/1P2BPPP/RNBQK2R w KQ - 3 10	e1g1	-4	22
r1bqr1k1/pppn1ppp/3b4/3P4/3Pn3/P4N2/1P2BPPP/RNBQ1RK1 b - - 4 10	d7b6	14	22
r1bqr1k1/ppp2ppp/1n1b4/3P4/3Pn3/P4N2/1P2BPPP/RNBQ1RK1 w - - 5 11	b1d2	-4	22
r3k2r/pp3ppp/5q2/2bQ4/8/8/PPP2PPP/2KR1B1R b kq - 0 14	c5b6	-525	22
r1bq1rk1/ppp2ppp/2nb1n2/3p4/3PP3/2NB4/PP2NPPP/R1BQ1RK1 b - - 0 9	d5e4	70	22
r1bqk1nr/bp3ppp/p1n5/3p4/P7/1N1B1N2/1PP2PPP/R1BQK2R b KQkq - 5 9	g8f6	15	22
r1bqk1nr/bp3ppp/p1n5/3p4/P7/1N3N2/1PP2PPP/R1BQKB1R w KQkq - 4 9	c1e3	-8	22
r1bq1rk1/p2n1ppp/2pb1n2/1p6/3pP3/1BN2N1P/PP3PP1/R1BQ1RK1 w - - 0 12	f3d4	36	22
r1bqkb1r/pp3ppp/2n1p3/3pP3/5P2/2NQ1N2/PPP3PP/R1B1K2R b KQkq - 0 9	c6b4	30	22
r1bqkb1r/pp3ppp/4p3/3pP3/1n3P2/2NQ1N2/PPP3PP/R1B1K2R w KQkq - 1 10	d3d2	-25	22
r1bq1rk1/p2n1ppp/2pb1n2/1p6/3NP3/1BN4P/PP3PP1/R1BQ1RK1 b - - 0 12	b5b4	-37	22
r1b2rk1/p1qn1ppp/2pb1n2/1p3N2/4P3/1BN4P/PP3PP1/R1BQ1RK1 b - - 2 13	d6e5	-20	22
r1b2rk1/p1qn1ppp/2pb1n2/1p6/3NP3/1BN4P/PP3PP1/R1BQ1RK1 w - - 1 13	c1e3	74	22
r1b2rk1/p1qn1ppp/2p2n2/1p3N2/4P3/1BN4P/PP3PPb/R1BQ1RK1 w - - 3 14	g1h1	32	22
r1b2rk1/p1qn1ppp/2p2n2/1p3N2/4P3/1BN4P/PP3PPb/R1BQ1R1K b - - 4 14	h2e5	-41	22
r1b2rk1/p1q2ppp/2p2n2/1pn2N2/4P3/1BN4P/PP3PPb/R1BQ1R1K w - - 5 15	g2g3	286	22
r1b2rk1/p1q2ppp/2p2n2/1pn2N2/4P3/1BN3PP/PP3P1b/R1BQ1R1K b - - 0 15	b5b4	-276	22
r4rk1/p1q2ppp/2p2n2/1pn2b2/4P3/1BN3PP/PP3P1b/R1BQ1R1K w - - 0 16	e4f5	341	22
r1bq1rk1/pp3pbp/2np1np1/2pNp3/P3P3/3P1NP1/1PP2PBP/R1BQ1RK1 b - - 1 9	f6d5	32	22
r1bq1rk1/pp3pbp/2np2p1/2pnp3/P3P3/3P1NP1/1PP2PBP/R1BQ1RK1 w - - 0 10	e4d5	-39	22
r1bq1rk1/pp3pbp/2np2p1/2pPp3/P7/3P1NP1/1PP2PBP/R1BQ1RK1 b - - 0 10	c6e7	35	22
r4rk1/p1q2ppp/2p2n2/1pn2P2/8/1BN3PP/PP3P1b/R1BQ1R1K b - - 0 16	f8d8	-346	22
r1bq1rk1/pp3pbp/3p2p1/2pPp3/Pn6/3P1NP1/1PP2PBP/R1BQ1RK1 w - - 1 11	f3e1	-4	22
r1bq1rk1/pp3pbp/3p2p1/2pPp3/Pn6/3P2P1/1PPN1PBP/R1BQ1RK1 b - - 2 11	b7b6	42	22
r1bq1rk1/p4pbp/1p1p2p1/2pPp3/Pn6/3P2P1/1PPN1PBP/R1BQ1RK1 w - - 0 12	d2c4	-36	22
r1bq1rk1/p4pbp/1p1p2p1/2pPp3/Pn2N3/3P2P1/1PP2PBP/R1BQ1RK1 b - - 1 12	h7h6	69	22
r1bq1rk1/p4pb1/1p1p2pp/2pPp3/Pn2N3/3P2P1/1PP2PBP/R1BQ1RK1 w - - 0 13	e4c3	-54	22
r1bq1rk1/p4pb1/1p1p2pp/2pPp3/Pn6/2NP2P1/1PP2PBP/R1BQ1RK1 b - - 1 13	c8b7	61	22
r2q1rk1/pb4b1/1p1p2pp/2pPpp2/Pn6/2NP2P1/1PP2PBP/R1BQR1K1 w - - 0 15	c3a2	-72	22
r2q1rk1/pb3pb1/1p1p2pp/2pPp3/Pn6/2NP2P1/1PP2PBP/R1BQ1RK1 w - - 2 14	c3a2	-72	22
r2q1rk1/1b4b1/1p1p2pp/p1pPpp2/Pn6/2NP2P1/1PPB1PBP/R2QR1K1 w - - 0 16	c3b5	-105	22
r2q1rk1/pb4b1/1p1p2pp/2pPpp2/Pn6/2NP2P1/1PPB1PBP/R2QR1K1 b - - 1 15	d8d7	140	22
r2q1rk1/pb3pb1/1p1p2pp/2pPp3/Pn6/2NP2P1/1PP2PBP/R1BQR1K1 b - - 3 14	a7a5	93	22
r2q1rk1/1b4b1/1p1p2pp/p1pPpp2/Pn6/2NP2P1/1PPB1PBP/2RQR1K1 b - - 1 16	d8d7	116	22
r1bqk2r/bp1n1ppp/p1n1p3/3pP3/5P2/2NB1N2/PPP1Q1PP/R1B1K2R w KQkq - 2 10	c3d1	-4	22
r4rk1/1b1q2b1/1p1p2pp/p1pPpp2/Pn6/2NP2P1/1PPBQPBP/2R1R1K1 b - - 3 17	a8d8	124	22
r4rk1/1b1q2b1/1p1p2pp/p1pPpp2/Pn6/2NP2P1/1PPB1PBP/2RQR1K1 w - - 2 17	h2h3	-130	22
1rbqk2r/pp3pbp/2nppnp1/2p5/4PP2/2NPBNP1/PPP3BP/R2Q1RK1 b k - 5 9	e8g8	8	22
1rbqk2r/pp3pbp/2npp1p1/2p5/4PPn1/2NPBNP1/PPP3BP/R2Q1RK1 w k - 6 10	e3d2	-5	22
r1bq1rk1/ppp1ppbp/2n2np1/3p4/P2PP3/2N2N2/1PP1BPPP/R1BQ1RK1 w - - 0 8	e4e5	84	22
r1bq1rk1/ppp1ppbp/2n2np1/3pP3/P2P4/2N2N2/1PP1BPPP/R1BQ1RK1 b - - 0 8	f6e4	-75	22
r4rk1/pp1qnpbp/2npb1p1/2pNp3/4P3/P2P2PP/1PP1NPBK/R1BQ1R2 b - - 8 11	f7f5	20	22
r1bq1rk1/ppp1ppbp/2n3p1/3pP3/P2Pn3/2N2N2/1PP1BPPP/R1BQ1RK1 w - - 1 9	f1e1	86	22
r1b2rk1/pppqbppp/4pn2/3p4/2P5/6P1/PP1PPPBP/RNBQ1RK1 w - - 0 8	d2d3	-15	22
r1bq1rk1/pppNbppp/4pn2/3p4/2P5/6P1/PP1PPPBP/RNBQ1RK1 b - - 0 7	d8d7	18	22
r1bq1rk1/pp1nbpp1/2p1pn1p/8/2PPp3/5NP1/PPQN1PBP/R1B2RK1 w - - 0 10	d2e4	51	22
r3kb1r/pp2pppp/3p1n2/qN6/3QP3/8/PPP2PPP/R1B2RK1 w kq - 1 10	d4c4	523	22
r1bq1rk1/pp1nbpp1/2p1pn1p/8/2PPN3/5NP1/PPQ2PBP/R1B2RK1 b - - 0 10	f6e4	-54	22
r1bq1rk1/pp1nbpp1/2p1p2p/8/2PPn3/5NP1/PPQ2PBP/R1B2RK1 w - - 0 11	c2e4	50	22
r1b1kb1r/pp2pppp/1qn2n2/3p4/3P1B2/2PB4/PPQ2PPP/RN2K1NR b KQkq - 4 7	f6h5	-26	22
r1bq1rk1/pp1nbpp1/2p1p2p/8/2PPQ3/5NP1/PP3PBP/R1B2RK1 b - - 0 11	e6e5	-53	22
r3kb1r/pp2pppp/1qn2n2/3p4/3P1Bb1/2PB4/PPQ2PPP/RN2K1NR w KQkq - 5 8	b1d2	39	22
r1bq1rk1/pp1nbpp1/4p2p/2p5/2PPQ3/5NP1/PP3PBP/R1B2RK1 w - - 0 12	f1d1	86	22
r1bqk2r/ppp3pp/2nbpn2/3p1p2/3P1B2/4PNP1/PPP2PBP/RN1QK2R w KQkq - 1 7	c2c4	63	22
rn2kb1r/pp1q1ppp/5n2/2pp4/3P4/7P/PPPNNPP1/R1BQK2R b KQkq - 1 8	f8d6	8	22
r1bqk2r/pp1n1ppp/2p1pn2/3p4/1bPP4/2N1PN1P/PP3PP1/R1BQKB1R w KQkq - 1 7	f1d3	29	22
r1bqkbnr/pp3ppp/2n5/2pp4/3P4/7P/PPPN1PP1/R1BQKBNR w KQkq - 1 6	g1f3	7	22
r1bqk2r/pp1n1ppp/2p1pn2/3p4/1bPP4/2N1PN1P/PP1B1PP1/R2QKB1R b KQkq - 2 7	e8g8	-9	22
r1bqkbnr/pp3ppp/2n5/2pp4/3P4/5N1P/PPPN1PP1/R1BQKB1R b KQkq - 2 6	c5d4	4	22
r1bqk2r/ppp3pp/2nbpn2/3p1p2/3P1B2/4PNP1/PPP2PBP/RN1Q1RK1 b kq - 2 7	a8b8	-53	22
r3kb1r/pp1q1ppp/2n2n2/2pp4/3P4/7P/PPPNNPP1/R1BQK2R w KQkq - 2 9	e1g1	-7	22
r1bqkb1r/1p3ppp/p1n1pn2/2p1N3/2BP4/2N1P3/PP3PPP/R1BQ1RK1 b kq - 3 8	c6e5	2	22
r1bq1rk1/pp1n1ppp/2p1pn2/3p4/1bPP4/2N1PN1P/PP1B1PP1/R2QKB1R w KQ - 3 8	f1d3	12	22
r1bq1rk1/pp1n1ppp/2p1pn2/3p4/1bPP4/2NBPN1P/PP1B1PP1/R2QK2R b KQ - 4 8	d5c4	-11	22
r1b2rk1/ppq1bppp/2n1pn2/2pp4/2P5/2NP1NP1/PP2PPBP/R1BQ1RK1 b - - 4 9	d5d4	70	22
r3kb1r/pp1bnppp/1qn1p3/3pP3/3P4/N4N1P/PP2BPP1/R1BQK2R b KQkq - 2 9	e7f5	-7	22
r3kb1r/pp1b1ppp/1qn1p3/3pPn2/3P4/N4N1P/PP2BPP1/R1BQK2R w KQkq - 3 10	a3c2	8	22
rn2kbnr/pp2pppp/1qp3b1/8/3P1B2/5NN1/PPP2PPP/R2QKB1R b KQkq - 6 7	e7e6	-28	22
r3kb1r/pp1b1ppp/1q2p3/3pPn2/1n1P4/5N1P/PPN1BPP1/R1BQK2R w KQkq - 5 11	c2b4	7	22
r3kb1r/pp1b1ppp/1qn1p3/3pPn2/3P4/5N1P/PPN1BPP1/R1BQK2R b KQkq - 4 10	c6b4	-1	22
1rbqk2r/1p2bppp/p1np1n2/4p1B1/4P3/N1N5/PPP2PPP/R2QKB1R w KQk - 4 10	a3c4	13	22
r2qkb1r/1p1b1ppp/p2p1n2/4p1B1/4P3/1QN5/PPP2PPP/R3KB1R b KQkq - 3 10	b7b5	-169	22
1rbqk2r/1p2bppp/p1np1B2/4p3/4P3/N1N5/PPP2PPP/R2QKB1R b KQk - 0 10	e7f6	-16	22
1rbqk2r/pp2ppbp/2np2p1/8/3Nn3/2N3P1/PPP2PBP/R1BQ1RK1 w k - 0 10	d4c6	-2	22
r1bqk2r/pp2bppp/2n1pn2/2Pp4/8/2P1P1B1/PP1N1PPP/R2QKBNR b KQkq - 0 7	e7c5	8	22
r1bqk2r/pp3ppp/2n1pn2/2bp4/8/2P1P1B1/PP1N1PPP/R2QKBNR w KQkq - 0 8	g1f3	-4	22
1rbqk2r/pp2ppbp/2Np2p1/8/4n3/2N3P1/PPP2PBP/R1BQ1RK1 b k - 0 10	e4c3	2	22
1rbqk2r/pp2ppbp/2Np2p1/8/8/2n3P1/PPP2PBP/R1BQ1RK1 w k - 0 11	c6d8	0	22
1rbq1rk1/pp2ppbp/2np1np1/8/3NP3/2N1B1P1/PPP2PBP/R2Q1RK1 b - - 2 10	f6g4	145	22
1rbq1rk1/pp2ppbp/2np1np1/8/3NP3/2N3P1/PPP2PBP/R1BQ1RK1 w - - 1 10	a1b1	-17	22
1rbqk2r/pp2ppbp/2Np2p1/8/8/2P3P1/P1P2PBP/R1BQ1RK1 b k - 0 11	b7c6	99	22
1rbqk2r/p3ppbp/2pp2p1/8/8/2P3P1/P1P2PBP/R1BQ1RK1 w k - 0 12	g2c6	-114	22
1rbqk2r/p3ppbp/2Bp2p1/8/8/2P3P1/P1P2P1P/R1BQ1RK1 b k - 0 12	c8d7	111	22
r1bq1rk1/ppp1ppbp/2n3p1/3pP3/3PnB2/2N2N2/PPP1BPPP/R2Q1RK1 w - - 1 9	f1e1	60	22
rnb2rk1/ppq2ppp/4pn2/2p5/1bBP4/2N1PN1P/PP3PP1/R1BQ1RK1 b - - 3 9	c5d4	2	22
rnb2rk1/ppq2ppp/4pn2/2p5/1bBP4/2N1PN1P/PP3PP1/R1BQK2R w KQ - 2 9	e1g1	-14	22
r1bq1rk1/ppp1ppbp/2n2np1/3pP3/3P1B2/2N2N2/PPP1BPPP/R2Q1RK1 b - - 0 8	f6e4	-53	22
rnb2rk1/ppq2ppp/4pn2/8/1bBQ4/2N1PN1P/PP3PP1/R1B2RK1 b - - 0 10	b8c6	19	22
rnb2rk1/ppq2ppp/4pn2/8/1bBp4/2N1PN1P/PP3PP1/R1BQ1RK1 w - - 0 10	d1d4	-12	22
rnbqr1k1/1pp2pbp/p2p1np1/8/2PNP3/2N2P2/PP2B1PP/1RBQ1RK1 b - - 1 10	c7c6	-31	22
r1b2rk1/pp3ppp/3q1n2/2ppn3/8/2P1PN1P/PP1NBPP1/R2Q1RK1 b - - 1 11	f8e8	5	22
rnbqr1k1/1p3pbp/p2p1np1/2p5/2PNP3/2N2P2/PP2B1PP/1RBQ1RK1 w - - 0 11	d4c2	67	22
rnbq1rk1/pp3ppp/3bpn2/2pp4/2P5/3P1NP1/PP2PPBP/RNBQ1RK1 b - - 2 8	h7h6	39	22
rnbq1rk1/pp3ppp/3bpn2/2ppN3/2P5/3P2P1/PP2PPBP/RNBQ1RK1 w - - 1 8	f2f4	11	22
r1bq1rk1/pp3ppp/2nbpn2/1Bpp4/3P1B2/2P1PN1N/PP3PPP/R2QK2R b KQ - 5 8	a7a6	16	22
r1bq1rk1/pp3ppp/2nbpn2/1B1p4/3p1B2/2P1PN1N/PP3PPP/R2QK2R w KQ - 0 9	e3d4	-9	22
r1bq1rk1/1p3ppp/p1nbpn2/1B1p4/3P1B2/2P2N1N/PP3PPP/R2QK2R w KQ - 0 10	b5d3	14	22
r1bq1rk1/pp3ppp/2nbpn2/1B1p4/3P1B2/2P2N1N/PP3PPP/R2QK2R b KQ - 0 9	f6e4	2	22
r3kb1r/pp1bqppp/5n2/3pn3/8/2P5/PPBNQPPP/R1B1K1NR w KQkq - 4 10	g1f3	26	22
r2qk2r/pp2ppbp/2np1np1/2p5/4P1bP/2NP1NP1/PPP2PB1/R1BQK2R w KQkq - 3 8	c3e2	-57	22
r1bqr1k1/4bppp/p2p1n2/npp1p3/4P3/1B1P1N1P/PPP2PP1/R1BQRNK1 w - - 0 12	f1e3	-22	22
r1bqr1k1/4bppp/p2p1n2/npp1p1B1/4P3/1B1P1N1P/PPP2PP1/R2QRNK1 b - - 1 12	a5b3	42	22
r3kb1r/pp1bqppp/5n2/3pn3/8/2P2N2/PPBNQPPP/R1B1K2R b KQkq - 5 10	e5f3	-20	22
r2qk2r/pp2ppbp/2np1np1/2p5/4P1bP/2NP1NP1/PPP2PB1/R1BQ1RK1 b kq - 4 8	e8g8	58	22
r2q1rk1/ppp2pbp/2n1bnp1/4p3/2P1P3/1QN1BN2/PP2BPPP/R4RK1 b - - 5 10	c6d4	38	22
r1bqr1k1/4bppp/p2p1n2/np2p1B1/2p1P3/1B1P1N1P/PPP2PP1/R2QRNK1 w - - 0 13	d3c4	59	22
r1bqr1k1/4bppp/p2p1n2/1pp1p1B1/4P3/1P1P1N1P/1PP2PP1/R2QRNK1 b - - 1 13	h7h6	33	22
r1bqr1k1/4bppp/p2p1n2/np2p1B1/2P1P3/1B3N1P/PPP2PP1/R2QRNK1 b - - 0 13	a5c4	-48	22
r1bqr1k1/4bppp/p2p1n2/1p2p1B1/2n1P3/1B3N1P/PPP2PP1/R2QRNK1 w - - 0 14	b3c4	54	22
r1bqr1k1/4bppp/p2p1n2/1p2p1B1/2B1P3/5N1P/PPP2PP1/R2QRNK1 b - - 0 14	b5c4	-43	22
r1bqr1k1/4bppp/p2p1n2/4p1B1/2p1P3/5N1P/PPP2PP1/R2QRNK1 w - - 0 15	f1e3	51	22
r1bqr1k1/4bppp/p2p1n2/4p1B1/2p1P3/4NN1P/PPP2PP1/R2QR1K1 b - - 1 15	c8e6	-48	22
r2qr1k1/4bppp/p2pbn2/4p1B1/2p1P3/4NN1P/PPP2PP1/R2QR1K1 w - - 2 16	g5f6	45	22
r2qr1k1/4bppp/p2pbB2/4p3/2p1P3/4NN1P/PPP2PP1/R2QR1K1 b - - 0 16	e7f6	-38	22
r2qr1k1/5ppp/p2pbb2/4p3/2p1P3/4NN1P/PPP2PP1/R2QR1K1 w - - 0 17	b2b3	39	22
r2qr1k1/5ppp/p2pbb2/4p3/2p1P3/1P2NN1P/P1P2PP1/R2QR1K1 b - - 0 17	a6a5	-36	22
r2qr1k1/5ppp/p2p1b2/3bp3/4P3/1Pp2N1P/P1P2PP1/R2QR1K1 w - - 0 19	d1d5	154	22
r2qr1k1/5ppp/p2pbb2/3Np3/4P3/1Pp2N1P/P1P2PP1/R2QR1K1 b - - 1 18	f6e7	-136	22
r2qr1k1/5ppp/p2pbb2/4p3/4P3/1Pp1NN1P/P1P2PP1/R2QR1K1 w - - 0 18	e3d5	160	22
r2qr1k1/5ppp/p2p1b2/3Qp3/4P3/1Pp2N1P/P1P2PP1/R3R1K1 b - - 0 19	d8b6	-149	22
r3r1k1/5ppp/pq1p1b2/3Qp3/4P3/1Pp2N1P/P1P2PP1/R2R2K1 b - - 2 20	e8d8	-117	22
r3r1k1/5ppp/pq1p1b2/3Qp3/4P3/1Pp2N1P/P1P2PP1/R3R1K1 w - - 1 20	f3h2	151	22
rnbq1rk1/pp3ppp/2pb4/3p4/2PPn3/3B1N2/PP3PPP/RNBQ1RK1 b - - 0 9	c8g4	10	22
r3kb1r/pp1b1ppp/1qn1p3/3pPn2/N2P4/5N1P/PP2BPP1/R1BQK2R b KQkq - 12 14	b6a5	0	22
rn1q1rk1/1bpp1ppp/1p2pn2/p7/2PP1B2/2Q2NP1/PP2PPBP/R4RK1 b - - 1 10	d7d6	-21	22
rn1q1rk1/1bpp1ppp/1p2pn2/p7/2PP1B2/2Q2NP1/PP2PPBP/R3K2R w KQ - 0 10	a1d1	23	22
rn1q1rk1/1bp2ppp/1p1ppn2/p7/2PP1B2/4QNP1/PP2PPBP/R4RK1 b - - 1 11	h7h6	3	22
rn1q1rk1/1bp2ppp/1p1ppn2/p7/2PP1B2/2Q2NP1/PP2PPBP/R4RK1 w - - 0 11	a1d1	19	22
r1bqk2r/ppbn1ppp/2p1pn2/2Pp4/3P2P1/2N1PN1P/PP3P2/R1BQKB1R b KQkq - 0 8	e6e5	134	22
r2q1rk1/1bpn1ppp/1p1ppn2/p7/2PP1B2/4QNP1/PP2PPBP/R4RK1 w - - 2 12	b2b3	3	22
r2q1rk1/1bpn1ppp/1p1ppn2/p7/2PP1B2/4QNPP/PP2PPB1/R4RK1 b - - 0 12	f8e8	-2	22
r2qr1k1/1bpn1ppp/1p1ppn2/p7/2PP1B2/4QNPP/PP2PPB1/R4RK1 w - - 1 13	f1d1	0	22
r2qr1k1/1bpn1pp1/1p1ppn1p/p7/2PP1B2/4QNPP/PP2PPB1/3RR1K1 b - - 1 14	a5a4	17	22
r2qr1k1/1bpn1ppp/1p1ppn2/p7/2PP1B2/4QNPP/PP2PPB1/3R1RK1 b - - 2 13	f6h5	10	22
r2qr1k1/1bpn1pp1/1p1ppn1p/p7/2PP1B2/4QNPP/PP2PPB1/3R1RK1 w - - 0 14	e3c3	-18	22
1r1qr1k1/1bpn1pp1/1p1ppn1p/p7/2PP1B2/2Q2NPP/PP2PPB1/3RR1K1 b - - 3 15	b7e4	0	22
1r1qr1k1/1bpn1pp1/1p1ppn1p/p7/2PP1B2/4QNPP/PP2PPB1/3RR1K1 w - - 2 15	e3c3	1	22
1r1qr1k1/2pn1pp1/1p1ppn1p/p7/2PPb3/2Q1BNPP/PP2PPB1/3RR1K1 b - - 5 16	b6b5	19	22
1r1qr1k1/2pn1pp1/1p1ppn1p/p7/2PPbB2/2Q2NPP/PP2PPB1/3RR1K1 w - - 4 16	g2f1	0	22
r1b1k2r/ppppqppp/2n2n2/8/1b1NP3/2NQ4/PPPB1PPP/R3KB1R b KQkq - 6 7	b4c3	45	22
r1b1k2r/ppppqppp/2n2n2/8/3NP3/2bQ4/PPPB1PPP/R3KB1R w KQkq - 0 8	d2c3	-31	22
r1b1k2r/ppppqppp/2n2n2/8/3NP3/2BQ4/PPP2PPP/R3KB1R b KQkq - 0 8	e7e4	45	22
r1bqk2r/1p3pbp/p1npp1p1/2p5/P3P1n1/2NP2P1/1PP2PBP/R1BQK1NR b KQkq - 1 10	g4f6	15	22
r1b1k2r/pppp1ppp/2n2n2/8/3Nq3/2BQ4/PPP2PPP/R3KB1R w KQkq - 0 9	d3e2	-29	22
r1b2rk1/ppp1qpbp/n4np1/4p3/2P1P3/2N2N2/PP2BPPP/RQB1K2R w KQ - 2 10	c3d5	-21	22
r1bq1rk1/1pp2ppp/1bnp1n2/p3p3/P1BPP3/2P2N2/1P3PPP/RNBQ1RK1 w - - 1 9	d4e5	-31	22
r1bq1rk1/1pp2ppp/2np1n2/p1b1p3/P1BPP3/2P2N2/1P3PPP/RNBQ1RK1 b - - 0 8	c5b6	36	22
rnbq1rk1/1pp1bppp/5n2/p2p4/3P4/2N2NP1/PP2PPBP/R1BQ1RK1 b - - 1 8	c7c6	15	22
r1bq1rk1/1pp1bppp/2n2n2/p2p4/3P4/2N2NP1/PP2PPBP/R1BQ1RK1 w - - 2 9	c1f4	28	22
r1b1kb1r/5ppp/p2p4/1p1Pp3/3n4/N2B1PPq/PPP2K1P/R1BQ3R b kq - 2 13	f8e7	10	22
r1bq1rk1/1pp2pp1/pbnp1n1p/4p3/3PP3/1BP2N2/PP3PPP/RNBQR1K1 w - - 1 10	h2h3	8	22
r1b1k2r/4bppp/p2p4/1p1Pp3/3n4/N2B1PPq/PPP2K1P/R1BQ3R w kq - 3 14	c2c3	3	22
r1b1k2r/4bppp/p2p4/1p1Pp3/3n4/N1PB1PPq/PP3K1P/R1BQ3R b kq - 0 14	d4f5	1	22
r1b1k2r/4bppp/p2p4/1p1Ppn2/8/N1PB1PPq/PP3K1P/R1BQ3R w kq - 1 15	d1f1	-4	22
r1b1k2r/4bppp/p2p4/1p1Ppn2/8/N1PB1PPq/PP3K1P/R1B2Q1R b kq - 2 15	h3f1	5	22
r1b1k2r/4bppp/p2p4/1p1Ppn2/8/N1PB1PP1/PP3K1P/R1B2q1R w kq - 0 16	h1f1	-5	22
r1b1k2r/4bppp/p2p4/1p1Ppn2/8/N1PB1PP1/PP3K1P/R1B2R2 b kq - 0 16	c8d7	5	22
r1bbk2r/5ppp/p2p4/1p1Ppn2/8/N1PB1PP1/PP3K1P/R1B2R2 w kq - 1 17	c3c4	14	22
r1bbk2r/5ppp/p2p4/3Ppn2/1pP5/N2B1PP1/PP3K1P/R1B2R2 w kq - 0 18	a3c2	37	22
r1bbk2r/5ppp/p2p4/1p1Ppn2/2P5/N2B1PP1/PP3K1P/R1B2R2 b kq - 0 17	e8g8	-14	22
r2q1rk1/pp2ppbp/2np1np1/2p5/2P3bP/2NP1NP1/PP2PPB1/R1BQ1RK1 w - - 2 9	a1b1	-11	22
rnbqk2r/ppp3pp/3bpn2/5p2/2pP4/5NP1/PP1NPPBP/R1BQ1RK1 b kq - 1 7	e8g8	-118	22
r1bbk2r/5ppp/p2p4/3Ppn2/1pP5/3B1PP1/PPN2K1P/R1B2R2 b kq - 1 18	a6a5	-50	22
r2q1rk1/pp2ppbp/2np1np1/2p3B1/2P3bP/2NP1NP1/PP2PPB1/R2Q1RK1 b - - 3 9	h7h6	26	22
rnbqk2r/ppp3pp/3bpn2/5p2/3P4/2p2NP1/PP1NPPBP/R1BQ1RK1 w kq - 0 8	b2c3	234	22
rnbqk2r/ppp3pp/3bpn2/5p2/3P4/2P2NP1/P2NPPBP/R1BQ1RK1 b kq - 0 8	e8g8	-246	22
r1bq1rk1/pp1nbpp1/2p1pn1p/3P4/3P4/5NP1/PPQ1PPBP/RNBR2K1 b - - 0 9	e6d5	36	22
r1bqk2r/ppp3pp/2nbpn2/5p2/3P4/2P2NP1/P2NPPBP/R1BQ1RK1 w kq - 1 9	f1e1	247	22
1rbqk2r/4Nppp/p1np1n2/1p2p1B1/4P3/N7/PPP2PPP/R2QKB1R b KQk - 0 11	c6e7	15	22
r1bq1rk1/pp1nbpp1/2p2n1p/3p4/3P4/5NP1/PPQ1PPBP/RNBR2K1 w - - 0 10	b1c3	-29	22
1rb1k2r/4qppp/p1np1n2/1p2p1B1/4P3/N7/PPP2PPP/R2QKB1R w KQk - 0 12	c2c3	0	22
r1bq1rk1/pp3ppp/2nbpn2/2Pp4/8/P1P1P1B1/1P1N1PPP/R2QKBNR b KQ - 0 8	d6c5	12	22
r1bq1rk1/pp2bppp/2n1pn2/2pp4/2PP4/N4NP1/PP2PPBP/R1BQ1RK1 w - - 1 8	c4d5	-2	22
r2qkb1r/pp3ppp/2np1n2/4p3/2B1P1b1/1NN5/PPP2PPP/R1BQK2R w KQkq - 2 8	f2f3	29	22
r3k2r/ppp1qppp/2p3b1/4N3/4n1P1/P1P5/2PPQP1P/R1B1K2R w KQkq - 1 11	e5g6	-10	22
r1bq1rk1/pp3ppp/2n1pn2/2bp4/8/P1P1P1B1/1P1N1PPP/R2QKBNR w KQ - 0 9	g1f3	-20	22
r3k2r/ppp1qppp/2p3N1/8/4n1P1/P1P5/2PPQP1P/R1B1K2R b KQkq - 0 11	h7g6	0	22
r3k2r/ppp1qpp1/2p2np1/8/6P1/P1P5/1BPPQP1P/R3K2R w KQkq - 2 13	e2e7	0	22
r3k2r/ppp1qpp1/2p3p1/8/4n1P1/P1P5/2PPQP1P/R1B1K2R w KQkq - 0 12	e1f1	4	22
r1bqk2r/pp2ppbp/2n3p1/2pn4/P7/2N2NP1/1P1PPPBP/R1BQ1RK1 b kq - 1 8	d5b4	40	22
r3k2r/ppp1qpp1/2p3p1/8/4n1P1/P1P5/1BPPQP1P/R3K2R b KQkq - 1 12	h8h4	121	22
r1bqk2r/pp2ppbp/2n3p1/2p5/Pn6/2N2NP1/1P1PPPBP/R1BQ1RK1 w kq - 2 9	d2d3	-39	22
r1bqk2r/p3ppbp/1pn3p1/2p5/Pn6/2NP1NP1/1P2PPBP/R1BQ1RK1 w kq - 0 10	a4a5	-36	22
r1bqk2r/pp2ppbp/2n3p1/2p5/Pn6/2NP1NP1/1P2PPBP/R1BQ1RK1 b kq - 0 9	a8b8	38	22
r1bqk2r/p3ppbp/1pn3p1/2p5/Pn3B2/2NP1NP1/1P2PPBP/R2Q1RK1 b kq - 1 10	e8g8	67	22
r1bq1rk1/p3ppbp/1pn3p1/2p5/Pn3B2/2NP1NP1/1P2PPBP/R2Q1RK1 w - - 2 11	f3e5	-78	22
r1bq1rk1/p3p1bp/1pn2pp1/2p5/Pn3B2/2NP1NP1/1P1QPPBP/R4RK1 w - - 0 12	d3d4	1	22
r1bq1rk1/p3ppbp/1pn3p1/2p5/Pn3B2/2NP1NP1/1P1QPPBP/R4RK1 b - - 3 11	c8g4	96	22
r1bq1rk1/p5bp/1pn2ppB/2p1p3/Pn6/2NP1NP1/1P1QPPBP/R4RK1 w - - 0 13	a4a5	-28	22
r1bq1rk1/p3p1bp/1pn2ppB/2p5/Pn6/2NP1NP1/1P1QPPBP/R4RK1 b - - 1 12	a8b8	78	22
r1bq1rk1/p5bp/1p3ppB/n1p1p3/1n6/2NP1NP1/1P1QPPBP/R4RK1 w - - 0 14	f3e5	-15	22
r1bq1rk1/p5bp/1pn2ppB/P1p1p3/1n6/2NP1NP1/1P1QPPBP/R4RK1 b - - 0 13	c8e6	21	22
r1bq1rk1/p5bp/1p3ppB/n1p1N3/1n6/2NP2P1/1P1QPPBP/R4RK1 b - - 0 14	a5b3	1	22
1rbq1rk1/p5bp/1p3ppB/n1p1N3/1n6/2NP2P1/1P1QPPBP/R4RK1 w - - 1 15	e5c4	0	22
1rbq1rk1/p5bp/1p3ppB/n1p5/1nN5/2NP2P1/1P1QPPBP/R4RK1 b - - 2 15	g7h6	-8	22
1rbq1rk1/p5bp/1p3ppB/2p5/1nN2Q2/1nNP2P1/1P2PPBP/R4RK1 b - - 4 16	c8a6	-25	22
rnbqr1k1/1p3pbp/p2p1np1/2p5/2P1P3/PNN2P2/1P2B1PP/R1BQ1RK1 b - - 1 11	b8c6	0	22
1rbq1rk1/p5bp/1p3ppB/2p5/1nN5/1nNP2P1/1P1QPPBP/R4RK1 w - - 3 16	d2f4	17	22
rnbqr1k1/1p3pbp/p2p1np1/2p5/2P1P3/P1N2P2/1PN1B1PP/R1BQ1RK1 b - - 1 11	b8c6	-33	22
r1bqr1k1/1p3pbp/p1np1np1/2p5/2P1P3/PNN2P2/1P2B1PP/R1BQ1RK1 w - - 2 12	c1g5	0	22
r1bqr1k1/1p3pbp/p2p1np1/2p5/2PnPB2/PNN2P2/1P2B1PP/R2Q1RK1 w - - 4 13	b3d4	13	22
r1bqr1k1/1p3pbp/p1np1np1/2p5/2P1P3/P1N2P2/1PN1B1PP/R1BQ1RK1 w - - 2 12	g1h1	28	22
r1bqr1k1/1p3pbp/p2p1np1/2p5/2PNPB2/P1N2P2/1P2B1PP/R2Q1RK1 b - - 0 13	c5d4	-14	22
r1bqr1k1/1p3pbp/p1np1np1/2p5/2P1PB2/PNN2P2/1P2B1PP/R2Q1RK1 b - - 3 12	f6h5	13	22
r1bqr1k1/1p3pbp/p2p1np1/8/2PpPB2/P1N2P2/1P2B1PP/R2Q1RK1 w - - 0 14	c3d5	13	22
r1bqr1k1/1p3pbp/p2p2p1/3n4/2PpPB2/P4P2/1P2B1PP/R2Q1RK1 w - - 0 15	c4d5	22	22
r1bqr1k1/1p3pbp/p2p1np1/3N4/2PpPB2/P4P2/1P2B1PP/R2Q1RK1 b - - 1 14	c8e6	-18	22
r1bqr1k1/1p3pbp/p2p2p1/3P4/3pPB2/P4P2/1P2B1PP/R2Q1RK1 b - - 0 15	f7f5	-20	22
r1b1r1k1/1p3pbp/pq1p2p1/3P4/3pPB2/P4P2/1P2B1PP/R2Q1RK1 w - - 1 16	e2d3	66	22
r1b1r1k1/1p3pbp/pq1p2p1/3P4/3pPB2/P2B1P2/1P4PP/R2Q1RK1 b - - 2 16	c8d7	-80	22
r3r1k1/1p1b1pbp/pq1p2p1/3P4/3pPB2/P2B1P2/1P4PP/R2Q1RK1 w - - 3 17	d1d2	79	22
r1bq1rk1/pp1p1ppp/1bn1pn2/8/4P3/PNNB4/1PP2PPP/R1BQK2R w KQ - 7 9	c1g5	6	22
r3r1k1/1p1b1pbp/pq1p2p1/3P4/3pPB2/P2B1P2/1P1Q2PP/R4RK1 b - - 4 17	g7e5	-76	22
r1bq1rk1/pp1p1ppp/1bn1pn2/8/4P3/PNNB4/1PP2PPP/R1BQ1RK1 b - - 8 9	h7h6	5	22
r1bq1rk1/pp3ppp/1bn1pn2/3p4/4P3/PNNB4/1PP2PPP/R1BQ1RK1 w - - 0 10	c1g5	6	22
r3k2r/pp1q1ppp/5nn1/2bp4/5B2/2P5/PP1NNPPP/R2Q1RK1 b kq - 5 12	e8g8	28	22
r3k2r/pp1q1ppp/5nn1/2bp4/5B2/2P5/PP2NPPP/RN1Q1RK1 w kq - 4 12	d1d3	-32	22
r4rk1/pp1q1ppp/5nn1/2bp4/5B2/2P5/PP1NNPPP/R2Q1RK1 w - - 6 13	h2h3	-32	22
r1bqk2r/p1p2ppp/5n2/1p1Pp3/1bBn4/2NP1N2/PPP2PPP/R1BQK2R w KQkq - 0 8	f3d4	-44	22
r4rk1/pp1q1ppp/5nn1/2bp4/8/2P3B1/PP1NNPPP/R2Q1RK1 b - - 7 13	f8e8	38	22
r1b1k2r/p1p1qppp/5n2/1p1PN3/1bBn4/2NP4/PPP2PPP/R1BQK2R w KQkq - 1 9	e1g1	100	22
r1b1k2r/p1p1qppp/5n2/1p1PN3/1bBn4/2NP4/PPP2PPP/R1BQ1RK1 b kq - 2 9	b5c4	-102	22
r1b1k2r/p1p1qppp/5n2/3PN3/1bpn4/2NP4/PPP2PPP/R1BQR1K1 b kq - 1 10	e8g8	-20	22
r1bqk2r/p1p2ppp/5n2/1p1PN3/1bBn4/2NP4/PPP2PPP/R1BQK2R b KQkq - 0 8	b5c4	156	22
r1b1k2r/p1p1qppp/5n2/3PN3/1bpn4/2NP4/PPP2PPP/R1BQ1RK1 w kq - 0 10	d3c4	95	22
r1b2rk1/p1p1qppp/5n2/3PN3/1bpn4/2NP4/PPP2PPP/R1BQR1K1 w - - 2 11	e5c6	31	22
r1b2rk1/p1p1qppp/5n2/3PN3/2Pn4/2b5/PPP2PPP/R1BQR1K1 w - - 0 12	b2c3	10	22
r1b2rk1/p1p1qppp/5n2/3PN3/1bPn4/2N5/PPP2PPP/R1BQR1K1 b - - 0 11	b4c3	-24	22
r1b2rk1/p1p1qppp/5n2/3PN3/2Pn4/2P5/P1P2PPP/R1BQR1K1 b - - 0 12	d4f5	-8	22
r1b2rk1/p1p1qppp/5n2/3PNn2/2P5/2P5/P1P2PPP/R1BQR1K1 w - - 1 13	g2g4	8	22
r1b2rk1/p1p1qppp/5n2/3PNn2/2P3P1/2P5/P1P2P1P/R1BQR1K1 b - - 0 13	f5d6	-9	22
r1b2rk1/p1p1qppp/3n1n2/3PN3/2P3P1/2P5/P1P2P1P/R1BQR1K1 w - - 1 14	c1g5	8	22
r1b2rk1/p1p1qppp/3n1nN1/3P4/2P3P1/2P5/P1P2P1P/R1BQR1K1 b - - 2 14	e7e1	273	22
rnbq1rk1/pp3ppp/2pb4/3p4/3Pn3/3B1N2/PPP2PPP/RNBQR1K1 b - - 5 9	f8e8	6	22
rn1q1rk1/pp3ppp/2pb4/3p1b2/2PPn3/3B1N2/PP3PPP/RNBQ1RK1 w - - 1 10	b1c3	8	22
r1b2rk1/p1p2ppp/3n1nN1/3P4/2P3P1/2P5/P1P2P1P/R1BQq1K1 w - - 0 15	d1e1	-274	22
r1b2rk1/p1p2ppp/3n1nN1/3P4/2P3P1/2P5/P1P2P1P/R1B1Q1K1 b - - 0 15	f7g6	241	22
rnbqr1k1/pp3ppp/2pb4/3p4/3Pn3/3B1N2/PPP2PPP/RNBQR1K1 w - - 6 10	b1c3	-6	22
r1bqk2r/ppp2ppp/2pn4/4p3/8/P1P2N2/2PPQPPP/R1B1K2R w KQkq - 2 9	e2e5	0	22
r1bqk2r/ppp2ppp/2pn4/4Q3/8/P1P2N2/2PP1PPP/R1B1K2R b KQkq - 0 9	d8e7	-4	22
r1b2rk1/pp2nppp/2n1p3/qB1pP3/P1pP4/2P2N2/2PB1PPP/R2QK2R w KQ - 0 11	b5c6	89	22
r1b2rk1/pp2nppp/2n1p3/qB1pP3/P1pP4/2P2N2/2PB1PPP/R2Q1RK1 b - - 1 11	c6b8	2	22
r1b2rk1/1p2nppp/p1n1p3/qB1pP3/P1pP4/2P2N2/2PB1PPP/R2Q1RK1 w - - 0 12	b5c6	125	22
r1bqk2r/1p2bppp/p1np4/4p3/4P3/2NBN3/PPP2PPP/R2QK2R b KQkq - 2 11	e7g5	-26	22
r1b2rk1/1p2nppp/p1B1p3/q2pP3/P1pP4/2P2N2/2PB1PPP/R2Q1RK1 b - - 0 12	e7c6	-116	22
r1bq1rk1/1p2bppp/p1np4/4p3/4P3/2NBN3/PPP2PPP/R2QK2R w KQ - 3 12	h2h4	61	22
r1bq1rk1/1p2Nppp/p1np4/4p3/4P3/4N3/PPP2PPP/R2QKB1R b KQ - 0 12	c6e7	-18	22
r1b2rk1/1p3ppp/p1n1p3/q2pP3/P1pP4/2P2N2/2PB1PPP/R2Q1RK1 w - - 0 13	d1c1	102	22
r2q1rk1/pbpnbppp/1p1ppn2/8/2PP4/PP3NP1/4PPBP/RNBQ1RK1 w - - 1 9	b1c3	12	22
r1bq1rk1/1p2nppp/p2p4/4p3/4P3/4N3/PPP2PPP/R2QKB1R w KQ - 0 13	d1d2	34	22
rnbq1rk1/pp3ppp/4pn2/2p5/1bBP4/2N1PN2/PPQ2PPP/R1B1K2R b KQ - 1 8	c5d4	25	22
r2q1rk1/pbpnbppp/1p1ppn2/8/2PP4/PPN2NP1/4PPBP/R1BQ1RK1 b - - 2 9	f6e4	-12	22
r1bqkbnr/pp3ppp/2n5/2pp4/P2P4/5N2/1PPN1PPP/R1BQKB1R b KQkq - 2 6	c5c4	21	22
r1bqkbnr/pp3ppp/2n5/2pp4/P2P4/8/1PPN1PPP/R1BQKBNR w KQkq - 1 6	f1b5	-29	22
rnbq1rk1/pp3ppp/4pn2/8/1bBp4/2N1PN2/PPQ2PPP/R1B1K2R w KQ - 0 9	f3d4	-16	22
r1bqk2r/pp3ppp/2n1pn2/2bp4/5B2/P1P1PN2/1P1N1PPP/R2QKB1R b KQkq - 1 8	e8g8	9	22
r1bq1rk1/ppp1bppp/2n1pn2/8/2PpP3/1P1P1NP1/P4PBP/RNBQ1RK1 b - e3 0 8	e6e5	44	22
rnbq1rk1/ppp2ppp/3b4/3p4/3Pn3/P2B1N2/1PP2PPP/RNBQ1RK1 b - - 4 8	f8e8	20	22
r1bq1rk1/pp3ppp/2n1pn2/2bp4/5B2/P1P1PN2/1P1N1PPP/R2QKB1R w KQ - 2 9	b2b4	-11	22
r1bqk2r/pp1pbppp/2n1pn2/8/3NPB2/P1N5/1PP2PPP/R2QKB1R b KQkq - 4 7	e8g8	0	22
r1bq1rk1/pp3pbp/3p2p1/2pPp3/3n4/3P2PP/PPP1NPB1/R1BQ1RK1 w - - 1 11	e2d4	-4	22
rnbqr1k1/ppp2ppp/3b4/3p4/3Pn3/P2B1N2/1PP2PPP/RNBQ1RK1 w - - 5 9	f1e1	-11	22
r1bqk2r/pp2bppp/2nppn2/8/3NPB2/P1N5/1PP2PPP/R2QKB1R w KQkq - 0 8	d4c6	15	22
r1bq1rk1/pp3pbp/3p2p1/2pPp3/3N4/3P2PP/PPP2PB1/R1BQ1RK1 b - - 0 11	c5d4	14	22
r1b1k2r/ppqpbppp/2n1pn2/1B6/3NP3/P1N5/1PP2PPP/R1BQK2R w KQkq - 5 8	b5e2	-1	22
r1bqk2r/pp2bppp/2nppn2/1B6/3NPB2/P1N5/1PP2PPP/R2QK2R b KQkq - 1 8	d8c7	9	22
r1b1k2r/ppqpbppp/2n1pn2/1B6/3NP3/P1N5/1PP2PPP/R1BQ1RK1 b kq - 6 8	e8g8	7	22
r1b1k2r/ppq1bppp/2nppn2/1B6/3NPB2/P1N5/1PP2PPP/R2QK2R w KQkq - 2 9	e1g1	-7	22
r1b1k2r/ppqpbppp/4pn2/1B6/3nP3/P1N5/1PP2PPP/R1BQ1RK1 w kq - 0 9	d1d4	11	22
r1b1k2r/ppq1bppp/2nppn2/1B6/4PB2/P1N2N2/1PP2PPP/R2QK2R b KQkq - 3 9	e8g8	34	22
r1b1k2r/ppqpbppp/4pn2/1B6/3QP3/P1N5/1PP2PPP/R1B2RK1 b kq - 0 9	e7d6	-3	22
r1b2rk1/ppq1bppp/2nppn2/1B6/4PB2/P1N2N2/1PP2PPP/R2QK2R w KQ - 4 10	e1g1	-37	22
r1b1k2r/ppqp1ppp/3bpn2/1B6/3QP3/P1N5/1PP2PPP/R1B2RK1 w kq - 1 10	g1h1	11	22
r1b2rk1/ppq1bppp/3ppn2/1B2n3/4PB2/P1N2N2/1PPQ1PPP/R3K2R w KQ - 6 11	f3e5	-10	22
r1b1k2r/ppqp1ppp/3bpn2/1B6/3QP3/P1N3P1/1PP2P1P/R1B2RK1 b kq - 0 10	d6e5	36	22
r1b2rk1/ppq1bppp/2nppn2/1B6/4PB2/P1N2N2/1PPQ1PPP/R3K2R b KQ - 5 10	a7a6	48	22
r1b1k2r/ppqp1ppp/4pn2/1B2b3/4P3/P1NQ2P1/1PP2P1P/R1B2RK1 b kq - 2 11	a7a6	151	22
r1b2rk1/ppq1bppp/3ppn2/1B2n3/4PB2/P1N2N2/1PPQ1PPP/R4RK1 b - - 7 11	a7a6	45	22
r1b1k2r/ppqp1ppp/4pn2/1B2b3/3QP3/P1N3P1/1PP2P1P/R1B2RK1 w kq - 1 11	d4e3	-48	22
r1b2rk1/1pq1bppp/p2ppn2/1B2n3/4PB2/P1N2N2/1PPQ1PPP/R4RK1 w - - 0 12	b5e2	-47	22
r1b1k2r/1pqp1ppp/p3pn2/1B2b3/4P3/P1NQ2P1/1PP2P1P/R1B2RK1 w kq - 0 12	b5c4	-134	22
r1b2rk1/1pq1bppp/p2ppn2/4n3/4PB2/P1N2N2/1PPQBPPP/R4RK1 b - - 1 12	e5g6	44	22
r1b2rk1/2q1bppp/p2ppn2/1p2n3/4PB2/P1N2N2/1PPQBPPP/R4RK1 w - - 0 13	f3e5	-11	22
r1b1k2r/1pqp1ppp/p3pn2/4b3/2B1P3/P1NQ2P1/1PP2P1P/R1B2RK1 b kq - 1 12	b7b5	135	22
r1b1k2r/2qp1ppp/p3pn2/1p2b3/4P3/PBNQ2P1/1PP2P1P/R1B2RK1 b kq - 1 13	h7h5	126	22
r1b1k2r/2qp1ppp/p3pn2/1p2b3/2B1P3/P1NQ2P1/1PP2P1P/R1B2RK1 w kq - 0 13	c4b3	-132	22
r1b2rk1/2q1bppp/p2ppn2/1p2n3/4P3/P1N2NB1/1PPQBPPP/R4RK1 b - - 1 13	f6h5	61	22
r3k2r/1bqp1ppp/p3pn2/1p2b3/4P3/PBNQ2P1/1PP2P1P/R1B2RK1 w kq - 2 14	f1e1	-132	22
r4rk1/1bq1bppp/p2ppn2/1p2n3/3QP3/P1N2NB1/1PP1BPPP/R4RK1 b - - 3 14	e5c6	40	22
r4rk1/1bq1bppp/p2ppn2/1p2n3/4P3/P1N2NB1/1PPQBPPP/R4RK1 w - - 2 14	f3e5	-16	22
r3k2r/1bqp1ppp/p3pn2/1p2b3/4P3/PBNQ2P1/1PP2P1P/R1B1R1K1 b kq - 3 14	h7h5	127	22
r4rk1/1bq1bppp/p1nppn2/1p6/3QP3/P1N2NB1/1PP1BPPP/R4RK1 w - - 4 15	d4e3	-48	22
r4rk1/1bq1bppp/p1nppn2/1p6/4P3/P1N1QNB1/1PP1BPPP/R4RK1 b - - 5 15	f6g4	43	22
r4rk1/1bqp1ppp/p3pn2/1p2b3/4P3/PBNQ2P1/1PP2P1P/R1B1R1K1 w - - 4 15	c1d2	-76	22
rnbqkb1r/5ppp/p3pn2/1p6/2pP4/3BPN1P/PP3PP1/RNBQ1RK1 w kq - 0 9	d3c2	45	22
rnbqkb1r/5ppp/p3pn2/1p6/2pP4/4PN1P/PPB2PP1/RNBQ1RK1 b kq - 1 9	c8b7	-48	22
r4rk1/1bqp1ppp/p3pn2/1p2b3/4P3/PBNQ2P1/1PPB1P1P/R3R1K1 b - - 5 15	a8d8	72	22
r1bqkb1r/5ppp/p1n1pn2/1p6/2pP4/4PN1P/PPB2PP1/RNBQ1RK1 w kq - 2 10	b1c3	50	22
r2qkb1r/1p3ppp/p1n1bn2/3pp3/2N1P3/2N2P2/PPP3PP/R1BQKB1R w KQkq - 0 10	e4d5	-30	22
r2qkb1r/1p3ppp/p1npbn2/4p3/2N1P3/2N2P2/PPP3PP/R1BQKB1R b KQkq - 3 9	d6d5	32	22
r2qkb1r/1p3ppp/p1n1b3/3np3/2N5/2N2P2/PPP3PP/R1BQKB1R w KQkq - 0 11	c3d5	-1	22
r2qkb1r/1p3ppp/p1n1bn2/3Pp3/2N5/2N2P2/PPP3PP/R1BQKB1R b KQkq - 0 10	e6d5	30	22
r1bq1rk1/4bppp/p2p1n2/2p1p3/1p2P3/1P1PBN1P/1PP1NPP1/R2QR1K1 b - - 1 13	h7h6	14	22
r1b2rk1/ppqNbppp/4pn2/2pp4/2P2P2/3P2P1/PP2P1BP/RNBQ1RK1 b - - 0 9	c8d7	-24	22
r4rk1/ppqbbppp/4pn2/2pp4/2P2P2/3P2P1/PP2P1BP/RNBQ1RK1 w - - 0 10	e2e4	17	22
r1bq1rk1/4bppp/3p1n2/p1p1p3/1p2P3/1P1PBN1P/1PP1NPP1/R2QR1K1 w - - 0 14	e2g3	-5	22
r1bq1rk1/pp3p2/3b1n1p/3p2p1/8/2PQ1NBP/PP3PP1/RN3RK1 b - - 1 13	d6g3	-4	22
r1bq1rk1/pp3p2/5n1p/3p2p1/8/2PQ1NPP/PP4P1/RN3RK1 b - - 0 14	g5g4	-3	22
r1bq1rk1/pp3p2/5n1p/3p2p1/8/2PQ1NbP/PP3PP1/RN3RK1 w - - 0 14	f2g3	3	22
r1b2rk1/pp3p2/1q5p/3p2p1/3Nn3/2PQ2PP/PP4P1/RN3RK1 w - - 3 16	b1d2	50	22
r1bq1rk1/pp3p2/7p/3p2p1/4n3/2PQ1NPP/PP4P1/RN3RK1 w - - 1 15	f3d4	22	22
r1bq1rk1/pp3p2/7p/3p2p1/3Nn3/2PQ2PP/PP4P1/RN3RK1 b - - 2 15	e4c5	-21	22
r1b2rk1/pp3p2/1q5p/3p2p1/3Nn3/2PQ2PP/PP1N2P1/R4RK1 b - - 4 16	c8d7	-51	22
r1bq1rk1/pppn1pbp/3p1np1/8/2PNP3/2NQ4/PP2BPPP/R1B2RK1 b - - 2 9	d7c5	89	22
r2q1rk1/ppp1bppp/2n5/4p3/PnB5/N2P1Q1P/1PP2PP1/R1B1R1K1 b - - 2 11	c6d4	-112	22
r2q1rk1/ppp1bppp/8/4p3/PnBn4/N2P1Q1P/1PP2PP1/R1B1R1K1 w - - 3 12	f3d1	64	22
r1bq1rk1/ppp2pbp/3p1np1/2n5/2PNP3/2NQ4/PP2BPPP/R1B2RK1 w - - 3 10	d3f3	-92	22
r1bqr1k1/ppp2pbp/3p1np1/2n5/2PNP3/2N1Q3/PP2BPPP/R1B2RK1 w - - 5 11	f2f3	16	22
r1bqr1k1/ppp2pbp/3p1np1/2n5/2PNP3/2N1QB2/PP3PPP/R1B2RK1 b - - 6 11	f6e4	141	22
r1bq1rk1/ppp2pbp/3p1np1/2n5/2PNP3/2N1Q3/PP2BPPP/R1B2RK1 b - - 4 10	f6e4	139	22
r1bqr1k1/1pp2pbp/3p1np1/p1n5/2PNP3/2N1QB2/PP3PPP/R1B2RK1 w - - 0 12	f1d1	-100	22
r1bqr1k1/1pp2pbp/3p1np1/p1n5/2PNP3/2N1QB1P/PP3PP1/R1B2RK1 b - - 0 12	c7c6	91	22
r2qr1k1/1p1b1pbp/2pp1np1/p1n5/2PNP3/2N1QB1P/PP1B1PP1/R4RK1 w - - 0 14	a1d1	-61	22
r2qr1k1/1ppb1pbp/3p1np1/p1n5/2PNP3/2N1QB1P/PP1B1PP1/R4RK1 b - - 2 13	d7c6	80	22
r2qr1k1/1ppb1pbp/3p1np1/p1n5/2PNP3/2N1QB1P/PP3PP1/R1B2RK1 w - - 1 13	f1d1	-78	22
r3r1k1/1p1bqpbp/2pp1np1/p1n5/2PNP3/2N1QB1P/PP1B1PP1/3R1RK1 w - - 2 15	f1e1	-30	22
r3r1k1/1p1bqpbp/2pp1np1/p1n5/2PNP3/2N1QB1P/PP1B1PP1/3RR1K1 b - - 3 15	a5a4	22	22
r2qr1k1/1p1b1pbp/2pp1np1/p1n5/2PNP3/2N1QB1P/PP1B1PP1/3R1RK1 b - - 1 14	a5a4	59	22
r3r1k1/1p1bqpbp/2pp1np1/2n5/pPPNP3/2N1QB1P/P2B1PP1/3RR1K1 b - b3 0 16	a4b3	34	22
r3r1k1/1p1bqpbp/2pp1np1/2n5/p1PNP3/2N1QB1P/PP1B1PP1/3RR1K1 w - - 0 16	d2c1	-30	22
r3r1k1/1p1bqpbp/2pp1np1/2n5/2PNP3/1pN1QB1P/P2B1PP1/3RR1K1 w - - 0 17	a2b3	-27	22
r3r1k1/1p1bqpbp/2pp1np1/2n5/2PNP3/1PN1QB1P/3B1PP1/3RR1K1 b - - 0 17	e7d8	30	22
rnbq1rk1/ppp1bppp/4pn2/3p4/2PP4/P4NP1/1P2PPBP/RNBQK2R b KQ - 0 6	d5c4	7	22
rnbq1rk1/ppp1bppp/4pn2/8/2pP4/P4NP1/1P2PPBP/RNBQK2R w KQ - 0 7	d1a4	-16	22
r1bqk2r/pp1p1ppp/2N1pn2/8/1b2P3/2N3P1/PPP2P1P/R1BQKB1R b KQkq - 0 7	b7c6	43	22
r1bqkb1r/5ppp/p1np4/1p1Np3/4n3/N3B3/PPP1BPPP/R2QK2R b KQkq - 1 10	a8b8	14	22
r1bqk2r/p2p1ppp/2p1pn2/8/1b2P3/2N3P1/PPP2P1P/R1BQKB1R w KQkq - 0 8	c1d2	-41	22
r1b2rk1/ppq1bppp/2n1pn2/1Np5/2Pp4/3P1NP1/PP2PPBP/R1BQ1RK1 b - - 1 10	c7b8	74	22
r1bq1rk1/pp2bppp/2n1pn2/1Np5/2Pp4/3P1NP1/PP2PPBP/R1BQ1RK1 w - - 2 11	e2e3	-80	22
r1b2rk1/ppq1bppp/2n1pn2/2p5/2Pp4/2NP1NP1/PP2PPBP/R1BQ1RK1 w - - 0 10	c3b5	-76	22
r1bq1rk1/pp2npb1/3p1npp/P2Pp3/8/2N2N2/1PP1BPPP/R1BQR1K1 w - - 0 12	a1a3	7	22
r1bq1rk1/pp2npb1/3p1npp/P2Pp3/8/2N2N1P/1PP1BPP1/R1BQR1K1 b - - 0 12	c8d7	0	22
rn1q1rk1/pb2bppp/1p1ppn2/2p5/2PP4/PP2PNP1/5PBP/RNBQ1RK1 b - - 0 9	c5d4	5	22
rn1q1rk1/pb2bppp/1p1ppn2/8/2Pp4/PP2PNP1/5PBP/RNBQ1RK1 w - - 0 10	e3d4	1	22
rn1q1rk1/pb2bppp/1p1ppn2/8/2PP4/PP3NP1/5PBP/RNBQ1RK1 b - - 0 10	d6d5	2	22
rn1q1rk1/pb2bppp/1p2pn2/3p4/2PP4/PP3NP1/5PBP/RNBQ1RK1 w - - 0 11	c1b2	0	22
rn3rk1/ppqb1ppp/4pn2/8/1bBP4/2NQ1N1P/PP3PP1/R1B1K2R w KQ - 3 11	c4b3	-10	22
rnb2rk1/ppq2ppp/4pn2/8/1bBP4/2NQ1N1P/PP3PP1/R1B1K2R b KQ - 2 10	c8d7	12	22
rn3rk1/ppqb1ppp/4pn2/8/1b1P4/1BNQ1N1P/PP3PP1/R1B1K2R b KQ - 4 11	f8c8	14	22
rn3rk1/ppq2ppp/2b1pn2/8/1b1P4/1BNQ1N1P/PP3PP1/R1B1K2R w KQ - 5 12	e1g1	-12	22
r4rk1/ppqn1ppp/2b1pn2/8/1b1P4/1BNQ1N1P/PP3PP1/R1B2RK1 w - - 7 13	d4d5	12	22
rn3rk1/ppq2ppp/2b1pn2/8/1b1P4/1BNQ1N1P/PP3PP1/R1B2RK1 b - - 6 12	f8d8	11	22
r2r2k1/ppqn1ppp/2b1pn2/8/1b1P4/1BNQ1N1P/PP1B1PP1/R4RK1 w - - 9 14	d3e2	-10	22
r2r2k1/ppqn1ppp/2b1pn2/8/1b1P4/1BN1QN1P/PP1B1PP1/R4RK1 b - - 10 14	a7a5	27	22
r2r2k1/1pqn1ppp/2b1pn2/p7/1b1P4/1BN1QN1P/PP1B1PP1/R4RK1 w - - 0 15	a1c1	-22	22
r4rk1/ppqn1ppp/2b1pn2/8/1b1P4/1BNQ1N1P/PP1B1PP1/R4RK1 b - - 8 13	f8d8	8	22
2bq1rk1/rpN1bppp/p1n1pn2/2p5/2Pp1B2/3P1NP1/PP2PPBP/R2Q1RK1 w - - 2 13	c7b5	-600	22
r2r2k1/1pqn1ppp/2bbpn2/p7/3P4/PBN1QN1P/1P1B1PP1/2R2RK1 b - - 2 16	c7b6	27	22
r2r2k1/1pqn1ppp/2b1pn2/p7/1b1P4/PBN1QN1P/1P1B1PP1/R4RK1 b - - 0 15	b4d6	20	22
r2r2k1/1pqn1ppp/2bbpn2/p7/3P4/PBN1QN1P/1P1B1PP1/R4RK1 w - - 1 16	f1d1	-23	22
r2r2k1/1p1n1ppp/1qbbpn2/p7/3P4/PBN1QN1P/1P1B1PP1/2R2RK1 w - - 3 17	b3a4	-34	22
r1bq1rk1/pppp1pp1/2n2n1p/1Bb3B1/3NP3/2P5/PP3PPP/RN1Q1RK1 w - - 0 9	g5f6	-52	22
r1b2rk1/pp2bppp/1qn1pn2/2pp4/3P4/2PBPNB1/PP1N1PPP/R2QK2R w KQ - 6 9	d1c2	18	22
r1bq1rk1/pppp1ppp/2n2n2/1Bb3B1/3NP3/2P5/PP3PPP/RN1Q1RK1 b - - 4 8	h7h6	52	22
r2r2k1/1p1n1ppp/1qbbpn2/p7/B2P4/P1N1QN1P/1P1B1PP1/2R2RK1 b - - 4 17	c6a4	22	22
r1bq1rk1/1pN1bppp/p1n1pn2/2p5/2Pp1B2/3P1NP1/PP2PPBP/R2Q1RK1 b - - 1 12	a8a7	613	22
r1bq1rk1/1pp2pp1/pbnp1n1p/4p3/3PP3/1BP2N1P/PP3PP1/RNBQR1K1 b - - 0 10	f8e8	-5	22
rnbq1rk1/ppp2ppp/3b4/6N1/3Pp3/8/PPP2PPP/R1BQKB1R w KQ - 2 9	f1c4	-2	22
r1bqk2r/bp1n1ppp/p1n1p3/3pP3/5P2/P1NB1N2/1PP3PP/R1BQK2R w KQkq - 1 10	d1e2	-26	22
r1bqk2r/1p1n1ppp/p1n1p3/2bpP3/5P2/P1NB1N2/1PP3PP/R1BQK2R b KQkq - 0 9	f7f6	32	22
r2qk2r/1p2bppp/p1npbn2/4p1B1/2N1P3/2N2P2/PPP3PP/R2QKB1R b KQkq - 5 10	e8g8	34	22
r2qkb1r/1p2pppp/p1np1n2/6B1/4P1b1/1NN5/PPP1BPPP/R2QK2R b KQkq - 5 8	g4e2	-39	22
r2q1rk1/1p2bppp/p1npbn2/4p1B1/2N1P3/2N2P2/PPP3PP/R2QKB1R w KQ - 6 11	g5e3	-26	22
r2qkb1r/1p2pppp/p1np1n2/6B1/4P1b1/1NN5/PPP2PPP/R2QKB1R w KQkq - 4 8	f2f3	63	22
rnbq1rk1/ppp2ppp/3b4/6N1/2BPp3/8/PPP2PPP/R1BQK2R b KQ - 3 9	d8e7	8	22
r2qkb1r/1p2pppp/p1np1n2/6B1/4P3/1NN5/PPP1bPPP/R2QK2R w KQkq - 0 9	d1e2	36	22
r2qkb1r/1p3ppp/p1np1n2/4p1B1/4P3/1NN5/PPP1QPPP/R3K2R w KQkq - 0 10	e1c1	226	22
r2qkb1r/1p2pppp/p1np1n2/6B1/4P3/1NN5/PPP1QPPP/R3K2R b KQkq - 0 9	e7e6	-37	22
r3kb1r/1p3ppp/p1np1q2/3Np3/4P3/1N6/PPP1QPPP/R3K2R b KQkq - 1 11	f6d8	-193	22
r2qkb1r/1p3ppp/p1np4/3Np3/4P3/1N6/PPP1QPPP/R3K2R w KQkq - 2 12	e1c1	205	22
r3kb1r/1p3ppp/p1np1q2/4p3/4P3/1NN5/PPP1QPPP/R3K2R w KQkq - 0 11	c3d5	203	22
r2qk2r/1p2bppp/p1np4/3Np3/4P3/1N6/PPP1QPPP/3RK2R w Kkq - 4 13	c2c3	145	22
r2qkb1r/1p3ppp/p1np4/3Np3/4P3/1N6/PPP1QPPP/3RK2R b Kkq - 3 12	g7g6	-145	22
r2qkb1r/1p3ppp/p1np1B2/4p3/4P3/1NN5/PPP1QPPP/R3K2R b KQkq - 0 10	d8f6	-192	22
r2q1rk1/1p2b1pp/p1np4/2PNpp2/4P3/1N6/PP2QPPP/3R1RK1 b - - 0 15	d6c5	-247	22
r2qk2r/1p2bppp/p1np4/3Np3/2P1P3/1N6/PP2QPPP/3RK2R b Kkq - 0 13	e8g8	-101	22
r2q1rk1/1p2b1pp/p1np4/3Npp2/2P1P3/1N6/PP2QPPP/3R1RK1 w - - 0 15	c4c5	283	22
r2q1rk1/1p2b1pp/p1n2N2/2p1pp2/4P3/1N6/PP2QPPP/3R1RK1 b - - 1 16	f8f6	-299	22
r2q1rk1/1p2bppp/p1np4/3Np3/2P1P3/1N6/PP2QPPP/3RK2R w K - 1 14	e1g1	109	22
r2q1rk1/1p2b1pp/p1n5/2pNpp2/4P3/1N6/PP2QPPP/3R1RK1 w - - 0 16	d5f6	297	22
r2q1rk1/1p2bppp/p1np4/3Np3/2P1P3/1N6/PP2QPPP/3R1RK1 b - - 2 14	g8h8	-109	22
r1bq1rk1/pp2bppp/2n1pn2/2Pp4/2P5/N4NP1/PP2PPBP/R1BQ1RK1 b - - 0 8	e7c5	5	22
r1bq1rk1/pp3ppp/2n1pn2/2bp4/2P5/N4NP1/PP2PPBP/R1BQ1RK1 w - - 0 9	c1g5	-4	22
r1bqkb1r/pp3ppp/2n1pn2/3p4/3P1B2/2P5/PP1NBPPP/R2QK1NR b KQkq - 0 7	f8d6	-34	22
r1bqk2r/pp3ppp/2nbpn2/3p4/3P1B2/2P5/PP1NBPPP/R2QK1NR w KQkq - 1 8	f4d6	37	22
r1bqkbnr/pp3ppp/2n5/1B1p4/P2p4/8/1PPNNPPP/R1BQK2R b KQkq - 3 7	a7a6	38	22
r2qkbnr/pp3ppp/2n5/1B1p4/P2p2b1/8/1PPNNPPP/R1BQK2R w KQkq - 4 8	h2h3	5	22
r2qkb1r/pp2nppp/2n5/1B1p4/P2p2b1/1N6/1PP1NPPP/R1BQ1K1R b kq - 7 9	a7a6	45	22
r2qkb1r/pp2nppp/2n5/1B1p4/P2p2b1/8/1PPNNPPP/R1BQ1K1R w kq - 6 9	h2h3	-45	22
r1bq1rk1/ppp1bppp/2n1pn2/8/2Pp4/3P1NP1/PPQNPPBP/R1B2RK1 b - - 2 8	a7a5	89	22
r2qkb1r/1p2nppp/p1n5/1B1p4/P2p2b1/1N6/1PP1NPPP/R1BQ1K1R w kq - 0 10	b5d3	-36	22
r2qkbnr/pp3ppp/2n5/1B1p4/P2p2b1/8/1PPNNPPP/R1BQ1K1R b kq - 5 8	a7a6	148	22
r2qkb1r/1p2nppp/p1B5/3p4/P2p2b1/1N6/1PP1NPPP/R1BQ1K1R b kq - 0 10	e7c6	70	22
r2qkb1r/1p3ppp/p1n5/3p4/P2p2b1/1N6/1PP1NPPP/R1BQ1K1R w kq - 0 11	b3d4	-72	22
r2qkb1r/1p1b1ppp/p1n5/3p4/P2p4/1N3P2/1PP1N1PP/R1BQ1K1R w kq - 1 12	f1f2	-67	22
r2qkb1r/1p3ppp/p1n5/3p4/P2p2b1/1N3P2/1PP1N1PP/R1BQ1K1R b kq - 0 11	g4d7	67	22
r2qkb1r/1p1b1ppp/p1n5/3p4/P2N4/5P2/1PP1N1PP/R1BQ1K1R b kq - 0 12	f8c5	65	22
r2qk2r/1p1b1ppp/p1n5/3p4/Pb1N4/5P2/1PP1N1PP/R1BQ1K1R w kq - 1 13	d4c6	20	22
r2qk2r/1p1bnppp/p7/3p4/Pb1N1N2/5P2/1PP3PP/R1BQ1K1R w kq - 3 14	c1e3	-14	22
r1bqkb1r/pp3ppp/2n1pn2/3p4/3P1B2/2P4P/PP1N1PP1/R2QKBNR b KQkq - 0 7	f8d6	0	22
r2qk2r/1p1b1ppp/p1n5/3p4/Pb1N1N2/5P2/1PP3PP/R1BQ1K1R b kq - 2 13	e8g8	114	22
r2qk2r/1p1bnppp/p7/3p4/Pb3N2/5P2/1PP1N1PP/R1BQ1K1R b kq - 4 14	e8g8	133	22
r1bqk2r/pp3ppp/2nbpn2/3p4/3P1B2/2P4P/PP1N1PP1/R2QKBNR w KQkq - 1 8	f4d6	10	22
r1bqk2r/pp3ppp/2nBpn2/3p4/3P4/2P4P/PP1N1PP1/R2QKBNR b KQkq - 0 8	d8d6	-1	22
r1b1k2r/pp3ppp/2nqpn2/3p4/3P4/2P4P/PP1N1PP1/R2QKBNR w KQkq - 0 9	f1b5	5	22
r2q1rk1/1p1bnppp/p7/3p4/Pb3N2/2P2P2/1P2N1PP/R1BQ1K1R b - - 0 15	b4c5	142	22
r2q1rk1/1p1bnppp/p7/3p4/Pb3N2/5P2/1PP1N1PP/R1BQ1K1R w - - 5 15	c1e3	-110	22
rnbq1rk1/ppp3pp/3bpn2/5p2/2pP4/1P3NP1/P3PPBP/RNBQ1RK1 w - - 0 9	b3c4	96	22
rnbq1rk1/ppp3pp/3bpn2/5p2/2PP4/5NP1/P3PPBP/RNBQ1RK1 b - - 0 9	c7c5	-95	22
r2q1rk1/ppp2ppp/2n2n2/3p4/1b1P2b1/2NBPP2/PP2N1PP/R1BQ1RK1 b - - 0 9	g4h5	-63	22
r1b1k2r/ppp1qppp/2pn4/4Q3/8/P1P2N2/2PP1PPP/R1B1K2R w KQkq - 1 10	e5e7	3	22
r1b1k2r/ppp1Qppp/2pn4/8/8/P1P2N2/2PP1PPP/R1B1K2R b KQkq - 0 10	e8e7	-1	22
r1b4r/ppp1kppp/2pn4/8/8/P1P2N2/2PP1PPP/R1B1K2R w KQ - 0 11	d2d3	-1	22
r1b4r/ppp1kppp/2pn4/8/8/P1PP1N2/2P2PPP/R1B1K2R b KQ - 0 11	h8e8	4	22
r1bq1rk1/ppp3pp/2nbpn2/5p2/2PP4/5NP1/P3PPBP/RNBQ1RK1 w - - 1 10	c1b2	111	22
rnbqk2r/ppp1b1pp/4pn2/3p1p2/3P4/1PP2NP1/P3PPBP/RNBQK2R w KQkq - 1 7	c3c4	44	22
rnbqk2r/ppp1b1pp/4pn2/3p1p2/3P4/1PP2NP1/P3PPBP/RNBQ1RK1 b kq - 2 7	e8g8	-38	22
1rbqk2r/1p3ppp/p1np1b2/4p3/4P3/N1N5/PPP2PPP/R2QKB1R w KQk - 0 11	a3c4	24	22
rnbq1rk1/ppp1ppb1/3p2pp/8/3PPBn1/2N2N2/PPP1BPPP/R2QK2R b KQ - 3 8	b8c6	-15	22
rnbq1rk1/ppp1b1pp/4pn2/3p1p2/3P4/1PP2NP1/P3PPBP/RNBQ1RK1 w - - 3 8	c3c4	43	22
r1bqkb1r/ppp3pp/2n5/3p1p2/3Pn3/4BN2/PPPN1PPP/R2QKB1R w KQkq - 0 8	f1b5	34	22
r2q1rk1/ppp2ppp/2n1bn2/3p4/1b1P4/2NBPP2/PP2N1PP/R1BQ1RK1 w - - 1 10	a2a3	139	22
1rbqk2r/1p3ppp/p1np1b2/4p3/2N1P3/2N5/PPP2PPP/R2QKB1R b KQk - 1 11	c6d4	-10	22
rn1q1rk1/pb2bppp/1p2pn2/2ppN3/2PP1B2/6P1/PP2PPBP/RN1Q1RK1 w - - 0 9	d4c5	43	22
r2q1rk1/pb2bppp/1p2pn2/2Ppn3/2P2B2/2N3P1/PP2PPBP/R2Q1RK1 w - - 0 11	f4e5	42	22
r2q1rk1/pb2bppp/1pn1pn2/2ppN3/2PP1B2/2N3P1/PP2PPBP/R2Q1RK1 w - - 2 10	d4c5	46	22
r2q1rk1/pb2bppp/1pn1pn2/2PpN3/2P2B2/2N3P1/PP2PPBP/R2Q1RK1 b - - 0 10	e7c5	-51	22
r2q1rk1/pb2bppp/1p2pn2/2PpB3/2P5/2N3P1/PP2PPBP/R2Q1RK1 b - - 0 11	e7c5	-37	22
r2q1rk1/pb3ppp/1p2pB2/2bp4/2P5/2N3P1/PP2PPBP/R2Q1RK1 b - - 0 12	d8f6	-14	22
r2q1rk1/pb3ppp/1p2pn2/2bpB3/2P5/2N3P1/PP2PPBP/R2Q1RK1 w - - 0 12	a1c1	41	22
r4rk1/pb3ppp/1p2pq2/2bp4/2P5/2N3P1/PP2PPBP/R2Q1RK1 w - - 0 13	c4d5	22	22
r4rk1/pb3ppp/1p3q2/3p4/3b4/1QN3P1/PP2PPBP/R4RK1 w - - 2 15	c3d5	81	22
r4rk1/pb3ppp/1p3q2/2bp4/8/2N3P1/PP2PPBP/R2Q1RK1 w - - 0 14	d1b3	13	22
r4rk1/pb3ppp/1p2pq2/2bP4/8/2N3P1/PP2PPBP/R2Q1RK1 b - - 0 13	a8d8	-10	22
r4rk1/pb3ppp/1p3q2/2bp4/8/1QN3P1/PP2PPBP/R4RK1 b - - 1 14	a8d8	-10	22
r1bq1rk1/pp1pppbp/2n2np1/2p5/Q1P1P3/2N2NP1/PP1P1PBP/R1B1K2R b KQ - 0 7	a7a6	89	22
r4rk1/pb3ppp/1p3q2/3N4/3b4/1Q4P1/PP2PPBP/R4RK1 b - - 0 15	b7d5	-66	22
r1bq1rk1/pp1p1pbp/2n2np1/2p1p3/Q1P1P3/2N2NP1/PP1P1PBP/R1B1K2R w KQ - 0 8	d2d3	-16	22
r4rk1/p4ppp/1p3q2/3b4/3b4/1Q4P1/PP2PPBP/R4RK1 w - - 0 16	g2d5	101	22
r4rk1/p4ppp/1p3q2/3B4/3b4/1Q4P1/PP2PP1P/R4RK1 b - - 0 16	a8e8	-68	22
r1bq1rk1/pp1p1pbp/2n2np1/2p1p3/Q1P1P3/2N2NP1/PP1P1PBP/R1B2RK1 b - - 1 8	a7a6	18	22
r1bq1rk1/pp3pbp/2np1np1/2p1p3/Q1P1P3/2N2NP1/PP1P1PBP/R1B2RK1 w - - 0 9	d2d3	-14	22
r1bq1rk1/pp3pbp/2np1np1/2p1p3/Q1P1P3/2NP1NP1/PP3PBP/R1B2RK1 b - - 0 9	a7a6	15	22
r1bq1rk1/pp3pbp/3p1np1/2p1p3/Q1PnP3/2NP1NP1/PP3PBP/R1B2RK1 w - - 1 10	c1g5	-7	22
r2qkb1r/pp1Bpppp/3p1n2/6B1/3nP3/2N5/PPP2PPP/R2QK2R b KQkq - 0 8	f6d7	-26	22
r3kb1r/pp1qpppp/3p1n2/6B1/3QP3/2N5/PPP2PPP/R3K2R b KQkq - 0 9	e7e6	-107	22
r3kb1r/pp1qpppp/3p1n2/6B1/3nP3/2N5/PPP2PPP/R2QK2R w KQkq - 0 9	d1d4	120	22
r3kb1r/pp2pppp/3p1n2/6B1/3QP1q1/2N5/PPP2PPP/R3K2R w KQkq - 1 10	g5f6	226	22
r3kb1r/pp2pppp/3p1B2/8/3QP1q1/2N5/PPP2PPP/R3K2R b KQkq - 0 10	g7f6	-199	22
r1bq1rk1/pp3ppp/2n1pn2/8/1bBP4/2N2N2/PPQ2PPP/R1B1K2R w KQ - 1 10	c1e3	-30	22
r1bq1rk1/2p1bppp/p2p4/3np3/1p2P3/1P1P1N1P/1PP2PP1/R1BQR1K1 w - - 0 13	e4d5	-96	22
r1bq1rk1/2p1bppp/p2p1n2/3Np3/1p2P3/1P1P1N1P/1PP2PP1/R1BQR1K1 b - - 1 12	f6d5	105	22
r3kb1r/pp2pppp/3p1B2/8/3QP3/2N5/PPP2PqP/R3K2R w KQkq - 0 11	e1c1	513	22
r2q1rk1/1bp1bppp/p2p4/3Pp3/1p6/1P1P1N1P/1PP2PP1/R1BQR1K1 w - - 1 14	d3d4	-42	22
r1bq1rk1/2p1bppp/p2p4/3Pp3/1p6/1P1P1N1P/1PP2PP1/R1BQR1K1 b - - 0 13	f7f5	100	22
r2q1rk1/1p1bppbp/p1np1np1/2p5/2P4P/2NP2P1/PP2PPBN/1RBQ1RK1 w - - 4 11	a2a3	1	22
r2q1rk1/1p2ppbp/p1np1np1/2p5/2P3bP/2NP2P1/PP2PPBN/1RBQ1RK1 b - - 3 10	g4e6	-1	22
r2q1rk1/1p1b1pbp/p1np1np1/2p1p3/P1P4P/2NP2P1/1P2PPBN/1RBQ1RK1 w - - 0 12	c1g5	36	22
r2q1rk1/1p1b1pbp/p1np1np1/2p1p3/P1P4P/1PNP2P1/4PPBN/1RBQ1RK1 b - - 0 12	h7h6	12	22
r4rk1/1pqb1pbp/p1np1np1/2p1p3/P1P4P/1PNP2P1/4PPBN/1RBQ1RK1 w - - 1 13	c1g5	29	22
r2q1rk1/1p1bppbp/p1np1np1/2p5/P1P4P/2NP2P1/1P2PPBN/1RBQ1RK1 b - - 0 11	a8b8	37	22
r2k1b1r/pp2pppp/3p1B2/8/Q3P3/2N5/PPP2PqP/R3K2R w KQ - 2 12	f6e7	530	22
r4rk1/1pqb1pbp/p1np1np1/2p1p1B1/P1P4P/1PNP2P1/4PPBN/1R1Q1RK1 b - - 2 13	c6b4	-19	22
r3r1k1/1pqb1pbp/p1np1np1/2p1p1B1/P1P4P/1PNPP1P1/5PBN/1R1Q1RK1 b - - 0 14	c7a5	-27	22
r3r1k1/1pqb1pbp/p1np1np1/2p1p1B1/P1P4P/1PNP2P1/4PPBN/1R1Q1RK1 w - - 3 14	g5f6	105	22
r3kb1r/pp2pppp/3p1B2/8/Q3P3/2N5/PPP2PqP/R3K2R b KQkq - 1 11	e8d8	-539	22
r3r1k1/1p1b1pbp/p1np1Bp1/q1p1p3/P1P4P/1PNPP1P1/5PBN/1R1Q1RK1 b - - 0 15	a5c3	-4	22
r3r1k1/1p1b1pbp/p1np1np1/q1p1p1B1/P1P4P/1PNPP1P1/5PBN/1R1Q1RK1 w - - 1 15	b1c1	29	22
r3r1k1/1p1b1p1p/p1np1bp1/q1p1p3/P1P4P/1PNPP1P1/5PBN/1R1Q1RK1 w - - 0 16	c3d5	52	22
r3r1k1/1p1b1p1p/p1np1bp1/q1pNp3/P1P4P/1P1PP1P1/5PBN/1R1Q1RK1 b - - 1 16	f6g7	-49	22
r3r1k1/1p1b1pbp/p1np2p1/q1pNp2P/P1P5/1P1PP1P1/5PBN/1R1Q1RK1 b - - 0 17	d7e6	-52	22
r3r1k1/1p1b1pbp/p1np2p1/q1pNp3/P1P4P/1P1PP1P1/5PBN/1R1Q1RK1 w - - 2 17	h4h5	52	22
3q1rk1/2p1bppp/r2p1n2/1p1Bp3/p3P3/3P2QP/PPP1RPP1/R1B3K1 w - - 2 20	a2a3	-4	22
r3r1k1/1p1b1pbp/p1np4/q1pNp2p/P1P5/1P1PP1P1/5PBN/1R1Q1RK1 w - - 0 18	d1h5	269	22
r1bq1rk1/ppp2pbp/3p1np1/2n1P3/2P1P3/2NQ1N2/PP2BPPP/R1B1K2R w KQ - 1 9	d3c2	40	22
r5k1/1p1b1pbp/p1npr3/q1pNp2Q/P1P5/1P1PP1P1/5PBN/1R3RK1 w - - 1 19	g2e4	267	22
r1bq1rk1/ppp2pbp/3p1np1/4P3/1nP1P3/2NQ1N2/PP2BPPP/R1B1K2R w KQ - 1 9	d3d1	6	22
r1bq1rk1/ppp2pbp/3p1np1/2n1P3/2P1P3/2N2N2/PPQ1BPPP/R1B1K2R b KQ - 2 9	d6e5	-49	22
r1bq1rk1/ppp2pbp/5np1/4p3/1nP1P3/2N2N2/PP2BPPP/RQB2RK1 b - - 1 10	b4c6	0	22
r3r1k1/1p1b1pbp/p1np4/q1pNp2Q/P1P5/1P1PP1P1/5PBN/1R3RK1 b - - 0 18	e8e6	-240	22
r1bq1rk1/ppp2pbp/3p1np1/4P3/1nP1P3/2N2N2/PP2BPPP/RQB1K2R b KQ - 2 9	d6e5	6	22
r1bq1rk1/ppp2pbp/5np1/4p3/1nP1P3/2N2N2/PP2BPPP/RQB1K2R w KQ - 0 10	e1g1	-1	22
r1bqkb1r/ppp2ppp/2n5/3p4/3Pn3/5N2/PPPNBPPP/R1BQK2R b KQkq - 3 7	f8d6	3	22
rnbq1rk1/ppp2ppp/3b4/3p4/3Pn3/2P2N1P/PP1NBPP1/R1BQK2R b KQ - 4 9	f8e8	25	22
r1bq1rk1/ppp2ppp/2nb4/3p4/3Pn3/2P2N1P/PP1NBPP1/R1BQK2R w KQ - 5 10	e1g1	-10	22
r1bqkb1r/ppp2ppp/2n2n2/3p4/3P4/5N2/PPPNBPPP/R1BQK2R w KQkq - 4 8	e1g1	11	22
r2q1rk1/pp3ppp/2n1bn2/2bp2B1/8/N4NP1/PP2PPBP/R2Q1RK1 w - - 2 11	a3b5	-8	22
r2q1rk1/pp3ppp/2n1bn2/2bp2B1/8/N4NP1/PP2PPBP/2RQ1RK1 b - - 3 11	c5b6	14	22
r1bq1rk1/2p2pp1/p1np3p/1pb1p3/4P1n1/1BPP1N2/PP2RPPP/R1BQ1NK1 b - - 1 11	g4f6	-61	22
r1bq1rk1/2p2pp1/p1np3p/1pb1p3/4P1n1/1BPP1N2/PP1NRPPP/R1BQ2K1 w - - 0 11	d2f1	52	22
r1bq1rk1/2p2pp1/p1np3p/1p2p3/4P3/1BPP1N2/PP3bPP/R1BQ1NK1 w - - 0 13	g1f2	192	22
r1bq1rk1/2p2pp1/p1np3p/1p2p3/4P3/1BPP1N2/PP3KPP/R1BQ1N2 b - - 0 13	c6a5	-197	22
r1bq1rk1/2p2pp1/p1np3p/1pb1p3/4P3/1BPP1N2/PP2RnPP/R1BQ1NK1 w - - 0 12	e2f2	201	22
r1bq1rk1/2p2pp1/2np3p/pp2p3/4P3/1BPP1N2/PP3KPP/R1BQ1N2 w - - 0 14	a2a4	216	22
r1bq1rk1/2p2pp1/2np3p/pp2p3/P3P3/1BPP1N2/1P3KPP/R1BQ1N2 b - - 0 14	b5a4	-234	22
r1bq1rk1/2p2pp1/2np3p/p3p3/p3P3/1BPP1N2/1P3KPP/R1BQ1N2 w - - 0 15	a1a4	211	22
r1bq1rk1/2p1npp1/3p3p/p3p3/B3P3/2PP1N2/1P3KPP/R1BQ1N2 w - - 1 16	d3d4	237	22
r1bq1rk1/2p1npp1/3p3p/p3p3/B3P3/2PPNN2/1P3KPP/R1BQ4 b - - 2 16	f7f5	-176	22
r1bq1rk1/2p2pp1/p1np3p/1pb1p3/4P3/1BPP1N2/PP3RPP/R1BQ1NK1 b - - 0 12	c5f2	-204	22
r1bq1rk1/2p2pp1/2np3p/p3p3/B3P3/2PP1N2/1P3KPP/R1BQ1N2 b - - 0 15	c6e7	-222	22
r1bqk2r/2p1bppp/p2p1n2/1p2p3/4P3/1nNP1N2/PPP2PPP/R1BQR1K1 w kq - 0 10	a2b3	-5	22
r1bqk2r/2p1bppp/p2p1n2/1p2p3/4P3/1PNP1N2/1PP2PPP/R1BQR1K1 b kq - 0 10	c8b7	0	22
r2q1rk1/2p1n1p1/3pb2p/p3pp2/B3P3/2PPNN2/1P4PP/R1BQ2K1 w - - 0 18	e4f5	228	22
r2q1rk1/2p1npp1/3pb2p/p3p3/B3P3/2PPNN2/1P4PP/R1BQ2K1 b - - 4 17	f7f5	-228	22
r3kb1r/pp1q1ppp/2n2n2/3p4/3p4/7P/PPPNNPP1/R1BQ1RK1 w kq - 0 10	f1e1	14	22
r3kb1r/pp1q1ppp/2n2n2/2pp4/3P4/7P/PPPNNPP1/R1BQ1RK1 b kq - 3 9	f8d6	0	22
r2q1rk1/2p1n1p1/3pb2p/p3pP2/B7/2PPNN2/1P4PP/R1BQ2K1 b - - 0 18	e7f5	-215	22
r1bq1rk1/pppp1ppp/2B5/4p3/4n3/2P2N1P/PPP2PP1/R1BQ1RK1 b - - 0 8	d7c6	0	22
r2q1rk1/2p1npp1/3pb2p/p3p3/B3P3/2PPNN2/1P3KPP/R1BQ4 w - - 3 17	d3d4	313	22
r1bq1rk1/ppp2ppp/2p5/4p3/4n3/2P2N1P/PPP2PP1/R1BQ1RK1 w - - 0 9	f3e5	-1	22
rnb2rk1/ppp1qpp1/7p/4p3/2PPN3/4P3/PP3PPP/R2QKB1R b KQ - 0 11	e5d4	270	22
rnb2rk1/ppp1qpp1/7p/8/2PpN3/4P3/PP3PPP/R2QKB1R w KQ - 0 12	f1d3	-284	22
r1b1r1k1/ppp1qpp1/2n4p/8/2Pp4/3QP3/PP1NKPPP/R4B1R b - - 5 14	d4e3	788	22
rnb1r1k1/ppp1qpp1/7p/8/2PpN3/3QP3/PP3PPP/R3KB1R w KQ - 2 13	e4g3	-282	22
r1b1r1k1/ppp1qpp1/7p/8/1nPp4/3QP3/PP1NKPPP/R4B1R w - - 6 15	d3d4	-696	22
r1b1r1k1/ppp1qpp1/2n4p/8/2Pp4/3QP3/PP1N1PPP/R3KB1R w KQ - 4 14	f1e2	-383	22
r1b1r1k1/ppp1qpp1/7p/8/1nPp4/1Q2P3/PP1NKPPP/R4B1R b - - 7 15	d4e3	934	22
r3r1k1/ppp1qpp1/7p/8/1nPp4/1Q1bPN2/PP2KPPP/R4B1R w - - 10 17	e2e1	-793	22
r3r1k1/ppp1qpp1/7p/5b2/1nPp4/1Q2PN2/PP2KPPP/R4B1R b - - 9 16	d4e3	985	22
r3r1k1/ppp1qpp1/7p/8/1nPp4/1Q1bPN2/PP1K1PPP/R4B1R b - - 11 17	d4e3	981	22
r3r1k1/ppp1qpp1/7p/5b2/1nPp4/1Q2P3/PP1NKPPP/R4B1R w - - 8 16	a1e1	-904	22
r3r1k1/ppp1qpp1/7p/8/1nP5/1Q1bpN2/PP1K1PPP/R4B1R w - - 0 18	d2c1	-995	22
rnb2rk1/ppp1qpp1/7p/8/2PpN3/3QP3/PP3PPP/R3KB1R b KQ - 1 12	b8c6	314	22
r3r1k1/ppp1qpp1/7p/8/1nP5/1QKbpN2/PP3PPP/R4B1R b - - 1 18	a7a5	1199	22
r3r1k1/pp2qpp1/7p/2p5/1nP5/1QKbpN2/PP3PPP/R4B1R w - - 0 19	b3d1	-1209	22
r3kb1r/pp1npppp/2p5/q6P/3Pn3/2PB1N2/PP3PP1/R1BQK2R b KQkq - 0 11	e4f6	-192	22
rn2kb1r/pp2pppp/1qp2nb1/8/3P1B2/3B1NN1/PPP2PPP/R2QK2R b KQkq - 8 8	e7e6	-20	22
rn2kb1r/pp2pppp/1qp2n2/8/3P1B2/3b1NN1/PPP2PPP/R2QK2R w KQkq - 0 9	d1d3	36	22
rn2kb1r/pp2pppp/1qp2n2/8/3P1B2/3Q1NN1/PPP2PPP/R3K2R b KQkq - 0 9	e7e6	-38	22
rnb1r1k1/ppp1qpp1/7p/8/2Pp4/3QP3/PP1N1PPP/R3KB1R b KQ - 3 13	d4e3	550	22
rn2kb1r/pp2pppp/2p2n2/8/3P1B2/3Q1NN1/PqP2PPP/R3K2R w KQkq - 0 10	e1g1	222	22
rn2kb1r/pp2pppp/2p2n2/8/3P1B2/3Q1NN1/PqP2PPP/R4RK1 b kq - 1 10	b2b6	-199	22
r3kb1r/pp2pppp/2p2n2/q6P/3Pn3/2PB1N2/PP3PP1/R1BQK2R w KQkq - 1 12	d1e2	379	22
r1bqk2r/ppp1bppp/n3pn2/8/2P5/2QpPNP1/PP1P1PBP/RNB2RK1 b kq - 3 8	a6c5	-74	22
rn2kb1r/pp2pppp/2p5/3n4/3P4/3Q1NN1/PqPB1PPP/R4RK1 b kq - 3 11	e7e6	-254	22
rn2kb1r/pp2pppp/1qp5/3n4/3P4/3Q1NN1/P1PB1PPP/R4RK1 w kq - 4 12	c2c4	256	22
r1bqk2r/ppp1bppp/4pn2/2n5/2P5/2QpPNP1/PP1P1PBP/RNB2RK1 w kq - 4 9	b2b4	60	22
rnb2rk1/ppq1bppp/4pn2/2P1N3/2p5/2N3P1/PP2PPBP/R1BQ1RK1 w - - 1 10	e5c4	109	22
rnb2rk1/ppq1bppp/4pn2/2P5/2N5/2N3P1/PP2PPBP/R1BQ1RK1 b - - 0 10	c7c5	-137	22
rnb2rk1/ppq2ppp/4pn2/2b3B1/2N5/2N3P1/PP2PPBP/R2Q1RK1 b - - 1 11	c5e7	-147	22
r1b2rk1/ppqnbppp/4pn2/6B1/2N5/2N1P1P1/PP3PBP/R2Q1RK1 w - - 1 13	d1d4	52	22
r1b2rk1/ppqn1ppp/4pn2/2b3B1/2N5/2N3P1/PP2PPBP/R2Q1RK1 w - - 2 12	a1c1	214	22
rn2kb1r/pp2pppp/2p5/3n4/3P1B2/3Q1NN1/PqP2PPP/R4RK1 w kq - 2 11	f4b8	553	22
r1b2rk1/ppqn1ppp/4pn2/2b3B1/2N5/2N1P1P1/PP3PBP/R2Q1RK1 b - - 0 12	h7h6	-13	22
rnb2rk1/ppq2ppp/4pn2/2b5/2N5/2N3P1/PP2PPBP/R1BQ1RK1 w - - 0 11	c1f4	145	22
r1b2rk1/ppqnbppp/5n2/4p1B1/2NQ4/2N1P1P1/PP3PBP/R4RK1 w - - 0 14	c3b5	52	22
r1b2rk1/ppqnbppp/4pn2/6B1/2NQ4/2N1P1P1/PP3PBP/R4RK1 b - - 2 13	e6e5	-48	22
r1b2rk1/ppqnbppp/5n2/1N2p1B1/2NQ4/4P1P1/PP3PBP/R4RK1 b - - 1 14	c7b8	-49	22
rqb2rk1/pp1nbppp/5n2/1N2p1B1/2N5/3QP1P1/PP3PBP/R4RK1 b - - 3 15	h7h6	-3	22
rqb2rk1/pp1nbppp/5n2/1N2p1B1/2NQ4/4P1P1/PP3PBP/R4RK1 w - - 2 15	g5f6	50	22
rqb2rk1/pp1nbpp1/5n1p/1N2p1B1/2N5/3QP1P1/PP3PBP/R4RK1 w - - 0 16	g5f6	20	22
rqb2rk1/pp1nbpp1/5B1p/1N2p3/2N5/3QP1P1/PP3PBP/R4RK1 b - - 0 16	d7f6	-2	22
rqb2rk1/pp2bpp1/5n1p/1N2p3/2N5/3QP1P1/PP3PBP/R4RK1 w - - 0 17	a1c1	16	22
r1bq1rk1/p1p1bppp/2Q1pn2/8/2p5/3P2P1/PP2PPBP/RNB1K2R b KQ - 0 9	a8b8	-116	22
1rbq1rk1/p1p1bppp/2Q1pn2/8/2p5/3P2P1/PP2PPBP/RNB1K2R w KQ - 1 10	c6c4	114	22
r1bq1rk1/p1p1bppp/2p1pn2/8/2Q5/3P2P1/PP2PPBP/RNB1K2R b KQ - 0 9	a8b8	-61	22
1rbq1rk1/p1p1bppp/2p1pn2/8/2Q5/3P2P1/PP2PPBP/RNB1K2R w KQ - 1 10	e1g1	78	22
1rbq1rk1/p1p1bppp/4pn2/8/2Q5/3P2P1/PP2PPBP/RNB1K2R b KQ - 0 10	e6e5	-110	22
1rbq1rk1/p3bppp/4pn2/2p5/2Q5/3P2P1/PP2PPBP/RNB1K2R w KQ - 0 11	b2b3	131	22
1rbq1rk1/p1p1bppp/2B1pn2/8/2Q5/3P2P1/PP2PP1P/RNB1K2R b KQ - 0 10	f6d5	-52	22
1rbq1rk1/p3bppp/4pn2/2p5/2Q5/3P2P1/PP1NPPBP/R1B1K2R b KQ - 1 11	f6d5	-129	22
2bq1rk1/p1p1bppp/2B1pn2/8/1rQ5/3P2P1/PP2PP1P/RNB1K2R w KQ - 1 11	c4c2	88	22
2bq1rk1/p1p1bppp/2B1pn2/8/1r6/3P2P1/PPQ1PP1P/RNB1K2R b KQ - 2 11	f6d5	-102	22
3q1rk1/p1pbbppp/2B1pn2/8/1r6/3P2P1/PPQ1PP1P/RNB1K2R w KQ - 3 12	c6f3	153	22
1rbq1rk1/p3bppp/4p3/2pn4/2Q5/3P2P1/PP1NPPBP/R1B1K2R w KQ - 2 12	e1g1	108	22
1rbq1rk1/p3bppp/4p3/2pn4/2Q5/3P2P1/PP1NPPBP/R1B2RK1 b - - 3 12	a7a5	-110	22
3q1rk1/p1pBbppp/4pn2/8/1r6/3P2P1/PPQ1PP1P/RNB1K2R b KQ - 0 12	d8d7	-76	22
1rbq1rk1/p3bppp/4p3/2p5/1nQ1N3/3P2P1/PP2PPBP/R1B2RK1 b - - 5 13	c8a6	-97	22
1rbq1rk1/p3bppp/4p3/2p5/1nQ5/3P2P1/PP1NPPBP/R1B2RK1 w - - 4 13	a2a3	145	22
5rk1/p1pqbppp/4pn2/8/1r6/3P2P1/PPQ1PP1P/RNB2RK1 b - - 1 13	e6e5	-74	22
1r1q1rk1/p3bppp/b3p3/2p5/1nQ1N3/3P2P1/PP2PPBP/R1B2RK1 w - - 6 14	c4c3	71	22
5rk1/p1pqbppp/4pn2/8/1r6/3P2P1/PPQ1PP1P/RNB1K2R w KQ - 0 13	a2a3	85	22
1r1q1rk1/p3bppp/b3p3/2p5/1n2N3/2QP2P1/PP2PPBP/R1B2RK1 b - - 7 14	b4d5	-76	22
5rk1/p1pqbppp/4p3/8/1r4n1/3P2P1/PPQ1PP1P/RNB2RK1 w - - 2 14	b1d2	163	22
2rq1rk1/p3bppp/b3p3/2p5/1n2N3/P1QP2P1/1P2PPBP/R1B2RK1 b - - 0 15	b4c6	-99	22
2rq1rk1/p3bppp/b3p3/2p5/1n2N3/2QP2P1/PP2PPBP/R1B2RK1 w - - 8 15	b2b3	161	22
5rk1/p1pqbppp/4p3/8/1r4n1/3P2P1/PPQBPP1P/RN3RK1 b - - 3 14	b4b6	-150	22
5rk1/p1pqbppp/4p3/8/3r2n1/3P2P1/PPQBPP1P/RNR3K1 b - - 5 15	c7c5	-166	22
5rk1/p1pqbppp/4p3/8/3r2n1/3P2P1/PPQBPP1P/RN3RK1 w - - 4 15	h2h3	153	22
r1b2rk1/pp2ppbp/1qnp1np1/2p5/P1P1P3/2NP1NP1/1P3PBP/R1BQ1RK1 b - - 0 9	c8g4	26	22
r1b2rk1/pp2ppbp/1qnp1np1/2p5/2P1P3/2NP1NP1/PP3PBP/R1BQ1RK1 w - - 2 9	a1b1	-4	22
r4rk1/pp1bppbp/1qnp1np1/2p5/P1P1P3/2NP1NP1/1P3PBP/R1BQ1RK1 w - - 1 10	a1b1	-8	22
r4rk1/pp1bppbp/1qnp1np1/2p5/P1P1P3/R1NP1NP1/1P3PBP/2BQ1RK1 b - - 2 10	d7g4	25	22
r4rk1/pp1bppbp/1q1p1np1/2p5/PnP1P3/R1NP1NP1/1P3PBP/2BQ1RK1 w - - 3 11	a4a5	-1	22
r4rk1/pp1bppbp/1q1p1np1/2p1P3/PnP5/R1NP1NP1/1P3PBP/2BQ1RK1 b - - 0 11	d6e5	9	22
r4rk1/pp1bppbp/1q1p2p1/2p1P3/PnP3n1/R1NP1NP1/1P3PBP/2BQ1RK1 w - - 1 12	a4a5	4	22
r4rk1/pp1b1pbp/1q1p2p1/2p5/PnP3n1/R1NP1NP1/1P3PBP/2BQ1RK1 w - - 0 13	h2h3	-6	22
r4rk1/pp1bppbp/1q1P2p1/2p5/PnP3n1/R1NP1NP1/1P3PBP/2BQ1RK1 b - - 0 12	e7d6	0	22
r4rk1/pp1b1pbp/1q1p2p1/P1p5/1nP3n1/R1NP1NP1/1P3PBP/2BQ1RK1 b - - 0 13	b6a6	4	22
r4rk1/ppqb1pbp/3p2p1/P1p5/1nP2Bn1/R1NP1NP1/1P3PBP/3Q1RK1 b - - 2 14	a8c8	-6	22
r4rk1/ppqb1pbp/3p2p1/P1p5/1nP3n1/R1NP1NP1/1P3PBP/2BQ1RK1 w - - 1 14	c3b5	52	22
r3r1k1/ppqb1pbp/3p2p1/P1p5/1nP2Bn1/R1NP1NP1/1P3PBP/3Q1RK1 w - - 3 15	d3d4	47	22
r3r1k1/ppqb1pbp/3p2p1/P1p5/1nP1NBn1/R2P1NP1/1P3PBP/3Q1RK1 b - - 4 15	g4e5	-48	22
r2qkb1r/pp3p1p/3pNnp1/4p3/3nP3/2N5/PPP1BPPP/R1BQ1RK1 b kq - 0 10	f7e6	-76	22
r3r1k1/ppqb1p1p/3N2p1/P1p5/1nP2Bn1/R2P1NP1/1b3PBP/3Q1RK1 b - - 0 16	g4e5	-378	22
r2qkb1r/pp5p/3ppnp1/4p3/3nP3/2NB4/PPP2PPP/R1BQ1RK1 b kq - 1 11	f8g7	-63	22
r2qkb1r/pp3p1p/3pbnp1/4p1N1/3nP3/2N1B3/PPP1BPPP/R2Q1RK1 b kq - 7 10	d4e2	-75	22
r3r1k1/ppqb1p1p/3p2p1/P1p5/1nP1NBn1/R2P1NP1/1b3PBP/3Q1RK1 w - - 0 16	e4d6	373	22
r2qkb1r/pp5p/3ppnp1/4p3/3nP3/2N5/PPP1BPPP/R1BQ1RK1 w kq - 0 11	a2a4	75	22
r2qkb1r/pp3p1p/3pbnp1/4p1N1/4P3/2N1B3/PPP1nPPP/R2Q1RK1 w kq - 0 11	d1e2	64	22
r2qk2r/pp2bp1p/3pbnp1/4p1N1/4P3/2N1B3/PPP1QPPP/R4RK1 w kq - 1 12	f2f4	78	22
r2qkb1r/pp3p1p/3pbnp1/4p1N1/4P3/2N1B3/PPP1QPPP/R4RK1 b kq - 0 11	f8e7	-69	22
r2qkb1r/pp6/3ppnp1/4p2p/3nP3/2NB4/PPP2PPP/R1BQ1RK1 w kq - 0 12	c1e3	119	22
r2qk2r/pp2bp1p/3pNnp1/4p3/4P3/2N1B3/PPP1QPPP/R4RK1 b kq - 0 12	f7e6	-67	22
r2qkb1r/pp6/3ppnp1/4p2p/3nP3/2NBB3/PPP2PPP/R2Q1RK1 b kq - 1 12	f8g7	-117	22
r2qk2r/pp4b1/3ppnp1/4p2p/3nP3/2NBB3/PPP2PPP/R2Q1RK1 w kq - 2 13	e3d4	119	22
r2qk2r/pp2b2p/3ppnp1/4p3/4P3/2N1B3/PPP1QPPP/3R1RK1 b kq - 1 13	e8g8	-72	22
r2qk2r/pp2b2p/3ppnp1/4p3/4P3/2N1B3/PPP1QPPP/R4RK1 w kq - 0 13	e3h6	59	22
r2q1rk1/pp2b2p/3ppnp1/4p3/4P3/2N1B3/PPP1QPPP/3R1RK1 w - - 2 14	e2b5	66	22
r2qk2r/pp4b1/3ppnp1/4p2p/3nPP2/2NBB3/PPP3PP/R2Q1RK1 b kq - 0 13	f6g4	25	22
r2q1rk1/1p2b2p/p2ppnp1/4p3/4P3/2N1B3/PPP1QPPP/3RR1K1 w - - 0 15	c3b1	41	22
r2qk2r/pp4b1/3pp1p1/4p2p/3nPPn1/2NBB3/PPP3PP/R2Q1RK1 w kq - 1 14	d1e1	-25	22
r2q1rk1/pp2b2p/3ppnp1/4p3/4P3/2N1B3/PPP1QPPP/3RR1K1 b - - 3 14	d8d7	-33	22
r2q1rk1/1p2b2p/p2ppnp1/4p3/4P3/2N1BQ2/PPP2PPP/3RR1K1 b - - 1 15	f8f7	-11	22
r1q2rk1/1p2b2p/p2ppnp1/4p3/4P3/2N1BQ2/PPP2PPP/3RR1K1 w - - 2 16	e3h6	15	22
r3k2r/pp4b1/3pp1p1/4p2p/3nPPnq/2NB3P/PPPB2P1/R2Q1RK1 b kq - 0 15	h4g3	588	22
r2qk2r/pp4b1/3pp1p1/4p2p/3nPPn1/2NB4/PPPB2PP/R2Q1RK1 b kq - 2 14	d8h4	617	22
r1q2rk1/1p2b2p/p2ppnpB/4p3/4P3/2N2Q2/PPP2PPP/3RR1K1 b - - 3 16	f8f7	-20	22
r1bq1rk1/pp2bpp1/4pn1p/2np4/2P5/5NP1/PPQNPPBP/R1BR2K1 w - - 0 11	b2b4	55	22
r2q1rk1/pb1nbpp1/2p1pn1p/1pPp4/3P4/5NP1/PPQNPPBP/R1BR2K1 w - - 1 11	d1e1	118	22
r3k2r/pp4b1/3pp1p1/4p2p/3nPPn1/2NB2qP/PPPB2P1/R2Q1RK1 w kq - 1 16	h3g4	-628	22
r1bq1rk1/pp2bpp1/4pn1p/2np4/2P5/1P3NP1/P1QNPPBP/R1BR2K1 b - - 0 11	b7b6	-27	22
r2q1rk1/pb1nbpp1/2p1pn1p/1pPp4/3P4/5NP1/PPQNPPBP/R1B1R1K1 b - - 2 11	a7a5	-123	22
r1bq1rk1/p3bpp1/1p2pn1p/2np4/2P5/1P3NP1/P1QNPPBP/R1BR2K1 w - - 0 12	c1b2	19	22
r3k2r/pp4b1/3pp1p1/4p2p/3nPPP1/2NB2q1/PPPB2P1/R2Q1RK1 b kq - 0 16	h5g4	569	22
r1bq1rk1/p3bpp1/1p2pn1p/2np4/2P5/1P3NP1/PBQNPPBP/R2R2K1 b - - 1 12	c8b7	-15	22
r2q1rk1/pb1nbpp1/1p2pn1p/3p4/1PP5/1Q3NP1/PB1NPPBP/R2R2K1 b - - 2 14	a7a5	0	22
r2q1rk1/pb2bpp1/1p2pn1p/2np4/2P5/1P3NP1/PBQNPPBP/R2R2K1 w - - 2 13	a1c1	30	22
r2q1rk1/1b1nbpp1/1p2pn1p/p2p4/1PP5/1Q3NP1/PB1NPPBP/R2R2K1 w - - 0 15	a2a3	0	22
r2q1rk1/1b1nbpp1/1p2pn1p/p2p4/1PP5/PQ3NP1/1B1NPPBP/R2R2K1 b - - 0 15	d5c4	1	22
r2q1rk1/pb2bpp1/1p2pn1p/2np4/1PP5/5NP1/PBQNPPBP/R2R2K1 b - - 0 13	c5d7	-13	22
r2q1rk1/pb1nbpp1/1p2pn1p/3p4/1PP5/5NP1/PBQNPPBP/R2R2K1 w - - 1 14	a2a3	7	22
r2q1rk1/1b1nbpp1/1p2pn1p/p7/1PN5/PQ3NP1/1B2PPBP/R2R2K1 b - - 0 16	a5b4	1	22
r2q1rk1/1b1nbpp1/1p2pn1p/p7/1Pp5/PQ3NP1/1B1NPPBP/R2R2K1 w - - 0 16	d2c4	-1	22
r2q1rk1/1b1nbpp1/1p2pn1p/8/pPN5/PQ3NP1/1B2PPBP/R2R2K1 w - - 0 17	b3d3	146	22
r2q1rk1/1b1nbpp1/1p2pn1p/8/pPN5/P1Q2NP1/1B2PPBP/R2R2K1 b - - 1 17	a8c8	-108	22
2rq1rk1/3nbpp1/1p2pn1p/3b4/pPNQ4/P4NP1/1B2PPBP/R2R2K1 w - - 4 19	c4e3	89	22
2rq1rk1/1b1nbpp1/1p2pn1p/8/pPN5/P1Q2NP1/1B2PPBP/R2R2K1 w - - 2 18	c3d4	108	22
r1bqkb1r/pp3ppp/5n2/3pn3/8/2PB4/PP2NPPP/RNBQ1RK1 b kq - 1 8	f8d6	13	22
r1bqkb1r/pp3ppp/5n2/3p4/8/2Pn4/PP2NPPP/RNBQ1RK1 w kq - 0 9	d1d3	15	22
r1bqk2r/pp2bppp/5n2/3p4/8/2PQ4/PP2NPPP/RNB2RK1 w kq - 1 10	c1e3	16	22
r1bqkb1r/pp3ppp/5n2/3p4/8/2PQ4/PP2NPPP/RNB2RK1 b kq - 0 9	f8d6	-17	22
2rq1rk1/1b1nbpp1/1p2pn1p/8/pPNQ4/P4NP1/1B2PPBP/R2R2K1 b - - 3 18	f8e8	-88	22
r1b1qrk1/pp4bp/n1pp1pp1/3Np3/2PPP1nB/3Q1N2/PP2BPPP/R3K2R w KQ - 0 12	d5c3	-83	22
r1bq1rk1/ppp2ppp/2nb4/3p4/2PPn3/3BBN2/PP3PPP/RN1Q1RK1 b - - 0 9	c6b4	0	22
r1b1qrk1/ppp2pb1/n2p2pp/3Np1B1/2PPP1n1/3Q1N2/PP2BPPP/R3K2R w KQ - 0 11	g5e7	-20	22
r1b1qrk1/ppp1Bpb1/n2p2pp/3Np3/2PPP1n1/3Q1N2/PP2BPPP/R3K2R b KQ - 1 11	e5d4	23	22
r1b1qrk1/pp4bp/n1pp1pp1/4p3/2PPP1nB/2NQ1N2/PP2BPPP/R3K2R b KQ - 1 12	e5d4	84	22
r2q1rk1/ppp2ppp/2nbb3/3p4/2PPn3/3BBN2/PP3PPP/RN1Q1RK1 w - - 1 10	c4d5	51	22
r1b1qrk1/pp4bp/n1pp1pp1/8/2PpP1nB/2NQ1N2/PP2BPPP/R3K2R w KQ - 0 13	f3d4	-70	22
r1b1qrk1/pp4bp/n1pp1pp1/8/2PQP1nB/2N2N2/PP2BPPP/R3K2R b KQ - 0 13	f6f5	294	22
r1b1qrk1/pp4bp/n1pp2p1/5p2/2PQP1nB/2N2N2/PP2BPPP/R3K2R w KQ - 0 14	d4d1	-309	22
r1b1qrk1/pp4bp/n1pQ2p1/8/2P1p1nB/2N2N2/PP2BPPP/R3K2R w KQ - 0 15	f3g5	-378	22
r1b1qrk1/pp4bp/n1pQ2p1/5p2/2P1P1nB/2N2N2/PP2BPPP/R3K2R b KQ - 0 14	f5e4	386	22
r1b1qrk1/pp5p/n1pQ2p1/4b1N1/2P1p1nB/2N5/PP2BPPP/R3K2R w KQ - 2 16	d6a3	-17	22
r1b1qrk1/pp4bp/n1pQ2p1/6N1/2P1p1nB/2N5/PP2BPPP/R3K2R b KQ - 1 15	g4h6	416	22
r1b1qrk1/pp5p/n1p3p1/4b1N1/2P1p1nB/Q1N5/PP2BPPP/R3K2R b KQ - 3 16	g4f6	10	22
r1b1qrk1/pp5p/n1p3p1/4b1N1/2P3nB/Q1N1p3/PP2BPPP/R3K2R w KQ - 0 17	f2f3	28	22
r1b1qrk1/pp5p/n1p3p1/4b3/2P3nB/Q1N2N2/PP2BpPP/R3K2R w KQ - 0 18	h4f2	-633	22
r1b1qrk1/pp5p/n1p3p1/4b3/2P5/Q1N2N2/PP2BKPP/R6R b - - 0 19	e5d4	675	22
r1b1qrk1/pp5p/n1p3p1/4b3/2P3n1/Q1N2N2/PP2BBPP/R3K2R b KQ - 0 18	g4f2	597	22
r1bqkb1r/1p3ppp/p2p1n2/4p3/2P1P3/2NQ4/PP3PPP/R1B1KB1R b KQkq - 1 10	f8e7	-86	22
r1b1qrk1/pp5p/n1p3p1/8/2Pb4/Q1N2N2/PP2BKPP/R6R w - - 1 20	f2e1	-693	22
r1b1qrk1/pp5p/n1p3p1/4b3/2P5/Q1N2N2/PP2BnPP/R3K2R w KQ - 0 19	e1g1	-639	22
r1bq1rk1/pp3pbp/2np1np1/2pNp3/4P3/3P2PP/PPP1NPB1/R1BQ1RK1 b - - 5 9	f6d5	22	22
r1bqr1k1/pppp1p2/2n2n1p/1B4p1/3bP3/2P3B1/PP3PPP/RN1QR1K1 w - - 0 12	c3d4	0	22
r1bqk2r/1p2bppp/p2p1n2/4p3/2P1P3/2NQ4/PP3PPP/R1B1KB1R w KQkq - 2 11	f1e2	91	22
r1bq2k1/pppp1p2/2n2n1p/1B4p1/3Pr3/6B1/PP3PPP/RN1QR1K1 w - - 0 13	e1e4	5	22
r1bqr1k1/pppp1p2/2n2n1p/1B4p1/3PP3/6B1/PP3PPP/RN1QR1K1 b - - 0 12	e8e4	5	22
r1bq2k1/ppp2p2/2p2n1p/6p1/3Pr3/6B1/PP3PPP/RN1QR1K1 w - - 0 14	e1e4	-25	22
r1b1qrk1/pp5p/n1p3p1/4b3/2P3nB/Q1N1pN2/PP2BPPP/R3K2R b KQ - 1 17	e3f2	628	22
r1bq2k1/pppp1p2/2B2n1p/6p1/3Pr3/6B1/PP3PPP/RN1QR1K1 b - - 0 13	e4e1	27	22
r1bq2k1/ppp2p2/2p2n1p/6p1/3Pr3/2N3B1/PP3PPP/R2QR1K1 b - - 1 14	e4d4	28	22
r1bq2k1/p1p2p2/2p2n1p/1p4p1/3r4/1QN3B1/PP3PPP/R3R1K1 w - - 0 16	b3c2	-13	22
r1bq2k1/ppp2p2/2p2n1p/6p1/3r4/2N3B1/PP3PPP/R2QR1K1 w - - 0 15	d1b3	-40	22
r1bq2k1/ppp2p2/2p2n1p/6p1/3r4/1QN3B1/PP3PPP/R3R1K1 b - - 1 15	b7b5	36	22
r2q2k1/p1p2p2/2p2n1p/1p3bp1/3r4/1QN3B1/PP3PPP/R3R1K1 b - - 3 17	a7a5	320	22
r1bq2k1/p1p2p2/2p2n1p/1p4p1/3r4/1QN3B1/PP3PPP/1R2R1K1 b - - 1 16	c8f5	159	22
r2q2k1/p1p2p2/2p2n1p/1p3bp1/3r4/1QN3B1/PP3PPP/1R2R1K1 w - - 2 17	b1c1	-144	22
r3k2r/pp4b1/3pp1p1/4p2p/3nPPnq/2NB4/PPPB2PP/R2Q1RK1 w kq - 3 15	h2h3	-666	22
r1b1q1k1/p1pp1p2/2B4p/2b3p1/4r3/2P3B1/PP3PPP/RN1Q2K1 w - - 1 15	c6e4	-3	22
r1bqr1k1/pppp1pp1/5n1p/1Bb1n3/3NP2B/2P5/PP3PPP/RN1QR1K1 w - - 2 11	b1d2	53	22
r1bqr1k1/pppp1pp1/5n1p/1Bb1n3/3NP3/2P3B1/PP3PPP/RN1QR1K1 b - - 3 11	a7a6	-11	22
r1b1q1k1/p1pp1p2/7p/2b3p1/4B3/2P3B1/PP3PPP/RN1Q2K1 b - - 0 15	e8e4	3	22
r1b3k1/p1pp1p2/7p/2b3p1/4q3/2P3B1/PP1N1PPP/R2Q2K1 b - - 1 16	e4c6	8	22
r1b3k1/p1pp1p2/7p/2b3p1/4q3/2P3B1/PP3PPP/RN1Q2K1 w - - 0 16	b1d2	-3	22
r1bqr1k1/1ppp1pp1/p4n1p/1Bb1n3/3NP3/2P3B1/PP3PPP/RN1QR1K1 w - - 0 12	b5f1	15	22
r1b3k1/p1pp1p2/7p/2bq2p1/8/2P3B1/PP1N1PPP/R2Q2K1 w - - 2 17	d2b3	1	22
r1bqr1k1/1ppp1pp1/p4n1p/2b1n3/3NP3/2P3B1/PP3PPP/RN1QRBK1 b - - 1 12	d7d6	-9	22
r1b3k1/p1pp1p2/7p/2bq2p1/8/1NP3B1/PP3PPP/R2Q2K1 b - - 3 17	d5d1	0	22
r1bqr1k1/1pp2pp1/p2p1n1p/2b1n3/3NP3/2P3B1/PP3PPP/RN1QRBK1 w - - 0 13	h2h3	2	22
r1bqr1k1/1pp2pp1/p2p1n1p/2b1n3/3NP3/2P3BP/PP3PP1/RN1QRBK1 b - - 0 13	b7b5	-14	22
r2qr1k1/1ppb1pp1/p1np1n1p/2b5/4P3/2P2NBP/PP1N1PP1/R2QRBK1 b - - 4 15	c5a7	0	22
r2qr1k1/bppb1pp1/p1np1n1p/8/4P3/2P2NBP/PP1N1PP1/R2QRBK1 w - - 5 16	a2a4	0	22
r2qr1k1/1ppb1pp1/p2p1n1p/2b1n3/3NP3/2P3BP/PP3PP1/RN1QRBK1 w - - 1 14	b1d2	18	22
r2qr1k1/bppb1pp1/p1np1n1p/8/P3P3/2P2NBP/1P1N1PP1/R2QRBK1 b - - 0 16	f6h5	0	22
r2qr1k1/1ppb1pp1/p2p1n1p/2b1n3/3NP3/2P3BP/PP1N1PP1/R2QRBK1 b - - 2 14	e5c6	-6	22
r2qr1k1/1ppb1pp1/p1np1n1p/2b5/3NP3/2P3BP/PP1N1PP1/R2QRBK1 w - - 3 15	d4c2	17	22
r2qk2r/ppp1bppp/2n2n2/6N1/2PPp1b1/1P4P1/P2P1PBP/RNB1QRK1 b kq - 3 10	c6d4	225	22
r1bqk2r/ppp1bppp/2n2n2/6N1/2PPp3/1P4P1/P2P1PBP/RNBQ1RK1 b kq - 1 9	c8g4	237	22
r2qk2r/ppp1bppp/2n2n2/6N1/2PPp1b1/1P4P1/P2P1PBP/RNBQ1RK1 w kq - 2 10	d1e1	-236	22
r1bqk2r/ppp1bppp/2n2n2/8/2PPp3/1P3NP1/P2P1PBP/RNBQ1RK1 w kq - 0 9	f3e5	-66	22
r2q1rk1/ppp1bppp/5N2/8/2Pn2b1/1P4P1/P2P1PBP/RNB1QRK1 b - - 0 12	e7f6	701	22
r2qk2r/ppp1bppp/5n2/8/2PnN1b1/1P4P1/P2P1PBP/RNB1QRK1 b kq - 0 11	e8g8	228	22
r2qk2r/ppp1bppp/5n2/6N1/2Pnp1b1/1P4P1/P2P1PBP/RNB1QRK1 w kq - 0 11	g5e4	-253	22
r2q1rk1/ppp1bppp/5n2/8/2PnN1b1/1P4P1/P2P1PBP/RNB1QRK1 w - - 1 12	b1c3	-243	22
r2q1rk1/ppp2ppp/5b2/8/2Pn2b1/1P4P1/P2P1PBP/RNB1QRK1 w - - 0 13	b1c3	-712	22
r2qr1k1/ppp2ppp/5b2/8/2PnB1b1/1PN3P1/P2P1P1P/R1B1QRK1 b - - 3 14	g4f3	830	22
r2qr1k1/ppp2ppp/5b2/8/2P1B1b1/1PN2nP1/P2P1P1P/R1B1QRK1 w - - 4 15	e4f3	-805	22
r2qr1k1/ppp2ppp/5b2/8/2P3b1/1PN2BP1/P2P1P1P/R1B1QRK1 b - - 0 15	g4f3	770	22
r2q1rk1/ppp2ppp/5b2/8/2Pn2b1/1PN3P1/P2P1PBP/R1B1QRK1 b - - 1 13	f8e8	700	22
r2qr1k1/ppp2ppp/5b2/8/2P5/1PN2bP1/P2P1P1P/R1B1QRK1 w - - 0 16	c1b2	-798	22
r2qr1k1/ppp2ppp/5b2/8/2Pn2b1/1PN3P1/P2P1PBP/R1B1QRK1 w - - 2 14	c1b2	-712	22
r1bq1rk1/ppp1bppp/2n2n2/4p3/2PpP3/1P1P1NP1/P4PBP/RNBQ1RK1 w - - 0 9	b1a3	-49	22
r2qQ1k1/ppp2ppp/5b2/8/2P5/1PN2bP1/P2P1P1P/R1B2RK1 b - - 0 16	d8e8	878	22
r1bq1rk1/ppp1bppp/2n2n2/4p3/2PpP3/1P1P1NP1/P2N1PBP/R1BQ1RK1 b - - 1 9	a7a5	83	22
r1b1k2r/pp2nppp/2n1p3/qRppP3/3P4/P1P5/2PB1PPP/3QKBNR b Kkq - 6 9	a5a3	54	22
r1b1k2r/pp3pbp/2n3p1/2p1p3/4P3/2P2NP1/PP3PBP/R1BR2K1 b kq - 0 11	e8e7	-30	22
r1b4r/pp2kpbp/2n3p1/2p1p3/4P3/2P2NP1/PP3PBP/R1BR2K1 w - - 1 12	c1e3	22	22
r1b1k2r/p4pbp/1pn3p1/2pRp3/8/2P1PNP1/PP3PBP/R1B3K1 w kq - 0 12	f3e5	145	22
r1b1k2r/pp3pbp/2n3p1/2pRp3/8/2P1PNP1/PP3PBP/R1B3K1 b kq - 1 11	e5e4	19	22
r1b4r/pp2kpbp/2n3p1/2p1p3/4P3/2P1BNP1/PP3PBP/R2R2K1 b - - 2 12	b7b6	-26	22
r1b1k2r/p4pbp/1pn3p1/2pRp1N1/8/2P1P1P1/PP3PBP/R1B3K1 b kq - 1 12	a8b8	-2	22
r1b4r/pp2kpbp/2n3p1/4p3/2p1P3/2P1BNP1/PP3PBP/R2R2K1 w - - 0 13	g2f1	233	22
1rb1k2r/p4pbp/1pn3p1/2pRp1N1/8/2P1P1P1/PP3PBP/R1B3K1 w k - 2 13	d5d2	0	22
r1b4r/pp2kpbp/2n3p1/4p3/2p1P3/1PP1BNP1/P4PBP/R2R2K1 b - - 0 13	h8d8	-59	22
r1b4r/pp2kpbp/2n3p1/4p3/4P3/1pP1BNP1/P4PBP/R2R2K1 w - - 0 14	a2b3	102	22
1rb4r/p3kpbp/1pn3p1/2pRp3/4N3/2P1P1P1/PP3PBP/R1B3K1 w - - 4 14	d5d1	-21	22
1rb1k2r/p4pbp/1pn3p1/2pRp3/4N3/2P1P1P1/PP3PBP/R1B3K1 b k - 3 13	e8e7	31	22
r1b4r/pp2kpbp/2n3p1/4p3/4P3/1PP1BNP1/5PBP/R2R2K1 b - - 0 14	c8e6	-91	22
r6r/pp2kpbp/2n1b1p1/4p3/4P3/1PP1BNP1/5PBP/R2R2K1 w - - 1 15	f3g5	85	22
1rb4r/p3kpbp/1pnN2p1/2pRp3/8/2P1P1P1/PP3PBP/R1B3K1 b - - 5 14	c8e6	41	22
r6r/pp2kpbp/2n1b1p1/4p3/2P1P3/1P2BNP1/5PBP/R2R2K1 b - - 0 15	h8d8	1	22
1r5r/p3kpbp/1pnNb1p1/2pRp3/8/2P1P1P1/PP3PBP/R1B3K1 w - - 6 15	d5d1	-60	22
r3r3/pp2kpbp/2n1b1p1/4p3/2P1P3/1P2BNP1/5PBP/R2R2K1 w - - 1 16	f3g5	56	22
1r5r/p3kpbp/1pnNb1p1/2p1p3/8/2P1P1P1/PP1R1PBP/R1B3K1 b - - 7 15	c6a5	70	22
r3r3/pp2kpbp/2n1b1p1/2B1p3/2P1P3/1P3NP1/5PBP/R2R2K1 b - - 2 16	e7f6	-48	22
1r5r/p3kpbp/1p1Nb1p1/n1p1p3/8/1PP1P1P1/P2R1PBP/R1B3K1 b - - 0 16	e5e4	77	22
r3r3/pp3pbp/2n1bkp1/2B1p3/2P1P3/1P3NP1/5PBP/R2R2K1 w - - 3 17	f3e5	47	22
r3r3/pp3pb1/2n1bkpp/4p3/2P1P3/1P2BNP1/5PBP/R2R2K1 w - - 0 18	f3e5	28	22
1r5r/p3kpbp/1p1Nb1p1/n1p1p3/8/2P1P1P1/PP1R1PBP/R1B3K1 w - - 8 16	b2b3	-83	22
r3r3/pp3pbp/2n1bkp1/4p3/2P1P3/1P2BNP1/5PBP/R2R2K1 b - - 4 17	g7f8	-18	22
1r5r/p3kpbp/1p1Nb1p1/n3p3/2p5/1PP1P1P1/P2R1PBP/R1B3K1 w - - 0 17	c1a3	574	22
1r5r/p3kpbp/1p1Nb1p1/n3p3/2P5/2P1P1P1/P2R1PBP/R1B3K1 b - - 0 17	a5c4	-19	22
1r5r/p3kpbp/1p2b1p1/4p3/2N5/2P1P1P1/P2R1PBP/R1B3K1 b - - 0 18	e6c4	-41	22
r3r3/pp3pb1/2n1bkpp/4p3/2P1P3/1P2BNP1/5P1P/R2R1BK1 b - - 1 18	g7f8	7	22
1r5r/p3kpbp/1p1Nb1p1/4p3/2n5/2P1P1P1/P2R1PBP/R1B3K1 w - - 0 18	d6c4	25	22
r1bqkb1r/pp1p1ppp/2N1pn2/8/4P3/P7/1PP2PPP/RNBQKB1R b KQkq - 0 6	b7c6	4	22
rnbqk1nr/pp3ppp/8/3p4/1b1p4/1N5P/PPP2PP1/R1BQKBNR w KQkq - 2 7	c1d2	7	22
r1bqkb1r/pp3ppp/2p1pn2/8/4P3/P7/1PP2PPP/RNBQKB1R w KQkq - 0 7	d1d8	59	22
rnbqkbnr/pp3ppp/8/3p4/3p4/1N5P/PPP2PP1/R1BQKBNR b KQkq - 1 6	f8b4	-4	22
rnbq1rk1/ppp3pp/3bp3/5p2/Q1pPnB2/4PNP1/PP3PBP/RN2K2R w KQ - 2 9	b1c3	59	22
rnbq1rk1/ppp3pp/3bpn2/5p2/Q1pP1B2/4PNP1/PP3PBP/RN2K2R b KQ - 1 8	c8d7	-43	22
rnbqk1nr/pp3ppp/8/3p4/1b1p4/1N5P/PPPB1PP1/R2QKBNR b KQkq - 3 7	d8e7	-2	22
rnb1k1nr/pp2qppp/8/3p4/1b1p4/1N5P/PPPB1PP1/R2QKBNR w KQkq - 4 8	f1e2	9	22
r1bqkb1r/pp3ppp/2n1pn2/3p4/3p1B2/P1P1P3/1P1N1PPP/R2QKBNR w KQkq - 0 7	e3d4	25	22
1rb2rk1/pp3pbp/2nppqp1/2p5/P3P3/2NP2P1/1PP2PBP/R1BQ1RK1 b - - 1 11	f6e7	18	22
r1bq1rk1/ppp2pbp/2np1np1/4p3/2PPP3/2NQ1N2/PP2BPPP/R1B1K2R w KQ - 2 8	d4d5	33	22
r1bqkb1r/pp3ppp/2n1pn2/3p4/3P1B2/P3P3/1P1N1PPP/R2QKBNR b KQkq - 0 7	f8d6	-7	22
r1bqk2r/pppp1ppp/5n2/1B6/1b1nP3/2P5/PP3PPP/RNBQK2R w KQkq - 0 7	d1d4	33	22
r1bqk1nr/pp2pp1p/2np2p1/2p5/4P3/2bP1NP1/PPP2PBP/R1BQK2R w KQkq - 0 7	b2c3	120	22
r1bqk2r/pppp1ppp/5n2/1B6/1b1QP3/2P5/PP3PPP/RNB1K2R b KQkq - 0 7	b4d6	-27	22
r1bqk1nr/pp2pp1p/2np2p1/2p5/4P3/2PP1NP1/P1P2PBP/R1BQK2R b KQkq - 0 7	f7f6	-113	22
r1bq1rk1/ppp2pbp/2np1np1/3Pp3/2P1P3/2NQ1N2/PP2BPPP/R1B1K2R b KQ - 0 8	c6d4	-24	22
r1bq1rk1/ppp2pbp/3p1np1/3Pp3/1nP1P3/2NQ1N2/PP2BPPP/R1B1K2R w KQ - 1 9	d3d1	33	22
r1bqk1nr/pp2pp1p/2np2p1/2p5/4P2P/2PP2P1/P1P2PB1/R1BQK1NR b KQkq - 0 7	g8f6	-90	22
r1bqk1nr/pp2pp1p/2np2p1/2p5/4P2P/2bP2P1/PPP2PB1/R1BQK1NR w KQkq - 0 7	b2c3	96	22
r1bq1rk1/ppp2pbp/3p1np1/3Pp3/1nP1P3/2N2N2/PP2BPPP/R1BQK2R b KQ - 2 9	a7a5	-46	22
rnbq1rk1/ppp2ppp/8/3p4/3Pn3/P1PBP3/5PPP/R1BQK1NR w KQ - 1 9	g1e2	55	22
r1bq1rk1/pp1pppbp/2n2np1/2p5/2P5/2N2NPP/PP1PPPB1/R1BQK2R w KQ - 1 7	e1g1	-12	22
r1bqk2r/pp2pp1p/2np2p1/2p1n3/P2bPN2/2NP2P1/1PPB1PBP/R2QK2R b KQkq - 6 10	c5c4	19	22
r2qk2r/pp1bpp1p/2np2p1/2p1n3/P2bPN2/2NP1PP1/1PPB2BP/R2QK2R w KQkq - 1 12	c3b5	106	22
r2qk2r/pp2pp1p/2np2p1/2p1n3/P2bPNb1/2NP2P1/1PPB1PBP/R2QK2R w KQkq - 7 11	f2f3	114	22
r1bqk2r/pp2pp1p/2np2p1/2p1n3/P2bP3/2NP2PN/1PPB1PBP/R2QK2R w KQkq - 5 10	h3f4	0	22
r2qk2r/pp1bpp2/2np2p1/2p1n2p/P2bPP2/2NP2P1/1PPBN1BP/R2QK2R b KQkq - 0 13	e5g4	-54	22
r2qk2r/pp2pp1p/2np2p1/2p1n3/P2bPNb1/2NP1PP1/1PPB2BP/R2QK2R b KQkq - 0 11	g4d7	-121	22
r2qk2r/pp1bpp2/2np2p1/2p1n2p/P2bP3/2NP1PP1/1PPBN1BP/R2QK2R w KQkq - 0 13	h2h3	79	22
r2qk2r/pp1bpp2/2np2p1/2p4p/P2bPPn1/2NP2P1/1PPBN1BP/R2QK2R w KQkq - 1 14	e2d4	32	22
r2qk2r/pp1bpp2/2np2p1/2p4p/P2NPPn1/2NP2P1/1PPB2BP/R2QK2R b KQkq - 0 14	c5d4	-61	22
r2qk2r/pp1bpp2/2np2p1/7p/P2pPPn1/2NP2P1/1PPB2BP/R2QK2R w KQkq - 0 15	c3d5	55	22
r2qk2r/pp1bpp2/2np2p1/3N3p/P2pPPn1/3P2P1/1PPB2BP/R2QK2R b KQkq - 1 15	e7e6	-55	22
r2qk2r/pp1bpp1p/2np2p1/2p1n3/P2bP3/2NP1PP1/1PPBN1BP/R2QK2R b KQkq - 2 12	e8g8	-75	22
r2qk2r/pp1b1p2/2npp1p1/3N3p/P2pPPn1/3P2P1/1PPB2BP/R2QK2R w KQkq - 0 16	h2h3	52	22
r2qk2r/pp1b1p2/2np2p1/3p3p/P2pPPn1/3P2PP/1PPB2B1/R2QK2R w KQkq - 0 17	h3g4	56	22
r4rk1/pp2ppbp/2n3p1/2pq4/P5b1/3P1NP1/1P2PPBP/R1BQ1RK1 w - - 2 11	a4a5	-14	22
r2qk2r/pp1b1p2/2npp1p1/3N3p/P2pPPn1/3P2PP/1PPB2B1/R2QK2R b KQkq - 0 16	e6d5	-64	22
r2qk2r/pp1b1p2/2np2p1/3p3p/P2pPPP1/3P2P1/1PPB2B1/R2QK2R b KQkq - 0 17	d5e4	-69	22
r1b2rk1/ppq2ppp/2n1pn2/8/1bBQ4/2N1PN1P/PP3PP1/R1B2RK1 w - - 1 11	d4h4	-16	22
r1b2rk1/ppq2ppp/2n1pn2/8/1bB4Q/2N1PN1P/PP3PP1/R1B2RK1 b - - 2 11	f8d8	16	22
rnbq1rk1/pp3ppp/4pn2/8/1bBp4/P1N1P3/1PQ2PPP/R1B1K1NR w KQ - 0 9	a3b4	13	22
rnbq1rk1/pp3ppp/4pn2/8/1PBp4/2N1P3/1PQ2PPP/R1B1K1NR b KQ - 0 9	d4c3	-10	22
r4b1r/pp1knppp/4p3/3pP3/1n1P4/1PN2N2/1P3PPP/R1B2RK1 b - - 3 12	e7f5	63	22
r4b1r/pp1knppp/4p3/3pP3/1n1P4/1P3N2/1P3PPP/RNB2RK1 w - - 2 12	b1c3	-63	22
rnbq1rk1/pp3ppp/4pn2/8/1PB5/2P1P3/2Q2PPP/R1B1K1NR b KQ - 0 10	d8c7	14	22
rnbq1rk1/pp3ppp/4pn2/8/1PB5/2p1P3/1PQ2PPP/R1B1K1NR w KQ - 0 10	g1f3	18	22
r1bq1rk1/pp2ppbp/4n1p1/8/3PP3/5N2/P1Q1BPPP/R1B2RK1 w - - 3 13	c1e3	-3	22
r1bq1rk1/pp2ppbp/6p1/8/3nP3/4BN2/P1Q1BPPP/R4RK1 w - - 0 14	e3d4	-1	22
r1bq1rk1/pp2ppbp/4n1p1/8/3PP3/4BN2/P1Q1BPPP/R4RK1 b - - 4 13	e6d4	0	22
r1bq1rk1/pp2ppbp/6p1/8/3BP3/5N2/P1Q1BPPP/R4RK1 b - - 0 14	g7d4	4	22
r1bq1rk1/pp2pp1p/6p1/8/3bP3/5N2/P1Q1BPPP/R4RK1 w - - 0 15	a1d1	5	22
r1bq1rk1/pp2pp1p/6p1/8/3bP3/5N2/P1Q1BPPP/3R1RK1 b - - 1 15	e7e5	2	22
r1bq1rk1/pp3p1p/6p1/4p3/3bP3/5N2/P1Q1BPPP/3R1RK1 w - - 0 16	f3e5	6	22
r1b2rk1/pp3p1p/1q4p1/4N3/3bP3/8/P1Q1BPPP/3R1RK1 w - - 1 17	e5f7	-2	22
r1bq1rk1/pp3p1p/6p1/4N3/3bP3/8/P1Q1BPPP/3R1RK1 b - - 0 16	d8b6	8	22
r2qk2r/pp1n1ppp/2pbp3/4Nb2/P1BP1PP1/2N5/1P3P1P/R2QK2R b KQkq - 0 11	d6e5	33	22
r2qk2r/pp1n1ppp/2pbp1b1/4N3/P1BP1PP1/2N5/1P3P1P/R2QK2R w KQkq - 1 12	f4f5	85	22
r1b3k1/pp3r1p/1q4p1/8/3bP3/8/P1Q1BPPP/3R1RK1 w - - 0 18	e2c4	-29	22
r1b2rk1/pp3N1p/1q4p1/8/3bP3/8/P1Q1BPPP/3R1RK1 b - - 0 17	f8f7	19	22
r1bqk2r/1p3pbp/p1nppnp1/2p5/P3P3/2NP2P1/1PP2PBP/R1BQK1NR w KQkq - 2 11	g1f3	-27	22
r1bq1rk1/1pp1bppp/2n1pn2/p2P4/3P4/2N2NP1/PP2PPBP/R1BQ1RK1 b - - 0 8	e6d5	-22	22
r1bq1rk1/1p3pbp/p1nppnp1/2p5/P3P3/2NP1NP1/1PP2PBP/R1BQK2R w KQ - 4 12	e1g1	-25	22
r1bqk2r/1p3pbp/p1nppnp1/2p5/P3P3/2NP1NP1/1PP2PBP/R1BQK2R b KQkq - 3 11	e8g8	26	22
r1bq1rk1/1p3pbp/p1nppnp1/2p5/P3P3/2NP1NP1/1PP2PBP/R1BQ1RK1 b - - 5 12	d8c7	19	22
r1b3k1/pp3r1p/1q4p1/8/2BbP3/8/P1Q2PPP/3R1RK1 b - - 1 18	d4f6	14	22
r1bq1rk1/ppp2pbp/n4np1/4N3/2P1P3/2NQ4/PP2BPPP/R1B1K2R b KQ - 0 9	a6b4	51	22
r1bq1rk1/p4ppp/2pbpn2/3p4/Q2p1B2/2P1P2N/PP1N1PPP/R3K2R w KQ - 0 10	c3d4	-72	22
1rbq1rk1/p4ppp/2pbpn2/2pp4/Q2P1B2/2P1P2N/PP1N1PPP/R3K2R w KQ - 2 10	f4d6	-40	22
r1bq1rk1/ppp2pbp/5np1/4N3/1nP1P3/2NQ4/PP2BPPP/R1B1K2R w KQ - 1 10	d3d8	-39	22
1rbq1rk1/p4ppp/2pbpn2/2pp4/3P1B2/Q1P1P2N/PP1N1PPP/R3K2R b KQ - 3 10	d6f4	66	22
r1bq1rk1/p4ppp/2pbpn2/3p4/Q2P1B2/4P2N/PP1N1PPP/R3K2R b KQ - 0 10	d6e7	63	22
1rbq1rk1/p4ppp/2p1pn2/2pp4/3P1N2/Q1P1P3/PP1N1PPP/R3K2R b KQ - 0 11	d8b6	46	22
1rbq1rk1/p4ppp/2p1pn2/2pp4/3P1b2/Q1P1P2N/PP1N1PPP/R3K2R w KQ - 0 11	h3f4	-55	22
r1bq1rk1/ppp2pbp/5np1/4N3/1nP1P3/2N5/PP2BPPP/RQB1K2R b KQ - 2 10	f6e4	205	22
r1bq1rk1/ppp2pbp/6p1/4N3/1nP1n3/2N5/PP2BPPP/RQB1K2R w KQ - 0 11	c3e4	-201	22
1rb2rk1/p4ppp/1qp1pn2/2pp4/3P1N2/Q1P1P3/PP1N1PPP/R3K2R w KQ - 1 12	a1b1	-54	22
r1bq1rk1/ppp2p1p/6p1/4b3/1nP1N3/P7/1P2BPPP/RQB1K2R b KQ - 0 12	b4c6	195	22
r1bq1rk1/ppp2p1p/6p1/4b3/1nP1N3/8/PP2BPPP/RQB1K2R w KQ - 0 12	a2a3	-204	22
r1bq1rk1/ppp2pbp/6p1/4N3/1nP1N3/8/PP2BPPP/RQB1K2R b KQ - 0 11	g7e5	205	22
r1bq1rk1/ppp2p1p/2n3p1/4b3/2P1N3/P7/1P2BPPP/RQB1K2R w KQ - 1 13	c1g5	-223	22
1rb2rk1/p4ppp/1qp1pn2/3p4/3p1N2/QPP1P3/P2N1PPP/R3K2R w KQ - 0 13	c3d4	-159	22
1rb2rk1/p4ppp/1qp1pn2/3p4/3P1N2/QP2P3/P2N1PPP/R3K2R b KQ - 0 13	c8a6	171	22
1rb2rk1/p4ppp/1qp1pn2/2pp4/3P1N2/QPP1P3/P2N1PPP/R3K2R b KQ - 0 12	c5d4	152	22
1r3rk1/p4ppp/1qp1pn2/1b1p4/3P1N2/QP2P3/P2N1PPP/2R1K2R w K - 3 15	a3c5	-44	22
r1bq1rk1/ppp2p1p/2n3p1/4b3/2P1N3/P2B4/1P3PPP/RQB1K2R b KQ - 2 13	f7f5	290	22
1r3rk1/p4ppp/bqp1pn2/3p4/3P1N2/QP2P3/P2N1PPP/R3K2R w KQ - 1 14	a1c1	-159	22
1r3rk1/p4ppp/bqp1pn2/3p4/3P1N2/QP2P3/P2N1PPP/2R1K2R b K - 2 14	f6d7	167	22
r1bq1rk1/ppp4p/2n3p1/4bp2/2P1N3/P2B4/1P3PPP/RQB1K2R w KQ - 0 14	e4c3	-290	22
r1bq1rk1/ppp4p/2n3p1/4bp2/2P5/P1NB4/1P3PPP/RQB1K2R b KQ - 1 14	f5f4	335	22
r1b2rk1/ppp4p/2n3p1/4bp2/2P4q/P1NB2P1/1P3P1P/RQB1K2R b KQ - 0 15	e5c3	125	22
1r3rk1/p4ppp/1qp1pn2/1b1p4/3P1N1P/QP2P3/P2N1PP1/2R1K2R b K - 0 15	f8c8	68	22
1r2r1k1/p4ppp/1qp1pn2/1b1p4/3P1N1P/QP2P3/P2N1PP1/2R1K2R w K - 1 16	a3c5	-60	22
r1b2rk1/ppp4p/2n3p1/4bp2/2P4q/P1NB4/1P3PPP/RQB1K2R w KQ - 2 15	g2g3	-128	22
r1b2rk1/ppp4p/2n3p1/4bp2/2P5/P1N3Pq/1P3P1P/RQB1KB1R b KQ - 2 16	e5c3	55	22
1r2r1k1/p4ppp/1qp1pn2/1b1p3P/3P1N2/QP2P3/P2N1PP1/2R1K2R b K - 0 16	h7h6	58	22
1r2r1k1/p4pp1/1qp1pn1p/1b1p3P/3P1N2/QP2P3/P2N1PP1/2R1K2R w K - 0 17	a3c5	-77	22
r1b2rk1/ppp4p/2n3p1/4bp2/2P5/P1NB2Pq/1P3P1P/RQB1K2R w KQ - 1 16	d3f1	-67	22
r1b2rk1/ppp4p/2n3p1/4bp2/2P3q1/P1N3P1/1P2BP1P/RQB1K2R b KQ - 4 17	g4h3	102	22
r2q1rk1/pppn1pbp/3p1npB/4p3/3PP1b1/2N2N2/PPPQBPPP/R3K2R w KQ - 0 9	h6g7	28	22
r1b2rk1/ppp4p/2n3p1/4bp2/2P3q1/P1N3P1/1P3P1P/RQB1KB1R w KQ - 3 17	f1e2	-78	22
1r2r1k1/p4pp1/1qp1pn1p/1b1p3P/3P1N1R/QP2P3/P2N1PP1/2R1K3 b - - 1 17	b8c8	172	22
r2q1r2/pppn1pkp/3p1np1/4p3/3PP1b1/2N2N2/PPPQBPPP/R3K2R w KQ - 0 10	e1c1	44	22
r2q1rk1/pppn1pBp/3p1np1/4p3/3PP1b1/2N2N2/PPPQBPPP/R3K2R b KQ - 0 9	g8g7	-35	22
r1b2rk1/ppp4p/2n3p1/5p2/2P3q1/P1b3P1/1P2BP1P/RQB1K2R w KQ - 0 18	b2c3	-11	22
rnbqk2r/ppp2ppp/3b4/8/2pPn3/5N2/PP2BPPP/RNBQ1RK1 b kq - 1 8	e8g8	-6	22
r1b1kbnr/pp3ppp/4p3/3pP3/1n1P4/1P3N2/1P3PPP/RNBK1B1R b kq - 2 9	g8e7	19	22
r1b1kb1r/pp2nppp/4p3/3pP3/1n1P4/1P3N2/1P3PPP/RNBK1B1R w kq - 3 10	h2h4	-8	22
r1bq1rk1/pp2ppbp/2n2np1/2pP4/7P/2NP1NP1/PP2PPB1/R1BQK2R b KQ - 0 8	f6d5	15	22
rnbq1rk1/pp3ppp/4pn2/8/1bBp4/P1N1P2P/1P3PP1/R1BQK1NR w KQ - 0 9	a3b4	-6	22
rn1qkb1r/1b3ppp/p3pn2/1pp5/P2P4/4PN1P/1P2BPP1/RNBQ1RK1 b kq - 0 9	b5b4	-17	22
r1bq1rk1/pp2ppbp/2n2np1/2p5/7P/2NP1NP1/PP1BPPB1/R2QK2R w KQ - 2 10	d2e3	-6	22
rnbq1rk1/pp3ppp/4pn2/2p5/1bBP4/P1N1P2P/1P3PP1/R1BQK1NR b KQ - 0 8	c5d4	1	22
rn1qkb1r/1b3ppp/p3pn2/2p5/Pp1P4/4PN1P/1P2BPP1/RNBQ1RK1 w kq - 0 10	b2b3	23	22
r1bq1rk1/pp2ppbp/2n3p1/2pn4/7P/2NP1NP1/PP2PPB1/R1BQK2R w KQ - 0 9	c1d2	-5	22
rn1qkb1r/1b3ppp/p3pn2/2p5/Pp1P4/4PN1P/1P1NBPP1/R1BQ1RK1 b kq - 1 10	f8e7	-14	22
r2qkb1r/1b1n1ppp/p3pn2/2p5/Pp1P4/4PN1P/1P1NBPP1/R1BQ1RK1 w kq - 2 11	e2d3	13	22
r2qkb1r/1b1n1pp1/p3pn1p/2p5/Pp1P2P1/4PN1P/1P1NBP2/R1BQ1RK1 w kq - 0 12	f3e5	-97	22
r2qkb1r/1b1n1pp1/p3pn1p/2p5/Pp1P2P1/3BPN1P/1P1N1P2/R1BQ1RK1 b kq - 1 12	g7g5	263	22
r2qkb1r/1b1n1ppp/p3pn2/2p5/Pp1P2P1/4PN1P/1P1NBP2/R1BQ1RK1 b kq - 0 11	d8c7	135	22
r3kb1r/1bqn1pp1/p3pn1p/2p5/Pp1P2P1/3BPN1P/1P1N1P2/R1BQ1RK1 w kq - 2 13	d1e2	-224	22
r3k2r/1bqnbpp1/p3pn1p/P7/1p1pP1P1/3B1N1P/1P1N1P2/R1BQ1RK1 w kq - 0 15	e4e5	-433	22
r3k2r/1bqnbpp1/p3pn1p/P1p5/1p1PP1P1/3B1N1P/1P1N1P2/R1BQ1RK1 b kq - 0 14	c5d4	456	22
r3kb1r/1bqn1pp1/p3pn1p/P1p5/1p1P2P1/3BPN1P/1P1N1P2/R1BQ1RK1 b kq - 0 13	g7g5	398	22
r3k2r/1bqnbpp1/p3pn1p/P1p5/1p1P2P1/3BPN1P/1P1N1P2/R1BQ1RK1 w kq - 1 14	d2c4	-312	22
3rk2r/1bq1bpp1/p3pn1p/P1n1P3/1p1N2P1/3B3P/1P1NQP2/R1B2RK1 b k - 0 17	d8d4	775	22
r3k2r/1bqnbpp1/p3pn1p/P7/1p1NP1P1/3B3P/1P1N1P2/R1BQ1RK1 b kq - 0 15	d7c5	516	22
r3k2r/1bq1bpp1/p3pn1p/P1n5/1p1NP1P1/3B3P/1P1N1P2/R1BQ1RK1 w kq - 1 16	d2f3	-511	22
rnbqkb1r/5ppp/p3pn2/1pp5/3P4/1B2PN1P/PP3PP1/RNBQ1RK1 b kq - 1 8	c8b7	10	22
rnbqkb1r/5ppp/p3pn2/1p6/2pP4/1B2PN1P/PP3PP1/RNBQ1RK1 w kq - 0 9	b3c2	43	22
3rk2r/1bq1bpp1/p3pn1p/P1n5/1p1NP1P1/3B3P/1P1NQP2/R1B2RK1 w k - 3 17	d2f3	-631	22
rnbqk2r/pp2bppp/4pn2/8/2Pp4/5NP1/PPQP1PBP/RNB2RK1 b kq - 1 8	b8c6	32	22
r2qk2r/4bppp/p1npBn2/1p2p1B1/4P3/N1N2P2/PPP3PP/R2QK2R b KQkq - 0 11	f7e6	213	22
r1bqk2r/pp2bppp/2n1pn2/8/2Pp4/5NP1/PPQP1PBP/RNB2RK1 w kq - 2 9	d2d3	-35	22
r3k2r/1bq1bpp1/p3pn1p/P1n5/1p1NP1P1/3B3P/1P1NQP2/R1B2RK1 b kq - 2 16	a8d8	645	22
r1bqk2r/pp3pbp/2np1np1/4p3/2B1P3/2N2N1P/PPP2PP1/R1BQ1RK1 b kq - 5 9	c8e6	-55	22
r2qk2r/4b1pp/p1nppn2/1p2p1B1/4P3/N1N2P2/PPP3PP/R2QK2R w KQkq - 0 12	c3e2	-197	22
r1bq1rk1/pp3ppp/2n1pn2/8/1bBP4/2N1BN2/PPQ2PPP/R3K2R b KQ - 2 10	b7b6	37	22
r1bq1rk1/pp3pbp/2np1np1/4p3/2B1P3/2N2N1P/PPP2PP1/R1BQ1RK1 w - - 6 10	c1g5	57	22
r1bq1rk1/pp3ppp/2n1p3/3n4/1bBP4/2N1BN2/PPQ2PPP/R3K2R w KQ - 3 11	e1g1	22	22
r2qkb1r/1p3ppp/p1n1bn2/3pp3/4P3/1NN1B2P/PPP1BPP1/R2QK2R w KQkq - 0 10	e4d5	30	22
r2qkb1r/1p3ppp/p1n1bn2/3Pp3/8/1NN1B2P/PPP1BPP1/R2QK2R b KQkq - 0 10	f6d5	-27	22
r1bqk2r/ppp1b1pp/2n1pn2/5p2/2NP3P/5NP1/PP2PPB1/R1BQ1K1R w kq - 3 10	c1f4	117	22
r1bqk2r/ppp3pp/2n1pn2/5p2/1bNP3P/5NP1/PP1BPPB1/R2QK2R b KQkq - 2 9	b4e7	-124	22
r1bqk2r/1pp3pp/2n1pn2/p4p2/1bNP3P/5NP1/PP1BPPB1/R2QK2R w KQkq - 0 10	d2b4	153	22
r1bqk2r/ppp3pp/2n1pn2/5p2/1bNP3P/5NP1/PP2PPB1/R1BQ1K1R b kq - 2 9	e8g8	-110	22
r2qkb1r/1p3ppp/p1n1b3/3np3/8/1NN1B2P/PPP1BPP1/R2QK2R w KQkq - 0 11	c3d5	22	22
r1bqk2r/1pp3pp/2n1pn2/p4p2/1bNP3P/5NP1/PP1BPPB1/R2Q1RK1 b kq - 1 10	c6d4	-72	22
r1bqk2r/ppp1b1pp/2n1pn2/4Np2/3P3P/5NP1/PP2PPB1/R1BQ1K1R b kq - 4 10	c8d7	-122	22
r1bqk2r/1pp3pp/4pn2/p4p2/1bNn3P/5NP1/PP1BPPB1/R2Q1RK1 w kq - 0 11	f3e5	76	22
r2qkb1r/1p3ppp/p1n1b3/3Np3/8/1N2B2P/PPP1BPP1/R2QK2R b KQkq - 0 11	d8d5	-28	22
r1bqk2r/ppp1b1pp/4pn2/4np2/3P3P/5NP1/PP2PPB1/R1BQ1K1R w kq - 0 11	f3e5	118	22
r1bqk2r/ppp1b1pp/4pn2/4Np2/3P3P/6P1/PP2PPB1/R1BQ1K1R b kq - 0 11	e8g8	-116	22
r1bqk2r/1pp3pp/4pn2/p3Np2/1bNn3P/6P1/PP1BPPB1/R2Q1RK1 b kq - 1 11	e8g8	-77	22
r3kb1r/1p3ppp/p1n1b3/3qp3/8/1N2B2P/PPP1BPP1/R2QK2R w KQkq - 0 12	e1g1	31	22
r1bq1rk1/1pp3pp/4pn2/p3Np2/1bNn3P/6P1/PP1BPPB1/R2Q1RK1 w - - 2 12	d2b4	81	22
r3kb1r/1p3ppp/p1n1b3/3qp3/8/1N2B2P/PPP1BPP1/R2Q1RK1 b kq - 1 12	d5d1	-24	22
r1bq1rk1/ppp1b1pp/4pn2/4Np2/3P3P/6P1/PP2PPB1/R1BQ1K1R w - - 1 12	c1f4	117	22
r1bq1rk1/ppp1b1pp/4pn2/4Np2/3P3P/5BP1/PP2PP2/R1BQ1K1R b - - 2 12	c7c5	-59	22
r1bq1rk1/1pp3pp/4pn2/p3Np2/1bNn3P/4B1P1/PP2PPB1/R2Q1RK1 b - - 3 12	d4b5	-36	22
r3k2r/1p3ppp/p1nbb3/3qp3/8/1N2B2P/PPP1BPP1/R2Q1RK1 w kq - 2 13	e2g4	72	22
r3k2r/1p3ppp/p1nbb3/3Qp3/8/1N2B2P/PPP1BPP1/R4RK1 b kq - 0 13	e6d5	-54	22
r1bq1rk1/1pp3pp/4pn2/p1b1Np2/2Nn3P/4B1P1/PP2PPB1/R2Q1RK1 w - - 4 13	d1d3	241	22
r1bq1rk1/pp2b1pp/4pn2/2p1Np2/3P3P/5BP1/PP2PP2/R1BQ1K1R w - - 0 13	c1e3	51	22
r3k2r/1p3ppp/p1nb4/3bp3/8/1N2B2P/PPP1BPP1/R4RK1 w kq - 0 14	f1d1	60	22
r1bq1rk1/pp2b1pp/4pn2/2p1Np2/3P3P/5BP1/PP2PPK1/R1BQ3R b - - 1 13	d8d4	-17	22
r1bq1rk1/pp2b1pp/4pn2/4Np2/3p3P/5BP1/PP2PPK1/R1BQ3R w - - 0 14	c1f4	32	22
r1bq1rk1/1pp3pp/4pn2/p1b1Np2/2Nn3P/3QB1P1/PP2PPB1/R4RK1 b - - 5 13	a8a6	-253	22
r1bq1rk1/bpp3pp/4pn2/p3Np2/2Nn3P/3QB1P1/PP2PPB1/R4RK1 w - - 6 14	f1d1	256	22
r3k2r/1p3ppp/p1nb4/3bp3/8/1N2B2P/PPP1BPP1/R2R2K1 b kq - 1 14	d5b3	-61	22
r3k2r/1p3ppp/p1nb4/4p3/8/1b2B2P/PPP1BPP1/R2R2K1 w kq - 0 15	a2b3	53	22
r1bq1rk1/pp2b1pp/4pn2/4Np2/3p1B1P/5BP1/PP2PPK1/R2Q3R b - - 1 14	f6g4	-34	22
r1bq1rk1/bpp3pp/4pn2/p3Np2/2Nn3P/3QB1P1/PP2PPB1/3R1RK1 b - - 7 14	c7c5	-203	22
r3k2r/1p3ppp/p1nb4/4p3/8/1P2B2P/1PP1BPP1/R2R2K1 b kq - 0 15	e8c8	-57	22
r1bq1rk1/bp4pp/4pn2/p1p1Np2/2Nn3P/3QB1P1/PP2PPB1/3R1RK1 w - - 0 15	e3g5	211	22
r1bq1rk1/bp4pp/4pn2/p1p1NpB1/2Nn3P/3Q2P1/PP2PPB1/3R1RK1 b - - 1 15	h7h6	-206	22
r1b2rk1/pp2b1pp/1q2pn2/4Np2/3p1B1P/5BP1/PP2PPK1/R2Q3R w - - 2 15	a1c1	65	22
r6r/1p2kppp/p1nb4/4p3/8/1P2B2P/1PP1BPP1/R2R2K1 w - - 1 16	c2c3	237	22
r6r/1p2kppp/p1nb4/4p3/2P5/1P2B2P/1P2BPP1/R2R2K1 b - - 0 16	d6b4	-13	22
r1b2rk1/pp2b1pp/1q2pn2/4Np2/3p1B1P/5BP1/PP2PPK1/2RQ3R b - - 3 15	f8d8	-75	22
r6r/1p2kppp/p1nb4/8/2P1p3/1P2B2P/1P2BPP1/R2R2K1 w - - 0 17	e2g4	233	22
r6r/1p1Rkppp/p1n5/4b3/2P1p1B1/1P2B2P/1P3PP1/R5K1 b - - 3 18	e7f6	-408	22
r6r/1p2kppp/p1nb4/8/2P1p1B1/1P2B2P/1P3PP1/R2R2K1 b - - 1 17	h8b8	-228	22
r4rk1/1bpq1ppp/p1np1n2/1pb1p3/4P3/1BPP1N1P/PP1N1PP1/R1BQR1K1 w - - 4 11	a2a4	65	22
r4rk1/1bpq1ppp/p1np1n2/2b1p3/1p2P3/1BPP1N1P/PP3PP1/R1BQRNK1 w - - 0 12	c1g5	301	22
r4rk1/1bpq1ppp/p1np1n2/2b1p3/1p2P3/1BPP1NNP/PP3PP1/R1BQR1K1 b - - 1 12	h7h6	-196	22
r4rk1/1bpq1ppp/p1np1n2/1pb1p3/4P3/1BPP1N1P/PP3PP1/R1BQRNK1 b - - 5 11	d6d5	-61	22
4rrk1/1bpq1pp1/p1np1n1p/2b1p1B1/1p2P3/1BPP1NNP/PP3PP1/R2QR1K1 w - - 0 14	g5f6	797	22
4rrk1/1bpq1pp1/p1np1B1p/2b1p3/1p2P3/1BPP1NNP/PP3PP1/R2QR1K1 b - - 0 14	d6d5	-808	22
4rrk1/1bpq1p2/p1np1p1p/2b1p3/1p2P3/1BPP1NNP/PP3PP1/R2QR1K1 w - - 0 15	f3h2	845	22
4rrk1/1bpq1p2/p1np1p1p/2b1p3/4P2N/1BpP2NP/PP3PP1/R2QR1K1 w - - 0 16	g3f5	99300	22
4rrk1/1bpq1p2/p1np1p1p/2b1pN2/4P2N/1BpP3P/PP3PP1/R2QR1K1 b - - 1 16	d7f5	-99400	22
4rr1k/1bpq1p2/p1np1p1p/2b1pN2/4P2N/1BpP3P/PP3PP1/R2QR1K1 w - - 2 17	d1h5	99500	22
4rr1k/1bpq1p2/p1np1p1p/2b1pN1Q/4P2N/1BpP3P/PP3PP1/R3R1K1 b - - 3 17	c5f2	-99600	22
4rr1k/1bpq1p2/p1np1p1p/2b1pN1Q/4P2N/1B1P3P/Pp3PP1/R3R1K1 w - - 0 18	h5h6	99800	22
4rr1k/1bpq1p2/p1np1p1Q/2b1pN2/4P2N/1B1P3P/Pp3PP1/R3R1K1 b - - 0 18	h8g8	-99900	22
4rrk1/1bpq1p2/p1np1p1p/2b1p3/1p2P2N/1BPP2NP/PP3PP1/R2QR1K1 b - - 1 15	f6f5	-791	22
r1bqk2r/pp3ppp/2n1pn2/2pp4/3P4/P1P1P1b1/1P1N1PPP/R2QKBNR w KQkq - 0 8	h2g3	5	22
4rrk1/1bpq1ppp/p1np1n2/2b1p1B1/1p2P3/1BPP1NNP/PP3PP1/R2QR1K1 b - - 3 13	b4c3	-446	22
r1bqk2r/pp3ppp/2n1pn2/2pp4/3P4/P1P1P1P1/1P1N1PP1/R2QKBNR b KQkq - 0 8	d8b6	-4	22
4rrk1/1bpq1ppp/p1np1n2/2b1p3/1p2P3/1BPP1NNP/PP3PP1/R1BQR1K1 w - - 2 13	d3d4	461	22
r1bqr1k1/pp1n1pp1/2pb1n1p/P2pP3/2P5/1QN1PN2/1P2BPPP/R1B2RK1 b - - 0 11	d7e5	-16	22
r1bqr1k1/pp1n1pp1/2pbpn1p/P2p4/2PP4/1QN1PN2/1P2BPPP/R1B2RK1 b - - 1 10	a8b8	-13	22
r1bqr1k1/pp3pp1/2pb1n1p/P2pn3/2P5/1QN1PN2/1P2BPPP/R1B2RK1 w - - 0 12	c4d5	0	22
r1bqr1k1/pp3pp1/2pb1n1p/P2Pn3/8/1QN1PN2/1P2BPPP/R1B2RK1 b - - 0 12	c6d5	-1	22
r1bqr1k1/pp1n1pp1/2pb1n1p/P2pp3/2PP4/1QN1PN2/1P2BPPP/R1B2RK1 w - - 0 11	d4e5	22	22
r1bqr1k1/pp3pp1/3b1n1p/P2pn3/8/1QN1PN2/1P2BPPP/R1B2RK1 w - - 0 13	c3d5	9	22
r6r/1p2kppp/p1n5/4b3/2P1p1B1/1P2B2P/1P3PP1/R2R2K1 w - - 2 18	f2f4	485	22
r1bqr1k1/pp3pp1/3b1n1p/P2pn3/8/1QN1PN2/1P2BPPP/R1BR2K1 b - - 1 13	c8g4	-18	22
r1bqr1k1/pp3pp1/3b1n1p/P2p4/8/1QN1Pn2/1P2BPPP/R1BR2K1 w - - 0 14	e2f3	41	22
r2qr1k1/pp3pp1/3b1n1p/P2p4/6B1/1QN1P3/1P3PPP/R1BR2K1 b - - 0 15	f6g4	-73	22
r1bqr1k1/pp3pp1/3b1n1p/P2p4/8/1QN1PB2/1P3PPP/R1BR2K1 b - - 0 14	c8f5	-50	22
r2qr1k1/pp3pp1/3b3p/P2p4/6n1/1QN1P1P1/1P3P1P/R1BR2K1 b - - 0 16	d8f6	1	22
r3r1k1/pp3pp1/3b1q1p/P2p4/6n1/1QN1P1P1/1P3P1P/R1BR2K1 w - - 1 17	b3c2	-1	22
r2qr1k1/pp3pp1/3b3p/P2p4/6n1/1QN1P3/1P3PPP/R1BR2K1 w - - 0 16	h2h3	83	22
r3r1k1/pp3pp1/3b1q1p/P2p4/6n1/2N1P1P1/1PQ2P1P/R1BR2K1 b - - 2 17	d6e5	3	22
r2qr1k1/pp3pp1/3b1n1p/P2p4/6b1/1QN1PB2/1P3PPP/R1BR2K1 w - - 1 15	f3g4	82	22
r1bqr1k1/3n1ppp/1pp1pn2/p2p4/P1PP4/1PN1PN2/R3BPPP/3Q1RK1 b - - 1 12	d8e7	-14	22
r2qr1k1/1b1n1ppp/1pp1pn2/p2p4/P1PP4/1PN1PN2/R3BPPP/3Q1RK1 w - - 2 13	a2c2	14	22
r2qr1k1/1b1n1ppp/1pp1pn2/p2pN3/P1PP4/1PN1P3/R3BPPP/3Q1RK1 b - - 3 13	d7e5	17	22
r3r1k1/1b1nqppp/1pp1pn2/p2pN3/P1PP4/1PN1P3/R3BPPP/3Q1RK1 w - - 4 14	f2f4	30	22
r2r2k1/1b1nqppp/1pp1pn2/p2pN3/P1PP1P2/1PNBP3/R5PP/3Q1RK1 b - - 2 15	c6c5	-27	22
r2r2k1/1b1nqppp/1pp1pn2/p2pN3/P1PP1P2/1PN1P3/R3B1PP/3Q1RK1 w - - 1 15	e2d3	26	22
r3r1k1/1b1nqppp/1pp1pn2/p2pN3/P1PP1P2/1PN1P3/R3B1PP/3Q1RK1 b - - 0 14	a8d8	-13	22
2rr2k1/1b1nqppp/1pp1pn2/p2pN3/P1PP1P2/1PNBP3/R5PP/3Q1RK1 w - - 3 16	d1e1	29	22
2rr2k1/1b1nqppp/1pp1pn2/p2pN3/P1PP1P2/1PNBP3/5RPP/3Q1RK1 b - - 4 16	c6c5	-40	22
rnbq1rk1/pp3ppp/4pn2/2P1N3/8/P1pQ2P1/P3PPBP/R1B1K2R b KQ - 0 10	d8d3	-39	22
rnb2rk1/pp3ppp/4pn2/2P1N3/8/P1pq2P1/P3PPBP/R1B1K2R w KQ - 0 11	e5d3	41	22
rnb2rk1/pp3ppp/4pn2/2P1N3/8/P1pP2P1/P4PBP/R1B1K2R b KQ - 0 11	f6d5	15	22
2rr2k1/1b1nqppp/1p2pn2/p1ppN3/P1PP1P2/1PNBP3/5RPP/3Q1RK1 w - - 0 17	c3b5	36	22
rnb2rk1/1p3ppp/4pn2/p1P1N3/8/P1pP2P1/P4PBP/R1B1K2R w KQ - 0 12	c1e3	94	22
rnb2rk1/1p3ppp/4p3/p1PB4/2N5/P1pP2P1/P4P1P/R1B1K2R b KQ - 0 13	e6d5	0	22
2rr2k1/1b1nqppp/1p2pn2/pNppN3/P1PP1P2/1P1BP3/5RPP/3Q1RK1 b - - 1 17	g7g6	-34	22
rnb2rk1/1p3ppp/8/p1Pp4/2N5/P1pP2P1/P4P1P/R1B1K2R w KQ - 0 14	c4b6	3	22
rnb2rk1/1p3ppp/4pn2/p1P5/2N5/P1pP2P1/P4PBP/R1B1K2R b KQ - 1 12	f6d5	-91	22
rnb2rk1/1p3ppp/4p3/p1Pn4/2N5/P1pP2P1/P4PBP/R1B1K2R w KQ - 2 13	c1e3	79	22
rnb2rk1/1p3ppp/1N6/p1Pp4/8/P1pP2P1/P4P1P/R1B1K2R b KQ - 1 14	a8a6	0	22
rnb1r1k1/1p3ppp/1N6/p1Pp4/8/P1pP2P1/P4P1P/R1B1K2R w KQ - 2 15	c1e3	162	22
r1b1kbnr/pp3ppp/1qn5/1B1p4/3p4/5N1P/PPPN1PP1/R1BQK2R w KQkq - 4 8	d1e2	17	22
rn2kb1r/pp3ppp/4Qn2/2pp4/3P4/7P/PPPN1PP1/R1B1K1NR b KQkq - 0 9	f7e6	16	22
Nnb1r1k1/1p3ppp/8/p1P5/3p4/P1pPB1P1/P4P1P/R3K2R b KQ - 0 16	b8a6	-255	22
rn2kb1r/pp3ppp/4qn2/2pp4/3P4/7P/PPPNQPP1/R1B1K1NR w KQkq - 2 9	g1f3	-19	22
rnb1r1k1/1p3ppp/1N6/p1Pp4/8/P1pPB1P1/P4P1P/R3K2R b KQ - 3 15	a8a6	-177	22
r3kb1r/pp1nnppp/2p1p3/q2PP3/3Pb3/1Q3N1P/PP1N1PP1/R1B1KB1R b KQkq - 0 9	e7d5	0	22
r1bq1rk1/ppp2ppp/2pn4/4N3/8/2P4P/PPP2PP1/R1BQR1K1 b - - 0 10	f8e8	0	22
rn2kb1r/pp4pp/4pn2/2pp4/3P4/5N1P/PPPN1PP1/R1B1K2R b KQkq - 1 10	b8c6	21	22
rn2kb1r/pp4pp/4pn2/2pp4/3P4/7P/PPPN1PP1/R1B1K1NR w KQkq - 0 10	g1e2	-13	22
r3kb1r/pp1n1ppp/2p1p3/q2nP3/3Pb3/1Q3N1P/PP1N1PP1/R1B1KB1R w KQkq - 0 10	b3b7	0	22
rnb1r1k1/1p3ppp/1N6/p1P5/3p4/P1pPB1P1/P4P1P/R3K2R w KQ - 0 16	b6a8	264	22
r3kb1r/pp4pp/2n1pn2/2pp4/3P4/5N1P/PPPN1PP1/R1B1K2R w KQkq - 2 11	d4c5	-22	22
r3kb1r/pQ1n1ppp/2p1p3/q2nP3/3Pb3/5N1P/PP1N1PP1/R1B1KB1R b KQkq - 0 10	a8b8	24	22
r3kb1r/pp4pp/2n1pn2/2pp4/3P4/1N3N1P/PPP2PP1/R1B1K2R b KQkq - 3 11	c5c4	66	22
r3kb1r/p1nn1ppp/2p1p3/q3P3/3Pb3/1Q3N1P/PP1N1PP1/R1B1KB1R b KQkq - 2 11	a8b8	-35	22
r3kb1r/pQnn1ppp/2p1p3/q3P3/3Pb3/5N1P/PP1N1PP1/R1B1KB1R w KQkq - 1 11	b7b3	41	22
r3kb1r/pp4pp/2n1pn2/3p4/2pP4/1N3N1P/PPP2PP1/R1B1K2R w KQkq - 0 12	b3d2	-65	22
r3kb1r/pp4pp/2n1pn2/3p4/2pP4/5N1P/PPPN1PP1/R1B1K2R b KQkq - 1 12	b7b5	69	22
1r2kb1r/p1nn1ppp/2p1p3/q3P3/3Pb3/4QN1P/PP1N1PP1/R1B1KB1R b KQk - 4 12	e4g6	-16	22
1r2kb1r/p1nn1ppp/2p1p3/q3P3/3Pb3/1Q3N1P/PP1N1PP1/R1B1KB1R w KQk - 3 12	b3d1	28	22
1r2kb1r/p2n1ppp/2p1p1b1/q2BP3/3P4/4QN1P/PP1N1PP1/R1B1K2R b KQk - 0 14	c6d5	-10	22
1r2kb1r/p1nn1ppp/2p1p1b1/q3P3/3P4/4QN1P/PP1N1PP1/R1B1KB1R w KQk - 5 13	f1c4	18	22
1r2kb1r/p2n1ppp/4p1b1/q2pP3/3P4/4QN1P/PP1N1PP1/R1B1K2R w KQk - 0 15	f3h4	21	22
1r2kb1r/p1nn1ppp/2p1p1b1/q3P3/2BP4/4QN1P/PP1N1PP1/R1B1K2R b KQk - 6 13	c7d5	-45	22
1r2kb1r/p2n1ppp/4p1b1/q2pP3/3P4/4QN1P/PP1N1PP1/R1B2RK1 b k - 1 15	f8e7	-12	22
1r2k2r/p2nbppp/4p1b1/q2pP3/3P4/4QN1P/PP1N1PP1/R1B2RK1 w k - 2 16	d2b3	14	22
1r2kb1r/p2n1ppp/2p1p1b1/q2nP3/2BP4/4QN1P/PP1N1PP1/R1B1K2R w KQk - 7 14	c4d5	42	22
1r2k2r/p2nbppp/4p1b1/1q1pP3/3P4/1N2QN1P/PP3PP1/R1B2RK1 w k - 4 17	c1d2	10	22
1r2k2r/p2nbppp/4p1b1/q2pP3/3P4/1N2QN1P/PP3PP1/R1B2RK1 b k - 3 16	a5b5	-14	22
1r2k2r/p2nbppp/4p1b1/1q1pP3/3P4/1N2QN1P/PP1B1PP1/R4RK1 b k - 5 17	d7b6	0	22
r1bq1rk1/ppp1bpp1/2n4p/3np3/P1B5/3P1N2/1PPN1PPP/R1BQR1K1 w - - 0 10	f3e5	138	22
r1bq1rk1/ppp1bpp1/7p/3nn3/P1B5/3P4/1PPN1PPP/R1BQR1K1 w - - 0 11	e1e5	135	22
r1bq1rk1/ppp1bppp/2n5/3np3/P1B5/3P1N2/1PPN1PPP/R1BQR1K1 b - - 1 9	c8g4	-65	22
r1bq1rk1/ppp1bpp1/2n4p/3nN3/P1B5/3P4/1PPN1PPP/R1BQR1K1 b - - 0 10	c6e5	-131	22
r1bq1rk1/pp2bpp1/2p4p/3nR3/P1B5/3P4/1PPN1PPP/R1BQ2K1 w - - 0 12	h2h3	126	22
r1bq1rk1/ppp1bpp1/7p/3nR3/P1B5/3P4/1PPN1PPP/R1BQ2K1 b - - 0 11	c7c6	-128	22
r1bq1rk1/pp2b1p1/2p2p1p/3nR3/P1B1N3/3P4/1PP2PPP/R1BQ2K1 w - - 0 13	e5h5	75	22
r1bq1rk1/pp2bpp1/2p4p/3nR3/P1B1N3/3P4/1PP2PPP/R1BQ2K1 b - - 1 12	f7f6	-77	22
r1bq1rk1/pp2b1p1/2p2p1p/3n3R/P1B1N3/3P4/1PP2PPP/R1BQ2K1 b - - 1 13	f6f5	-65	22
r1bq1rk1/pp2b1p1/2p4p/3n1p1R/P1B1N3/3P4/1PP2PPP/R1BQ2K1 w - - 0 14	e4c3	69	22
r1bq1r2/pp2b1pk/2p4p/3n1p1R/P1B5/2NP1Q2/1PP2PPP/R1B3K1 b - - 3 15	d5f6	-7	22
r1bq1r2/pp2b1pk/2p2n1p/5p2/P1B5/2NP1Q1R/1PP2PPP/R1B3K1 b - - 5 16	f5f4	0	22
r1bq1rk1/pp2b1p1/2p4p/3n1p1R/P1B5/2NP4/1PP2PPP/R1BQ2K1 b - - 1 14	c8e6	-69	22
r1bq1r2/pp2b1pk/2p4p/3n1p1R/P1B5/2NP4/1PP2PPP/R1BQ2K1 w - - 2 15	c4d5	79	22
r2qkb1r/1p3ppp/p1n1b3/3Np3/2N5/5P2/PPP3PP/R1BQKB1R b KQkq - 0 11	e6d5	0	22
r1bq1r2/pp2b1pk/2p2n1p/5p1R/P1B5/2NP1Q2/1PP2PPP/R1B3K1 w - - 4 16	h5h3	20	22
r1bqk1nr/pp3ppp/2nb4/3p4/3N4/P4N2/1PP2PPP/R1BQKB1R b KQkq - 0 8	g8f6	12	22
r2qkb1r/1p3ppp/p1n5/3bp3/2N5/5P2/PPP3PP/R1BQKB1R w KQkq - 0 12	c1e3	0	22
r1bqk2r/pp3ppp/2nb1n2/3p4/3N4/P4N2/1PP2PPP/R1BQKB1R w KQkq - 1 9	f1b5	-13	22
r1bq1rk1/pppp1p2/1bn2n1p/6p1/4P2B/1NN2P2/PPP3PP/R2QKB1R w KQ - 0 10	h4f2	9	22
r2q1rk1/pp2ppbp/2np2p1/2pP4/6bP/3P1NP1/PPP2PB1/R1BQ1RK1 b - - 0 10	c6e5	58	22
r2q1rk1/pp2ppbp/2np1np1/2pN4/4P1bP/3P1NP1/PPP2PB1/R1BQ1RK1 b - - 6 9	f6d5	57	22
r2q1rk1/pp2ppbp/3p2p1/2pPn3/6bP/3P1NP1/PPP2PB1/R1BQ1RK1 w - - 1 11	d1e2	-51	22
r2q1rk1/pp2ppbp/2np2p1/2pn4/4P1bP/3P1NP1/PPP2PB1/R1BQ1RK1 w - - 0 10	e4d5	-56	22
r1b1k1nr/pp1p1ppp/1bn1pq2/8/4P3/PNN5/1PP2PPP/R1BQKB1R w KQkq - 5 8	d1e2	94	22
r1b1kb1r/pp3ppp/1qn2n2/3p4/3p4/5N2/PPPNBPPP/R1BQR1K1 w kq - 2 9	h2h3	33	22
r3kb1r/pp3ppp/1qn1bn2/1B1p4/3p4/5N2/PPPN1PPP/R1BQR1K1 w kq - 4 10	a2a4	0	22
r1b1kb1r/pp3ppp/1qn2n2/1B1p4/3p4/5N2/PPPN1PPP/R1BQR1K1 b kq - 3 9	c8e6	6	22
r1b1k1nr/pp1p1ppp/1bn1pq2/8/4P3/PNN5/1PP1QPPP/R1B1KB1R b KQkq - 6 8	g8e7	-83	22
r3kb1r/pp3ppp/1qB1bn2/3p4/3p4/5N2/PPPN1PPP/R1BQR1K1 b kq - 0 10	b7c6	10	22
r3kb1r/p4ppp/1qp1bn2/3p2N1/3p4/8/PPPN1PPP/R1BQR1K1 b kq - 1 11	f8e7	11	22
r3kb1r/p4ppp/1qp1bn2/3p4/3p4/5N2/PPPN1PPP/R1BQR1K1 w kq - 0 11	f3g5	-21	22
r3kb1r/p4ppp/1q2Nn2/2pp4/3p4/8/PPPN1PPP/R1BQR1K1 b kq - 0 12	f7e6	26	22
r3kb1r/p4ppp/1q2bn2/2pp2N1/3p4/8/PPPN1PPP/R1BQR1K1 w kq - 0 12	c2c3	0	22
r3kb1r/p5pp/1q2pn2/2pp4/3p4/8/PPPN1PPP/R1BQR1K1 w kq - 0 13	d2f3	-21	22
r3kb1r/p5pp/1q2pn2/2pp4/3p4/5N2/PPP2PPP/R1BQR1K1 b kq - 1 13	f8e7	33	22
2kr1b1r/p5pp/1q2pn2/2pp4/3p4/5N2/PPP2PPP/R1BQR1K1 w - - 2 14	b2b4	67	22
2kr1b1r/p5pp/1q2pn2/2pp4/3p4/2P2N2/PP3PPP/R1BQR1K1 b - - 0 14	d4c3	-19	22
2kr1b1r/p5pp/1q2pn2/2pp4/8/2p2N2/PP3PPP/R1BQR1K1 w - - 0 15	b2c3	29	22
2kr1b1r/p5pp/1q2pn2/2pp4/8/2P2N2/P4PPP/R1BQR1K1 b - - 0 15	f8d6	-29	22
r1bq1rk1/pppnbppp/4pn2/3PN3/3P4/6P1/PP2PPBP/RNBQK2R b KQ - 0 7	e6d5	40	22
r1bq1rk1/ppp1bppp/4pn2/3Pn3/3P4/6P1/PP2PPBP/RNBQK2R w KQ - 0 8	d4e5	2	22
r1bq1rk1/ppp1bppp/4pn2/3PP3/8/6P1/PP2PPBP/RNBQK2R b KQ - 0 8	f6d5	-1	22
r1bq1rk1/ppp1bppp/4p3/3nP3/8/6P1/PP2PPBP/RNBQK2R w KQ - 0 9	e1g1	0	22
2kr3r/p5pp/1q1bpn2/2pp4/8/2P2N2/P4PPP/R1BQR1K1 w - - 1 16	c3c4	22	22
r1bq1rk1/pp2bppp/2p1p3/3nP3/8/6P1/PP2PPBP/RNBQ1RK1 w - - 0 10	b2b3	0	22
r1bq1rk1/ppp1bppp/4p3/3nP3/8/6P1/PP2PPBP/RNBQ1RK1 b - - 1 9	c7c6	4	22
r1bq1rk1/pp2bppp/2p1p3/3nP3/8/P5P1/1P2PPBP/RNBQ1RK1 b - - 0 10	d8c7	50	22
r1b2rk1/ppq1bppp/2p1p3/3nP3/8/P5P1/1P2PPBP/RNBQ1RK1 w - - 1 11	c1f4	-54	22
r1b2rk1/ppq1bppp/1np1p3/4P3/4P3/P5P1/1P3PBP/RNBQ1RK1 w - - 1 12	d1c2	-38	22
r1b2rk1/ppq1bppp/2p1p3/3nP3/4P3/P5P1/1P3PBP/RNBQ1RK1 b - - 0 11	d5b6	46	22
r1b2rk1/ppq1bppp/1np1p3/4P3/4PP2/P5P1/1P4BP/RNBQ1RK1 b - - 0 12	b6c4	46	22
r1b2rk1/ppq1bppp/2p1p3/4P3/2n1PP2/P5P1/1P4BP/RNBQ1RK1 w - - 1 13	d1e2	-59	22
r1b2rk1/ppq1bppp/2p1p3/4P3/2n1PP2/P1N3P1/1P4BP/R1BQ1RK1 b - - 2 13	f8d8	78	22
r1br2k1/ppq1bppp/2p1p3/4P3/2n1PP2/P1N3P1/1P4BP/R1BQ1RK1 w - - 3 14	d1c2	-83	22
r1br2k1/p1q1bppp/2p1p3/1p2P3/2n1PP2/P1N3P1/1P2Q1BP/R1B2RK1 w - - 0 15	b2b3	-110	22
r1br2k1/ppq1bppp/2p1p3/4P3/2n1PP2/P1N3P1/1P2Q1BP/R1B2RK1 b - - 4 14	b7b5	125	22
rnb2rk1/1pq2ppp/4pn2/p1b5/N1N5/6P1/PP2PPBP/R1BQ1RK1 b - - 1 11	c5f2	-242	22
r1b2rk1/1pqn1ppp/4pn2/p1b5/N1N5/6P1/PP2PPBP/R1BQ1RK1 w - - 2 12	a4c5	481	22
r1b2rk1/1p1n1ppp/4pn2/p1q5/2N5/1P4P1/P3PPBP/R1BQ1RK1 b - - 0 13	c5a7	-444	22
r1br2k1/p1q1bppp/2p1p3/1p2P3/P1n1PP2/2N3P1/1P2Q1BP/R1B2RK1 b - - 0 15	b5b4	406	22
r1b2rk1/1p1n1ppp/4pn2/p1q5/2N5/6P1/PP2PPBP/R1BQ1RK1 w - - 0 13	b2b3	475	22
r1b2rk1/1pqn1ppp/4pn2/p1N5/2N5/6P1/PP2PPBP/R1BQ1RK1 b - - 0 12	c7c5	-468	22
r1br2k1/1p1n1ppp/4pn2/p1q5/2N5/1P4P1/P3PPBP/R1BQ1RK1 w - - 1 14	c1a3	483	22
r1b1r1k1/qp1n1ppp/3Qpn2/p7/2N5/BP4P1/P3PPBP/R4RK1 w - - 5 16	d6c7	552	22
r1br2k1/qp1n1ppp/3Qpn2/p7/2N5/BP4P1/P3PPBP/R4RK1 b - - 4 15	a7b8	-539	22
r1bq1rk1/p3ppbp/2pp1np1/8/4P3/2NQB3/PPP1BPPP/R4RK1 b - - 1 10	a7a5	21	22
r1br2k1/1p1n1ppp/4pn2/p1q5/2N5/BP4P1/P3PPBP/R2Q1RK1 b - - 2 14	c5a7	-527	22
r1b1r1k1/qpQn1ppp/4pn2/p7/2N5/BP4P1/P3PPBP/R4RK1 b - - 6 16	a7b8	-524	22
r1bq1rk1/pp3ppp/2n1pn2/2bp4/8/P1P1PNB1/1P1N1PPP/R2QKB1R b KQ - 1 9	f6h5	16	22
1rbq1rk1/p3ppbp/2pp1np1/8/4P3/2NQB3/PPP1BPPP/R4RK1 w - - 2 11	b2b3	15	22
r1bq1rk1/pp3ppp/2nbpn2/3p4/8/P1P1PNB1/1P1N1PPP/R2QKB1R w KQ - 2 10	c3c4	-1	22
1rbq1rk1/p3ppbp/2pp1np1/8/4P3/2NQB3/PPP1BPPP/1R3RK1 b - - 3 11	d8c7	19	22
r1bq1rk1/pp3ppp/2nbpn2/1B1p4/8/P1P1PNB1/1P1N1PPP/R2QK2R b KQ - 3 10	a7a6	23	22
r1b2rk1/pp3ppp/3q1n2/2ppn3/2P5/4PN2/PP1NBPPP/R2Q1RK1 b - - 0 11	c8e6	5	22
r1br2k1/qp1n1ppp/4pn2/p7/2N5/BP4P1/P3PPBP/R2Q1RK1 w - - 3 15	a1c1	525	22
r1bq1rk1/pp3pp1/2nbpn1p/1B1p4/8/P1P1PNB1/1P1N1PPP/R2QK2R w KQ - 0 11	e1g1	-14	22
r1b2rk1/ppq2pp1/2nbpn1p/1B1p4/8/P1P1PNB1/1PQN1PPP/R3K2R w KQ - 2 12	e1g1	-5	22
r1b2rk1/ppq2pp1/2nBpn1p/1B1p4/8/P1P1PN2/1PQN1PPP/R3K2R b KQ - 0 12	c7d6	8	22
r1b2rk1/pp3pp1/2nqpn1p/1B1p4/8/P1P1PN2/1PQN1PPP/R3K2R w KQ - 0 13	e1g1	-4	22
r1bq1rk1/pp3pp1/2nbpn1p/1B1p4/8/P1P1PNB1/1PQN1PPP/R3K2R b KQ - 1 11	a7a6	13	22
r4rk1/pp1b1pp1/2nqpn1p/1B1p4/8/P1P1PN2/1PQN1PPP/R4RK1 w - - 2 14	e3e4	0	22
r4rk1/pp1b1pp1/2Bqpn1p/3p4/8/P1P1PN2/1PQN1PPP/R4RK1 b - - 0 14	d7c6	33	22
r1b2rk1/pp3pp1/2nqpn1p/1B1p4/8/P1P1PN2/1PQN1PPP/R4RK1 b - - 1 13	a7a6	7	22
r4rk1/pp3pp1/2bqpn1p/3p4/8/P1P1PN2/1PQN1PPP/R4RK1 w - - 0 15	c3c4	-29	22
r4rk1/pp1b1pp1/3qpn1p/3p4/3N4/P1P1P3/1PQN1PPP/R4RK1 w - - 2 16	h2h3	-46	22
r4rk1/pp3pp1/2bqpn1p/3p4/3N4/P1P1P3/1PQN1PPP/R4RK1 b - - 1 15	c6d7	50	22
r4rk1/pp1b1pp1/3qpn1p/3p4/3N1P2/P1P1P3/1PQN2PP/R4RK1 b - - 0 16	e6e5	68	22
rn1qkb1r/pp3ppp/2p1p3/3pPn2/2PPb3/5N1P/PP1N1PP1/R1BQKB1R w KQkq - 3 8	d1b3	9	22
2r2rk1/pp1b1pp1/3qpn1p/3p4/3N1P2/P1PQP3/1P1N2PP/R4RK1 b - - 2 17	e6e5	64	22
2r2rk1/pp1b1pp1/3qpn1p/3p4/3N1P2/P1P1P3/1PQN2PP/R4RK1 w - - 1 17	c2b3	-53	22
r1bqkb1r/ppp3pp/2n1pn2/3p1p2/3P3P/5NP1/PPP1PPB1/RNBQK2R w KQkq - 1 6	c2c4	49	22
rnbq1rk1/ppp2ppp/4pn2/3p4/2P5/b4NP1/PP1PPPBP/R1BQ1RK1 w - - 0 7	b2a3	15	22
r1bqk2r/2p1bppp/p2p1n2/np2p3/4P3/1B3N2/PPPPQPPP/RNB1R1K1 w kq - 2 9	a2a4	-32	22
rn1qkb1r/pp3ppp/2p1p3/3pPn2/2PPb3/1Q3N1P/PP1N1PP1/R1B1KB1R b KQkq - 4 8	b7b6	0	22
r2qk2r/2p1bppp/p1np1n2/1p2p3/4P1b1/1B3N2/PPPPQPPP/RNB1R1K1 w kq - 2 9	c2c3	41	22
r1bqkb1r/ppp3pp/2n1pn2/3p1p2/3P3P/5NP1/PPP1PPB1/RNBQ1RK1 b kq - 2 6	f8d6	-28	22
r1bqk2r/2p1bppp/p2p1n2/np2p3/4P3/1BN2N2/PPPPQPPP/R1B1R1K1 b kq - 3 9	e8g8	38	22
r1bq1rk1/2p1bppp/p1np1n2/1p2p3/4P3/PBN2N2/1PPP1PPP/R1BQR1K1 b - - 2 9	c8g4	10	22
r2qk2r/2p1bppp/p1np1n2/1p2p3/4P1b1/1BP2N2/PP1PQPPP/RNB1R1K1 b kq - 0 9	e8g8	-33	22
rnbq1rk1/ppp2ppp/4pn2/3p4/2P5/P4NP1/P2PPPBP/R1BQ1RK1 b - - 0 7	b7b6	-4	22
r4rk1/1bpqbppp/p2p1n2/Bp2p3/2P1P3/1P1P1N2/1P3PPP/RN1QR1K1 w - - 3 13	b1c3	0	22
r2q1rk1/2p1bppp/p1np1n2/1p2p3/4P1b1/PBN2N2/1PPP1PPP/R1BQR1K1 w - - 3 10	h2h3	0	22
r2q1rk1/2p1bppp/p1np1n2/1p2p3/4P1b1/PBN2N1P/1PPP1PP1/R1BQR1K1 b - - 0 10	g4f3	8	22
r4rk1/1bpqbppp/p2p1n2/Bp2p3/2P1P3/1PNP1N2/1P3PPP/R2QR1K1 b - - 4 13	a8e8	0	22
rnbq1rk1/ppp2ppp/4pn2/8/2p5/P4NP1/PB1PPPBP/R2Q1RK1 b - - 1 8	b8d7	-35	22
1r3rk1/1bpqbppp/p2p1n2/Bp2p3/2PPP3/1PN2N2/1P3PPP/R2QR1K1 b - - 0 14	e5d4	-22	22
1r3rk1/1bpqbppp/p2p1n2/Bp2p3/2P1P3/1PNP1N2/1P3PPP/R2QR1K1 w - - 5 14	d3d4	18	22
1r3rk1/1bpqbppp/p2p1n2/Bp6/2PpP3/1PN2N2/1P3PPP/R2QR1K1 w - - 0 15	f3d4	13	22
1r3rk1/1bpqbppp/p2p1n2/Bp6/2PNP3/1PN5/1P3PPP/R2QR1K1 b - - 0 15	c7c5	-14	22
1r3rk1/1b1qbppp/p2p1n2/Bpp5/2PNP3/1PN5/1P3PPP/R2QR1K1 w - - 0 16	d4f5	16	22
1r3rk1/1b1qbppp/p2p1n2/Bpp2N2/2P1P3/1PN5/1P3PPP/R2QR1K1 b - - 1 16	f8e8	-13	22
1r2r1k1/1b1qbppp/p2p1n2/Bpp2N2/2P1P3/1PN5/1P3PPP/R2QR1K1 w - - 2 17	f5e7	19	22
1r2r1k1/1b1qbppp/p2p1n2/Bpp2N2/2P1P3/1PN2Q2/1P3PPP/R3R1K1 b - - 3 17	b5b4	66	22
1r2r1k1/1b1qbppp/p2p1n2/B1p2N2/1pP1P3/1PN2Q2/1P3PPP/R3R1K1 w - - 0 18	c3d5	-65	22
1r2r1k1/1b1qbppp/p2p1n2/B1pN1N2/1pP1P3/1P3Q2/1P3PPP/R3R1K1 b - - 1 18	b7d5	72	22
r1bqkb1r/pp3ppp/2n2n2/2pp4/3P4/P4N2/1PPN1PPP/R1BQKB1R w KQkq - 3 7	f1b5	-11	22
r1bqkb1r/pp3ppp/2n2n2/1Bpp4/3P4/P4N2/1PPN1PPP/R1BQK2R b KQkq - 4 7	c5c4	7	22
r1bq1rk1/pp2bppp/2np1n2/4p1B1/4P3/N1N5/PPP2PPP/R2QKB1R w KQ - 4 9	g5f6	0	22
r1b1r1k1/q1Qn1ppp/1p2pn2/p7/2N5/BP4P1/P3PPBP/R4RK1 w - - 0 17	c7a7	617	22
1r2r1k1/3qbppp/p2p1n2/B1pb1N2/1pP1P3/1P3Q2/1P3PPP/R3R1K1 w - - 0 19	e4d5	-68	22
r1bq1rk1/pp2bppp/2np1B2/4p3/4P3/N1N5/PPP2PPP/R2QKB1R b KQ - 0 9	e7f6	3	22
r1bq1rk1/pp3ppp/2np1b2/4p3/4P3/N1N5/PPP2PPP/R2QKB1R w KQ - 0 10	c3d5	4	22
r1bq1rk1/pppp1p2/1bn2n1p/6p1/4P3/1NN2P2/PPP2BPP/R2QKB1R b KQ - 1 10	d7d5	-9	22
r1bq1rk1/pp3ppp/2np1b2/3Np3/4P3/N7/PPP2PPP/R2QKB1R b KQ - 1 10	f6g5	4	22
1rbqkb1r/5ppp/p1np4/1p1Np3/4n3/N3B3/PPP1BPPP/R2QK2R w KQk - 2 11	e2f3	-21	22
1rbqkb1r/5ppp/p1np4/1p1Np3/4n3/N3BB2/PPP2PPP/R2QK2R b KQk - 3 11	e4g5	11	22
r2qkb1r/p2b1ppp/2pppn2/8/4P3/1BN5/PPP2PPP/R1BQK2R b KQkq - 1 9	f8e7	-2	22
r2qk2r/p2bbppp/2pppn2/8/4P3/1BN5/PPP2PPP/R1BQ1RK1 b kq - 3 10	e8g8	-3	22
1r1qkb1r/5ppp/p1np4/1p1Npb2/4n3/N3BB2/PPP2PPP/R2QK2R w KQk - 4 12	e1g1	33	22
r2qk2r/p2bbppp/2pppn2/8/4P3/1BN5/PPP2PPP/R1BQK2R w KQkq - 2 10	c1f4	1	22
r2q1rk1/p2bbppp/2pppn2/8/4P3/1BN5/PPP2PPP/R1BQ1RK1 w - - 4 11	c1f4	0	22
rnbqk2r/pp3ppp/2p5/3p4/1b1Pn3/3B1N2/PPP2PPP/RNBQK2R w KQkq - 2 8	b1d2	1	22
rnbqk2r/pp3ppp/2pb4/3p4/3Pn3/2PB1N2/PP3PPP/RNBQK2R w KQkq - 1 9	e1g1	-2	22
rnbqk2r/pp3ppp/2p5/3p4/1b1Pn3/2PB1N2/PP3PPP/RNBQK2R b KQkq - 0 8	b4d6	0	22
rnbqk2r/pp3ppp/2pb4/3p4/3Pn3/2PB1N2/PP3PPP/RNBQ1RK1 b kq - 2 9	e8g8	1	22
r1bq1rk1/ppp2pp1/1bnp1n1p/4p3/3PP3/1BP2N2/PP3PPP/RNBQ1RK1 w - - 1 9	b3c2	-64	22
rnbq1rk1/pp3ppp/4pn2/2p5/1bBP4/2N1P2P/PP2NPP1/R1BQK2R b KQ - 1 8	c5d4	8	22
r1bq1rk1/ppp2pp1/2np1n1p/2b1p3/3PP3/1BP2N2/PP3PPP/RNBQ1RK1 b - - 0 8	c5b6	65	22
rnbq1rk1/pp3ppp/4pn2/8/1bBp4/2N1P2P/PP2NPP1/R1BQK2R w KQ - 0 9	e3d4	-10	22
r2qkb1r/pp1npppp/2p3b1/3n4/3P4/3BBNN1/PPP2PPP/R2QK2R w KQkq - 9 9	d3g6	45	22
r2qkb1r/pp1n1ppp/2p1p1b1/3n4/3P4/3BBNN1/PPP1QPPP/R4RK1 b kq - 1 10	g6d3	-2	22
r2qkb1r/pp1npppp/2p3b1/3n4/3P4/3BBNN1/PPP1QPPP/R3K2R b KQkq - 10 9	d5e3	-11	22
r2qkb1r/pp1n1ppp/2p1p1b1/3n4/3P4/3BBNN1/PPP1QPPP/R3K2R w KQkq - 0 10	d3g6	30	22
r2qkb1r/pp1n1ppp/2p1p1b1/8/3P4/3BnNN1/PPP1QPPP/R4RK1 w kq - 0 11	d3g6	14	22
r2qkb1r/pp1n1ppp/2p1p1b1/8/3P4/3BQNN1/PPP2PPP/R4RK1 b kq - 0 11	g6d3	0	22
r2qk2r/pp1nbppp/2p1p1b1/8/3P4/3BQNN1/PPP2PPP/R3R1K1 b kq - 2 12	g6d3	1	22
r2qk2r/pp1nbppp/2p1p1b1/8/3P4/3BQNN1/PPP2PPP/R4RK1 w kq - 1 12	d3g6	15	22
r3k2r/pp1nbppp/1qp1p1b1/8/3P4/3BQNN1/PPP2PPP/R3R1K1 w kq - 3 13	d3g6	12	22
r3k2r/pp1nbppp/1qp1p1b1/5N2/3P4/3BQN2/PPP2PPP/R3R1K1 b kq - 4 13	g6f5	-1	22
r3k2r/pp1nbppp/1qp1p3/5b2/3P4/3BQN2/PPP2PPP/R3R1K1 w kq - 0 14	d3f5	10	22
r3k2r/pp1nbppp/1qp1p3/5B2/3P4/4QN2/PPP2PPP/R3R1K1 b kq - 0 14	b6c7	-2	22
rn3rk1/pp1qbppp/5n2/2Pp4/8/7P/PPPNQPP1/R1B1K1NR w KQ - 1 10	d2b3	-14	22
2kr3r/pp1nbppp/2p1p3/q4B2/3P4/4QN2/PPP2PPP/1R2R1K1 w - - 3 16	f5e4	129	22
2kr3r/pp1nbppp/2p1p3/q7/3P4/3BQN2/PPP2PPP/1R2R1K1 b - - 4 16	g7g5	-99	22
2kr3r/pp1nbppp/1qp1p3/5B2/3P4/4QN2/PPP2PPP/1R2R1K1 b - - 2 15	g7g5	-53	22
r1bq1rk1/pp2npbp/2Pp1np1/P3p3/4P3/2N2N2/1PP1BPPP/R1BQ1RK1 b - - 0 10	b7c6	15	22
rn3rk1/pp1qbppp/5n2/2Pp4/8/1N5P/PPP1QPP1/R1B1K1NR b KQ - 2 10	f8e8	24	22
2kr3r/pp1nbppp/1qp1p3/5B2/3P4/4QN2/PPP2PPP/R3R1K1 w - - 1 15	f5d3	56	22
r1bq1rk1/p3npbp/2pp1np1/P3p3/4P3/2N2N2/1PP1BPPP/R1BQ1RK1 w - - 0 11	f1e1	-22	22
r1bqk2r/1p2ppbp/p1np1np1/2p5/P3P3/2NPB1P1/1PP1NPBP/R2QK2R b KQkq - 1 8	a8b8	14	22
r1bq1rk1/1p2ppbp/p1np1np1/2p5/P3P3/2NPB1P1/1PP1NPBP/R2QK2R w KQ - 2 9	h2h3	-5	22
r1bqk2r/ppp1bppp/2n1pn2/8/2Pp4/4PNP1/PPQP1PBP/RNB1K2R w KQkq - 1 7	f3d4	-12	22
r1bqk2r/ppp1bppp/2n1pn2/8/2PN4/4P1P1/PPQP1PBP/RNB1K2R b KQkq - 0 7	c6d4	13	22
r2qk2r/1p1nNppp/p2pbn2/4p3/4P3/1N2B3/PPP1BPPP/R2QK2R b KQkq - 0 10	d8e7	23	22
r3k2r/1p1nqppp/p2pbn2/4p3/4P3/1N2B3/PPP1BPPP/R2QK2R w KQkq - 0 11	e2f3	-18	22
r1bqk2r/ppp1bppp/4pn2/8/2Pn4/4P1P1/PPQP1PBP/RNB1K2R w KQkq - 0 8	e3d4	-9	22
r3k2r/1p1nqppp/p2pbn2/4p3/4P3/1N2BB2/PPP2PPP/R2QK2R b KQkq - 1 11	e8g8	19	22
r1b1k2r/ppp1bppp/4pn2/8/2Pq4/3P2P1/PPQ2PBP/RNB1K2R b KQkq - 0 9	d4e5	9	22
r1b1k2r/ppp1bppp/4pn2/8/2Pq4/6P1/PPQP1PBP/RNB1K2R w KQkq - 0 9	d2d3	-10	22
r1bqk2r/ppp1bppp/4pn2/8/2PP4/6P1/PPQP1PBP/RNB1K2R b KQkq - 0 8	d8d4	12	22
rnbq1rk1/pp2bppp/4pn2/2pP4/3P4/N4NP1/PP2PPBP/R1BQK2R b KQ - 0 7	e6d5	5	22
rnbq1rk1/pp2bppp/5n2/2pp4/3P4/N4NP1/PP2PPBP/R1BQK2R w KQ - 0 8	d4c5	-3	22
rnbq1rk1/pp3pp1/2pb3p/3P4/3Pn3/2N2N2/PP2BPPP/R1BQ1RK1 b - - 0 10	e4c3	-12	22
rnbq1rk1/pp3pp1/2pb3p/3P4/3P4/2n2N2/PP2BPPP/R1BQ1RK1 w - - 0 11	b2c3	2	22
r3kb1r/pp1b1ppp/1q2p3/3pPn2/1n1P4/4NN1P/PP2BPP1/R1BQK2R b KQkq - 6 11	f5e3	0	22
2r1kb1r/pp1b1ppp/1q2p3/3pPn2/1n1P4/4NN1P/PP2BPP1/R1BQK2R w KQk - 7 12	e1g1	0	22
rnbq1rk1/pp3pp1/2pb3p/3P4/3P4/2P2N2/P3BPPP/R1BQ1RK1 b - - 0 11	c6d5	-9	22
rnbq1rk1/pp3pp1/3b3p/3p4/3P4/2P2N2/P3BPPP/R1BQ1RK1 w - - 0 12	e2d3	10	22
2r1kb1r/pp1b1ppp/1q2p3/3pPn2/1n1P4/4NN1P/PP2BPP1/R1BQ1RK1 b k - 8 12	f5e3	-6	22
r1bq1rk1/pp2npbp/2np2p1/2p1p3/4P3/2NPB1PP/PPP1NPB1/R2QK2R w KQ - 4 9	e1g1	-30	22
2r1kb1r/pp1b1ppp/1q2p3/3pP3/1n1P4/4nN1P/PP2BPP1/R1BQ1RK1 w k - 0 13	c1e3	0	22
r1bqkb1r/pp3ppp/2n2n2/1N1pp3/4PB2/2N5/PPP2PPP/R2QKB1R w KQkq - 0 8	e4d5	179	22
r1bqkb1r/pp3ppp/2n2n2/1N1P4/5p2/2N5/PPP2PPP/R2QKB1R w KQkq - 0 9	d5c6	191	22
r1bqkb1r/pp3ppp/2P2n2/1N6/5p2/2N5/PPP2PPP/R2QKB1R b KQkq - 0 9	b7c6	-201	22
r1bqkb1r/pp3ppp/2n1pn2/1N1p4/4PB2/2N5/PPP2PPP/R2QKB1R b KQkq - 1 7	e6e5	-198	22
r1bqkb1r/pp3ppp/2n2n2/1N1Pp3/5B2/2N5/PPP2PPP/R2QKB1R b KQkq - 0 8	e5f4	-241	22
r1bQkb1r/p4ppp/2p2n2/1N6/5p2/2N5/PPP2PPP/R3KB1R b KQkq - 0 10	e8d8	-101	22
r1bk1b1r/p4ppp/2p2n2/1N6/5p2/2N5/PPP2PPP/R3KB1R w KQ - 0 11	e1c1	106	22
r1bk1b1r/p4ppp/2p2n2/1N6/5p2/2N5/PPP2PPP/2KR1B1R b - - 1 11	c8d7	-86	22
r1bqkb1r/p4ppp/2p2n2/1N6/5p2/2N5/PPP2PPP/R2QKB1R w KQkq - 0 10	d1f3	173	22
r2k1b1r/p2b1ppp/2p2n2/1N6/5p2/2N5/PPP2PPP/2KR1B1R w - - 2 12	b5d6	85	22
r2k1b1r/p2b1ppp/2p2n2/8/3N1p2/2N5/PPP2PPP/2KR1B1R b - - 3 12	d8c7	-12	22
r2k1b1r/p2b1ppp/2p5/8/3N1pn1/2N5/PPP2PPP/2KR1B1R w - - 4 13	d4c6	109	22
r2k1b1r/p2b1ppp/2N5/8/5pn1/2N5/PPP2PPP/2KR1B1R b - - 0 13	d8c7	-79	22
r4b1r/p1kb1ppp/2N5/8/5pn1/2N5/PPP2PPP/2KR1B1R w - - 1 14	c6b4	81	22
r4b1r/p1kb1ppp/2N5/8/5pn1/2N2P2/PPP3PP/2KR1B1R b - - 0 14	g4f2	188	22
r3kb1r/1p1q1pp1/2n1pnp1/p2p4/P2P1B2/1QP2N1P/1P1N1PP1/R4RK1 b kq - 1 13	d7c8	-60	22
r3k2r/1p1qbpp1/2n1pnp1/p2p4/P2P1B2/1QP2N1P/1P1N1PP1/R4RK1 w kq - 2 14	f3e5	64	22
1rbqk2r/pp3pbp/2np1np1/2p1p3/P3P3/2NP1NP1/1PP2PBP/R1BQ1RK1 w k - 0 9	f3d2	0	22
r4b1r/p1kb1ppp/8/4N3/5p2/2N2P2/PPP2nPP/2KR1B1R b - - 2 15	f2d1	193	22
1rbqk2r/pp3pbp/2np1np1/2p1p1B1/P3P3/2NP1NP1/1PP2PBP/R2Q1RK1 b k - 1 9	h7h6	7	22
r4b1r/p1kb1ppp/2N5/8/5p2/2N2P2/PPP2nPP/2KR1B1R w - - 1 15	c6e5	-189	22
r1bq1rk1/ppp1npbp/3p1np1/P2Pp1B1/4P3/2N2N2/1PP1BPPP/R2QK2R b KQ - 2 9	h7h6	-24	22
r1bq1rk1/ppp1npb1/3p1npp/P2Pp1B1/4P3/2N2N2/1PP1BPPP/R2QK2R w KQ - 0 10	g5f6	32	22
r1bq1rk1/ppp1np2/3p1bpp/P2Pp3/4P3/2N2N2/1PP1BPPP/R2QK2R w KQ - 0 11	h2h4	24	22
r1bq1rk1/ppp1npb1/3p1Bpp/P2Pp3/4P3/2N2N2/1PP1BPPP/R2QK2R b KQ - 0 10	g7f6	-19	22
rn1qkb1r/pp3ppp/2p1pnb1/8/3P3P/4B1N1/PPP2PP1/R2QKBNR w KQkq - 1 8	h4h5	195	22
r2qk2r/4b1pp/p1nppn2/1p2p1B1/4P3/N4P2/PPP1N1PP/R2QK2R b KQkq - 1 12	d8b6	190	22
r3kb1r/1p1n1pp1/1pp2np1/8/3p4/2PB2N1/PP3PPP/R1B1K2R w KQkq - 0 13	c3d4	-23	22
rn1qkb1r/pp3ppp/2p1pnb1/7P/3P4/4B1N1/PPP2PP1/R2QKBNR b KQkq - 0 8	g6e4	-196	22
r3k2r/1p1n1pp1/1ppb1np1/4p3/3P4/2PB2N1/PP3PPP/R1B1K2R w KQkq - 2 13	d4e5	-16	22
r3kb1r/1p1n1pp1/1pp2np1/8/3P4/3B2N1/PP3PPP/R1B1K2R b KQkq - 0 13	f8e7	27	22
r6r/1p1nkpp1/1ppb1np1/4p3/3P4/2PBB1N1/PP3PPP/R3K2R w KQ - 4 14	e1g1	-7	22
r3kb1r/1p1n1pp1/1p3np1/2p5/3P4/3B2N1/PP3PPP/R1B1K2R w KQkq - 0 14	e1g1	17	22
r2qkb1r/1p3ppp/p1bp1n2/4p1B1/2B1P3/1QN5/PPP2PPP/R3K2R b KQkq - 5 11	d8c7	-397	22
r3kb1r/1p1n1pp1/1p3np1/8/3p4/3BB1N1/PP3PPP/R3K2R w KQkq - 0 15	e3d4	4	22
r3k2r/1p1n1pp1/1ppb1np1/4p3/3P4/2PBB1N1/PP3PPP/R3K2R b KQkq - 3 13	f6d5	46	22
r3kb1r/1p1n1pp1/1p3np1/2p5/3P4/3BB1N1/PP3PPP/R3K2R b KQkq - 1 14	f6d5	6	22
r6r/1p1nkpp1/1ppb1np1/4p3/3P4/2PBB1N1/PP2KPPP/R6R b - - 5 14	f6d5	49	22
r2qkb1r/1p3ppp/p1bp1n2/4p1B1/4P3/1QN5/PPP2PPP/R3KB1R w KQkq - 4 11	f1c4	434	22
r3kb1r/1p1n1pp1/1p3np1/8/3B4/3B2N1/PP3PPP/R3K2R b KQkq - 0 15	f8b4	4	22
r3k2r/1p1n1pp1/1p3np1/8/1b1B4/3B2N1/PP3PPP/R3K2R w KQkq - 1 16	d4c3	-7	22
r3k2r/1p1n1pp1/1p3np1/8/1b1B4/3B2N1/PP3PPP/R4K1R b kq - 2 16	d7c5	-5	22
r6r/1p1nk1p1/1ppb1pp1/3np3/3P4/2PBB1N1/PP2KPPP/R6R b - - 1 16	d5e3	129	22
r6r/1p1nkpp1/1ppb2p1/3np3/3P4/2PBB1N1/PP2KPPP/R6R w - - 6 15	a2a3	-49	22
r4rk1/1p1n1pp1/1p3np1/8/1b1B4/3B2N1/PP3PPP/R4K1R w - - 3 17	a2a3	-4	22
r6r/1p1nk1p1/1ppb1pp1/3np1B1/3P4/2PB2N1/PP2KPPP/R6R w - - 0 16	g5d2	-66	22
r1bqk2r/1p3pbp/p1np1np1/2p1p3/P3P3/2NPBNP1/1PP2PBP/R2QK2R w KQkq - 0 9	e3g5	0	22
r6r/1p1nkpp1/1ppb2p1/3np1B1/3P4/2PB2N1/PP2KPPP/R6R b - - 7 15	f7f6	62	22
r4rk1/1p1n1pp1/1p3np1/8/1b1BN3/3B4/PP3PPP/R4K1R b - - 4 17	f8d8	-2	22
r6r/1p1nk1p1/1ppb2p1/3npp2/3P4/2PBB1N1/PP2KPPP/R6R w - - 0 17	e3g5	-82	22
r1bqk2r/1p3pbp/p1np1np1/2p1p3/P3P3/2NPBNP1/1PP2PBP/R2Q1RK1 b kq - 1 9	a8b8	6	22
r1b1k2r/1p2ppbp/pqnp1np1/2p5/P3P3/2NPBNP1/1PP2PBP/RQ2K2R b KQkq - 3 9	e8g8	12	22
r1b1k2r/1p2ppbp/pqnp1np1/2p5/P3P3/2NPBNP1/1PP2PBP/R2QK2R w KQkq - 2 9	a1b1	2	22
r6r/1p1nk1p1/1ppb2p1/3npp2/2BP4/2P1B1N1/PP2KPPP/R6R b - - 1 17	f5f4	541	22
r2qk2r/ppp1bppp/2np1n2/4p3/P1B1P1b1/2NP1N2/1PP2PPP/R1BQK2R w KQkq - 1 7	h2h3	20	22
r2q1rk1/2pnbppp/p2p4/1p6/P2pP3/1B1P1Q1P/1PP2PP1/RN2R1K1 b - - 0 14	c7c6	-20	22
r2q1rk1/2pnbppp/p2p4/1p6/3pP3/PB1P1Q1P/1PPN1PP1/R3R1K1 b - - 2 14	a6a5	-29	22
r2qk2r/ppp1bppp/2np1n2/4p3/P1B1P1b1/2NP1N1P/1PP2PP1/R1BQK2R b KQkq - 0 7	g4f3	-21	22
r2q1rk1/pppn1p1p/3p1npQ/8/3RP3/2N2B2/PPP2PPP/2K4R b - - 0 12	d8e7	-73	22
r2q1rk1/3nbppp/p1pp4/1p6/P2pP3/1B1P1Q1P/1PP2PP1/RN2R1K1 w - - 0 15	a4b5	22	22
r2q1rk1/3nbppp/p1pp4/1P6/3pP3/1B1P1Q1P/1PP2PP1/RN2R1K1 b - - 0 15	a6b5	-14	22
r2qk2r/ppp1bppp/2np1n2/4p3/P1B1P3/2NP1b1P/1PP2PP1/R1BQK2R w KQkq - 0 8	d1f3	29	22
r2q1rk1/2p1bppp/p2p4/1p2n3/3pP3/PB1P1Q1P/1PPN1PP1/R3R1K1 w - - 3 15	f3e2	69	22
r2qk2r/ppp1bppp/2np1n2/4p3/P1B1P3/2NP1Q1P/1PP2PP1/R1B1K2R b KQkq - 0 8	c6d4	-27	22
r2q1rk1/ppp2p1p/3p1npQ/4n3/3RP3/2N2B2/PPP2PPP/2K4R w - - 1 13	f3e2	131	22
r2q1rk1/2p1bppp/p2p4/1p2n3/3pP3/PB1P2QP/1PPN1PP1/R3R1K1 b - - 4 15	a8c8	-25	22
r2q1rk1/2p2ppp/p2p4/1p2n3/3pP2b/PB1P2QP/1PPN1PP1/R3R1K1 w - - 5 16	g3h2	57	22
r2q1rk1/3nbppp/2pp4/1p6/3pP3/RB1P1Q1P/1PP2PP1/1N2R1K1 b - - 1 16	a8a3	53	22
3q1rk1/3nbppp/2pp4/1p6/3pP3/rB1P1Q1P/1PP2PP1/1N2R1K1 w - - 0 17	b2a3	-50	22
r2q1rk1/3nbppp/2pp4/1p6/3pP3/1B1P1Q1P/1PP2PP1/RN2R1K1 w - - 0 16	b1d2	13	22
r2q1rk1/2p2ppp/p2p4/1p2n3/3pP2b/PB1P3P/1PPN1PPQ/R3R1K1 b - - 6 16	a8c8	-59	22
3q1rk1/4bppp/2pp4/1pn5/3pP3/NB1P1Q1P/1PP2PP1/4R1K1 w - - 1 18	f3d1	-50	22
3q1rk1/3nbppp/2pp4/1p6/3pP3/NB1P1Q1P/1PP2PP1/4R1K1 b - - 0 17	d8a5	56	22
r4rk1/2p2ppp/p2p1q2/1p2n3/3pP2b/PB1P3P/1PPN1PPQ/R3R1K1 w - - 7 17	g2g3	165	22
3q1rk1/4bppp/2pp4/1pn5/3pP3/N2P1Q1P/BPP2PP1/4R1K1 b - - 2 18	d8a5	103	22
r4rk1/2p2ppp/p2p2q1/1p2n3/3pP2b/PB1P2PP/1PPN1P1Q/R3R1K1 w - - 1 18	h2g2	188	22
r4rk1/2p2ppp/p2p1q2/1p2n3/3pP2b/PB1P2PP/1PPN1P1Q/R3R1K1 b - - 0 17	f6g5	-150	22
3q1rk1/4bp1p/2pp2p1/1pn5/3pP3/N2P1Q1P/BPP2PP1/4R1K1 w - - 0 19	a2b3	-80	22
3q1rk1/4bp1p/2pp2p1/1pn5/3pP3/N2P1Q1P/BPP2PP1/3R2K1 b - - 1 19	d8a5	150	22
r1b2rk1/pp3ppp/3q1n2/2p1R3/2Pp4/1P1P2P1/P4PBP/RN1Q2K1 w - - 1 15	e5e1	-38	22
r4rk1/2p2ppp/p2p2q1/1p2n3/3pP2b/PB1P2PP/1PPN1PQ1/R3R1K1 b - - 2 18	h4e7	-190	22
r4rk1/2p2ppp/p2p1bq1/1p2n3/3pP3/PB1P2PP/1PPN1PQ1/R3R1K1 w - - 3 19	f2f4	249	22
r1b2rk1/pp3ppp/3q1n2/2p5/2Pp4/1P1P2P1/P4PBP/RN1QR1K1 b - - 2 15	c8g4	45	22
r4rk1/2p2ppp/p2p1bq1/1p2n3/3pPP2/PB1P2PP/1PPN2Q1/R3R1K1 b - - 0 19	e5d7	-273	22
r1bqk2r/pp3ppp/2nb1n2/2ppp3/3P4/P1P1P1B1/1P1N1PPP/R2QKBNR w KQkq - 0 8	d4c5	-18	22
r4rk1/pp1qn1bp/2npb1p1/2pNpp2/4P3/P2P2PP/1PP1NPBK/R1BQ1R2 w - - 0 12	c2c4	-21	22
r1bqk2r/pp3ppp/2nb1n2/2Ppp3/8/P1P1P1B1/1P1N1PPP/R2QKBNR b KQkq - 0 8	d6c5	11	22
r1bqk2r/pp3ppp/2n2n2/2bpp3/8/P1P1PNB1/1P1N1PPP/R2QKB1R b KQkq - 1 9	e5e4	16	22
r2qkb1r/p2b1ppp/2pp1n2/1B2p3/4P3/2N5/PPP2PPP/R1BQ1RK1 w kq - 0 9	b5e2	18	22
r1bqk2r/pp3ppp/2n2n2/2bpp3/8/P1P1P1B1/1P1N1PPP/R2QKBNR w KQkq - 0 9	g1f3	-16	22
r2qkb1r/p2b1ppp/2pp1n2/4p3/2B1P3/2N5/PPP2PPP/R1BQ1RK1 b kq - 1 9	f8e7	-6	22
r2qkb1r/pp1b1ppp/2Np1n2/1B2p3/4P3/2N5/PPP2PPP/R1BQ1RK1 b kq - 0 8	b7c6	-21	22
rnbq1rk1/pp3ppp/4pn2/8/2BQ4/P1B1P3/1P3PPP/R3K1NR b KQ - 0 10	b8c6	7	22
rnbq1rk1/pp3ppp/4pn2/8/2BB4/P3P3/1P3PPP/R2QK1NR b KQ - 0 10	b8c6	7	22
r1bq1rk1/pp3ppp/2n1pn2/8/2BB4/P3P3/1P3PPP/R2QK1NR w KQ - 1 11	g1f3	-4	22
rnb2rk1/pp3ppp/4pn2/8/2Bq4/P1B1P3/1P3PPP/R3K1NR w KQ - 0 11	c3d4	2	22
rnbq1rk1/pp3ppp/4pn2/2p5/2BP4/P1P1P3/3B1PPP/R2QK1NR b KQ - 0 9	b8c6	23	22
r1bq1rk1/pp3ppp/2n1pn2/2B5/2B5/P3P3/1P3PPP/R2QK1NR b KQ - 2 11	f8e8	10	22
r1bq1rk1/pp3ppp/2n1pn2/2p5/2BP4/P1P1P3/3B1PPP/R2QK1NR w KQ - 1 10	g1e2	-20	22
rnb2rk1/pp3ppp/4pn2/8/2BB4/P3P3/1P3PPP/R3K1NR b KQ - 0 11	b8c6	-6	22
r1bqr1k1/pp3ppp/2n1pn2/2B5/2B5/P3P3/1P3PPP/R2QK1NR w KQ - 3 12	d1d8	-9	22
r1b2rk1/pp3ppp/2n1pB2/8/2B5/P3P3/1P3PPP/R3K1NR b KQ - 0 12	g7f6	0	22
r1b2rk1/pp3ppp/2n1pn2/8/2BB4/P3P3/1P3PPP/R3K1NR w KQ - 1 12	d4f6	6	22
r1bQr1k1/pp3ppp/2n1pn2/2B5/2B5/P3P3/1P3PPP/R3K1NR b KQ - 0 12	e8d8	20	22
r1br2k1/pp3ppp/2n1pn2/2B5/2B5/P3P3/1P3PPP/R3K1NR w KQ - 0 13	g1f3	-16	22
r1b2rk1/pp3p1p/2n1pp2/8/2B5/P3P3/1P3PPP/3RK1NR b K - 1 13	b7b6	-1	22
r1br2k1/pp3ppp/2n1pn2/2B5/2B5/P3PN2/1P3PPP/R3K2R b KQ - 1 13	b7b6	14	22
r1b2rk1/pp3p1p/2n1pp2/8/2B5/P3P3/1P3PPP/R3K1NR w KQ - 0 13	g1f3	-4	22
r1br2k1/p4ppp/1pn1pn2/8/2BB4/P3PN2/1P3PPP/R3K2R b KQ - 1 14	c6a5	13	22
r1br2k1/p4ppp/1pn1pn2/2B5/2B5/P3PN2/1P3PPP/R3K2R w KQ - 0 14	c5d4	-12	22
r1b2rk1/pp3p1p/2n2p2/4p3/2B5/P3P3/1P3PPP/3RK1NR w K - 0 14	g1e2	3	22
r1b2rk1/pp3p1p/2n2p2/4p3/2B5/P3P3/1P2NPPP/3RK2R b K - 1 14	c6a5	-7	22
r1b2rk1/pp3p1p/5p2/n3p3/2B5/P3P3/1P2NPPP/3RK2R w K - 2 15	c4d5	7	22
r1br2k1/p4ppp/1p2pn2/n7/2BB4/P3PN2/1P3PPP/R3K2R w KQ - 2 15	c4e2	-6	22
r1br2k1/p4ppp/1p2pB2/n7/2B5/P3PN2/1P3PPP/R3K2R b KQ - 0 15	g7f6	23	22
r4rk1/pp3p1p/4bp2/n2Bp3/8/P3P3/1P2NPPP/3RK2R w K - 4 16	e2g3	5	22
r1br2k1/p4p1p/1p2pp2/n7/2B5/P3PN2/1P3PPP/R3K2R w KQ - 0 16	c4e2	-12	22
r1b2rk1/pp3p1p/5p2/n2Bp3/8/P3P3/1P2NPPP/3RK2R b K - 3 15	c8e6	-9	22
r4rk1/pp3p1p/4bp2/n2Bp3/8/P1N1P3/1P3PPP/3RK2R b K - 5 16	a8c8	-5	22
r1br2k1/p4p1p/1p2pp2/n7/8/P3PN2/1P2BPPP/R3K2R b KQ - 1 16	a5b3	17	22
r2q1rk1/ppp1npbp/3p1np1/3Pp3/2P1P3/P1N2P2/1P2BP1P/R1BQR1K1 b - - 0 11	f6h5	43	22
r2q1rk1/ppp1npbp/3p1np1/3Pp3/2P1P3/P1N2b2/1P2BPPP/R1BQR1K1 w - - 0 11	e2f3	89	22
r2q1rk1/pppnnpbp/3p2p1/3Pp3/2P1P3/P1N1BP2/1P2BP1P/R2QR1K1 b - - 2 12	g8h8	-11	22
r2q1rk1/ppp1npbp/3p1np1/3Pp3/2P1P1b1/P1N2N2/1P2BPPP/R1BQR1K1 b - - 4 10	f6d7	-77	22
r2q1rk1/pppnnpbp/3p2p1/3Pp3/2P1P3/P1N2P2/1P2BP1P/R1BQR1K1 w - - 1 12	g1h1	16	22
r2q1rk1/1ppnnpbp/p2p2p1/3Pp3/2P1P3/P1N1BP2/1P2BP1P/R2QR1K1 w - - 0 13	b2b4	0	22
r2q1rk1/1ppnnpb1/p2p2p1/3Pp2p/PPP1P3/2N1BP2/4BP1P/R2QR1K1 b - - 0 14	a6a5	0	22
r2q1rk1/1ppnnpb1/p2p2p1/3Pp2p/1PP1P3/P1N1BP2/4BP1P/R2QR1K1 w - - 0 14	c4c5	62	22
r2q1rk1/1ppnnpbp/p2p2p1/3Pp3/1PP1P3/P1N1BP2/4BP1P/R2QR1K1 b - - 0 13	b7b6	-21	22
r2q1rk1/1ppnnp2/p2p1bpB/3Pp2p/PPP1P3/2N2P2/4BP1P/R2QR1K1 b - - 2 15	f6g7	0	22
r2qr1k1/1ppnnp2/p2p1bpB/3Pp2p/PPP1P3/2N2P2/4BP1P/R2QR1K1 w - - 3 16	h6e3	16	22
r2qr1k1/1ppnnp2/p2p1bpB/3Pp2p/PPP1P3/2N2P2/4BP1P/R1Q1R1K1 b - - 4 16	a6a5	31	22
r2q1rk1/1ppnnp2/p2p1bp1/3Pp2p/PPP1P3/2N1BP2/4BP1P/R2QR1K1 w - - 1 15	c4c5	181	22
r2qr1k1/1ppnnp2/3p1bpB/p2Pp2p/PPP1P3/2N2P2/4BP1P/R1Q1R1K1 w - - 0 17	b4a5	-41	22
r2qr1k1/1pp1np2/3p1bpB/pPnPp2p/P1P1P3/2N2P2/4BP1P/R1Q1R1K1 w - - 1 18	b5b6	-49	22
r2qr1k1/1pp1np2/3p1bpB/pPnPp2p/P1P1P3/R1N2P2/4BP1P/2Q1R1K1 b - - 2 18	g8h7	71	22
r2qr1k1/1ppnnp2/3p1bpB/pP1Pp2p/P1P1P3/2N2P2/4BP1P/R1Q1R1K1 b - - 0 17	d7c5	75	22
r1b1kb1r/pp3ppp/1Qn2n2/3pp1B1/3P4/2PB4/PP3PPP/RN2K1NR b KQkq - 0 8	a7b6	-6	22
r1b1kb1r/1p3ppp/1pn2n2/3pp1B1/3P4/2PB4/PP3PPP/RN2K1NR w KQkq - 0 9	g1e2	2	22
r1b1kb1r/1p3ppp/1pn2n2/3pp1B1/3P4/2PB4/PP2NPPP/RN2K2R b KQkq - 1 9	f8e7	-5	22
r1bq1rk1/pp1n1ppp/2n1p3/2bpP1N1/5P2/2NB4/PPP3PP/R1BQK2R b KQ - 3 9	h7h6	0	22
r1b1kb1r/1p3pp1/1pn2B1p/3pp3/3P4/2PB4/PP2NPPP/RN2K2R b KQkq - 0 10	g7f6	2	22
r1b1kb1r/1p3pp1/1pn2n1p/3pp1B1/3P4/2PB4/PP2NPPP/RN2K2R w KQkq - 0 10	g5f6	0	22
r1b1kb1r/1p3p2/1pn2p1p/3pp3/3P4/2PB4/PP2NPPP/RN2K2R w KQkq - 0 11	b1d2	2	22
r1b1kb1r/1p3p2/1pn2p1p/3pp3/3P4/2PB4/PP1NNPPP/R3K2R b KQkq - 1 11	h6h5	0	22
r1bqk2r/ppp2ppp/2n5/3p4/1b1Pn3/2PBBN2/PP3PPP/RN1QK2R b KQkq - 0 8	b4e7	-18	22
r1bqk2r/ppp2ppp/2n5/3p4/1b1Pn3/3BBN2/PPP2PPP/RN1QK2R w KQkq - 4 8	b1d2	17	22
r1bqk2r/ppp2ppp/2nb4/3p4/3Pn3/2PBBN2/PP3PPP/RN1QK2R w KQkq - 1 9	d1b3	27	22
r1bqk2r/ppp2ppp/2nb1n2/3p4/3P4/1QPBBN2/PP3PPP/RN2K2R w KQkq - 3 10	e3g5	29	22
r1bq1rk1/pp1n1ppp/2n1p3/2bpP3/5P2/2NB1N2/PPP3PP/R1BQK2R w KQ - 2 9	d3h7	124	22
r1bqk2r/ppp2ppp/2nb1n2/3p4/3P4/1QPBBN2/PP1N1PPP/R3K2R b KQkq - 4 10	e8g8	-22	22
r1bqk2r/1pp2ppp/2nb1n2/p2p4/3P4/1QPBBN2/PP1N1PPP/R3K2R w KQkq - 0 11	e3g5	21	22
r1bqk2r/ppp2ppp/2nb4/3p4/3Pn3/1QPBBN2/PP3PPP/RN2K2R b KQkq - 2 9	c8e6	-22	22
r1bqk2r/1pp2ppp/2nb1n2/p2p4/3P4/1QPBBN2/PP1N1PPP/R4RK1 b kq - 1 11	h7h6	-27	22
r1bqk2r/1pp2ppp/2nb4/p2p2B1/3P2n1/1QPB1N2/PP1N1PPP/R4RK1 b kq - 3 12	d6e7	-87	22
r1bqk2r/1pp2ppp/2nb4/p2p4/3P2n1/1QPBBN2/PP1N1PPP/R4RK1 w kq - 2 12	e3g5	83	22
r1bqk2r/1pp2ppp/2nb4/3p2B1/p2P2n1/1QPB1N2/PP1N1PPP/R4RK1 w kq - 0 13	f1e1	112	22
r1bq1k1r/1pp2ppp/2nb4/3p2B1/p2P2n1/2PB1N2/PPQN1PPP/4RRK1 b - - 3 14	d6h2	-112	22
r1bq1k1r/1pp2ppp/2nb4/3p2B1/p2P2n1/1QPB1N2/PP1N1PPP/4RRK1 w - - 2 14	b3c2	120	22
r1bqk2r/1pp2ppp/2nb4/3p2B1/p2P2n1/1QPB1N2/PP1N1PPP/4RRK1 b kq - 1 13	e8f8	-111	22
r1bq1k1r/1pp2ppp/2n5/3p2B1/p2P2n1/2PB1N2/PPQN1PPb/4RRK1 w - - 0 15	g1h1	116	22
r1bq1k1r/1pp2ppp/2n5/3p2B1/p2P2n1/2PB1N2/PPQN1PPb/4RR1K b - - 1 15	f7f6	-102	22
r1bq1k1r/1pp3pp/2n2p2/3p2B1/p2P2n1/2PB1N2/PPQN1PPb/4RR1K w - - 0 16	g5f6	117	22
r1bq1k1r/1pp3pp/2n2B2/3p4/p2P2n1/2PB1N2/PPQN1PPb/4RR1K b - - 0 16	d8f6	-109	22
r1bq1rk1/ppp1bppp/2n5/3p4/3Pn3/PQN2NP1/1P2PPBP/R1B1K2R b KQ - 4 9	c8e6	24	22
r1bq1rk1/ppp1bppp/2n5/3p4/3Pn3/P1N2NP1/1P2PPBP/R1BQK2R w KQ - 3 9	c1d2	0	22
r1bq1rk1/ppp1bppp/2n5/3p4/3P4/PQn2NP1/1P2PPBP/R1B1K2R w KQ - 0 10	b2c3	-11	22
r1bq1rk1/ppp2ppp/2n2b2/3p4/1P1P4/P1Q2NP1/4PPBP/R1B1K2R b KQ - 0 11	f8e8	8	22
r2q1rk1/ppp2ppp/2n2b2/3p4/1P1P2b1/P1Q1BNP1/4PPBP/R3K2R b KQ - 2 12	c6e7	9	22
r1bq1rk1/ppp2ppp/2n2b2/3p4/3P4/P1Q2NP1/1P2PPBP/R1B1K2R w KQ - 1 11	c1f4	0	22
r1bq1rk1/ppp1bppp/2n5/3p4/3P4/P1Q2NP1/1P2PPBP/R1B1K2R b KQ - 0 10	c8f5	11	22
r2q1rk1/ppp2ppp/2n2b2/3p4/1P1P2b1/P1Q2NP1/4PPBP/R1B1K2R w KQ - 1 12	e2e3	0	22
r2q1rk1/1pp2ppp/p1n2b2/3p4/1P1P2b1/P1Q1BNP1/4PPBP/R4RK1 b - - 1 13	c6e7	2	22
r2q1rk1/1pp2ppp/p1n2b2/3p4/1P1P2b1/P1Q1BNP1/4PPBP/R3K2R w KQ - 0 13	a1c1	10	22
r2q1rk1/1pp2ppp/p1n2b2/3p1b2/1P1P4/P1Q1B1P1/4PPBP/R3NRK1 b - - 3 14	c6a7	-2	22
r2qr1k1/1pp2ppp/p1n2b2/3p1b2/1P1P4/P1Q1B1P1/4PPBP/R3NRK1 w - - 4 15	a1c1	8	22
r2qr1k1/1pp2ppp/p1n2b2/3p1b2/1P1P4/P1QNB1P1/4PPBP/R4RK1 b - - 5 15	c6e7	-12	22
r2q1rk1/1pp2ppp/p1n2b2/3p1b2/1P1P4/P1Q1BNP1/4PPBP/R4RK1 w - - 2 14	a1c1	14	22
r1bq1rk1/pp3pbp/2np1np1/2pNp3/4P3/3PBNP1/PPP2PBP/R2Q1RK1 b - - 1 9	f6d5	65	22
r1bq1rk1/pp3pb1/2np1npp/2p1p1B1/4P3/2NP1NP1/PPP2PBP/R2Q1RK1 w - - 0 10	g5f6	-15	22
r1bq1rk1/pp3pbp/2np1np1/2p1p1B1/4P3/2NP1NP1/PPP2PBP/R2Q1RK1 b - - 1 9	h7h6	23	22
r1bq1rk1/pp3pb1/2np1Bpp/2p1p3/4P3/2NP1NP1/PPP2PBP/R2Q1RK1 b - - 0 10	g7f6	19	22
r2qr1k1/1pp2p1p/p1n2b2/3p1bp1/1P1P4/P1QNB1P1/4PPBP/R4RK1 w - - 0 16	a1c1	41	22
r1bq1rk1/pp3pbp/2np2p1/2pnp3/4P3/3PBNP1/PPP2PBP/R2Q1RK1 w - - 0 10	e4d5	-73	22
r1bq1rk1/pp3pbp/2np2p1/2pPp3/8/3PBNP1/PPP2PBP/R2Q1RK1 b - - 0 10	c6e7	70	22
r1bq1rk1/pp3p2/2np1bpp/2p1p3/4P3/2NP1NP1/PPP2PBP/R2Q1RK1 w - - 0 11	f3d2	-19	22
r1bq1rk1/pp3pbp/3p2p1/2pPp3/1n6/3PBNP1/PPP2PBP/R2Q1RK1 w - - 1 11	f3e1	-17	22
r1bq1rk1/pp3pbp/3p2p1/2pPp3/1n6/3PB1P1/PPPN1PBP/R2Q1RK1 b - - 2 11	f7f5	29	22
r1bq1rk1/pp3p2/2np1bpp/2pNp3/4P3/3P1NP1/PPP2PBP/R2Q1RK1 b - - 1 11	f6g7	17	22
r1bq1rk1/pp4bp/3p2p1/2pPpp2/1n6/3PB1P1/PPPN1PBP/R2Q1RK1 w - - 0 12	a2a3	-27	22
r1bq1rk1/pp4bp/3p2p1/2pPpp2/1n6/P2PB1P1/1PPN1PBP/R2Q1RK1 b - - 0 12	b4a6	30	22
r2q1rk1/pp3p2/2npbbpp/2pNp3/4P3/3P1NP1/PPP2PBP/R2Q1RK1 w - - 2 12	d5f6	-17	22
r2q1rk1/pp3p2/2npbNpp/2p1p3/4P3/3P1NP1/PPP2PBP/R2Q1RK1 b - - 0 12	d8f6	28	22
r1bq1rk1/pp4bp/3p2p1/2pPp3/1n3p2/P2PB1P1/1PPN1PBP/R2Q1RK1 w - - 0 13	e3c5	62	22
r4rk1/pp3p2/2npbqpp/2p1p3/4P3/2PP1NP1/PP3PBP/R2Q1RK1 b - - 0 13	d6d5	20	22
r4rk1/pp3p2/2npbqpp/2p1p3/4P3/3P1NP1/PPP2PBP/R2Q1RK1 w - - 0 13	f3d2	-9	22
r1bq1rk1/pp4bp/3p2p1/2BPp3/1n3p2/P2P2P1/1PPN1PBP/R2Q1RK1 b - - 0 13	d6c5	-53	22
r1bq1rk1/pp4bp/6p1/2pPp3/1n3p2/P2P2P1/1PPN1PBP/R2Q1RK1 w - - 0 14	a3b4	57	22
r4rk1/pp3p2/2npbq1p/2p1p1p1/4P3/2PP1NP1/PP3PBP/R2Q1RK1 w - - 0 14	d1d2	-1	22
r4rk1/pp3p2/2npbq1p/2p1p1p1/4P3/2PP2P1/PP1N1PBP/R2Q1RK1 b - - 1 14	a8d8	7	22
r4rk1/1p3p2/2npbq1p/p1p1p1p1/4P3/2PP2P1/PP1N1PBP/R2Q1RK1 w - - 0 15	d2c4	23	22
r4rk1/1p3p2/2npbq1p/p1p1p1p1/P3P3/2PP2P1/1P1N1PBP/R2Q1RK1 b - - 0 15	a8d8	-24	22
r1bq1rk1/pp4bp/6p1/3Pp3/1p3P2/3P4/1PPN1PBP/R2Q1RK1 b - - 0 15	e5f4	168	22
r1bq1rk1/pp4bp/6p1/2pPp3/1P3p2/3P2P1/1PPN1PBP/R2Q1RK1 b - - 0 14	c5b4	-56	22
r1bq1rk1/pp4bp/6p1/3Pp3/1p3p2/3P2P1/1PPN1PBP/R2Q1RK1 w - - 0 15	c2c4	62	22
5rk1/1p3p2/r1npbq1p/p1p1p1p1/P3P3/2PP2P1/1P1N1PBP/R2Q1RK1 w - - 1 16	d2c4	56	22
5rk1/1p3p2/r1npbq1p/p1p1p1p1/P1N1P3/2PP2P1/1P3PBP/R2Q1RK1 b - - 2 16	c6e7	-50	22
r1bq2k1/pp4bp/6p1/3Pp3/1p3r2/3P4/1PPN1PBP/R2Q1RK1 w - - 0 16	c2c4	-38	22
r1bq2k1/pp4bp/6p1/3Pp3/1pN2r2/3P4/1PP2PBP/R2Q1RK1 b - - 1 16	b7b5	151	22
5rk1/1p3p2/r1np1q1p/p1p1p1p1/P1b1P3/2PP2P1/1P3PBP/R2Q1RK1 w - - 0 17	d3c4	80	22
r1bqk2r/pp1pnppp/1bn1p3/8/4P3/PNN5/1PP2PPP/R1BQKB1R w KQkq - 5 8	c1g5	24	22
r1bqk2r/pp1pnppp/1bn1p3/8/4P3/PNN5/1PP1BPPP/R1BQK2R b KQkq - 6 8	e8g8	16	22
rn1q1rk1/pb2bppp/1p1ppn2/2P5/2P5/PP3NP1/4PPBP/RNBQ1RK1 b - - 0 9	b6c5	21	22
rn1q1rk1/pb2bppp/1p1pp3/2p5/2PPn3/PPN2NP1/1B2PPBP/R2Q1RK1 b - - 3 10	e4c3	-12	22
rn1q1rk1/pb2bppp/1p1pp3/2p5/2PPN3/PP3NP1/4PPBP/R1BQ1RK1 b - - 0 10	b7e4	1	22
r1b3k1/pp4bp/6p1/3Pp1q1/1pN2r2/3P4/1PP2PBP/R2Q1RK1 w - - 2 17	g1h1	-100	22
rn1q1rk1/pb2bppp/1p2pn2/2p5/2P5/PP3NP1/4PPBP/RNBQ1RK1 w - - 0 10	d1c2	12	22
rn1q1rk1/p3bppp/1p1pp3/2p5/2PPb3/PP3NP1/4PPBP/R1BQ1RK1 w - - 0 11	a1a2	5	22
r2q1rk1/pb1nbppp/1p1pp3/2p5/2PPN3/PP3NP1/1B2PPBP/R2Q1RK1 b - - 0 11	b7e4	-9	22
r2q1rk1/pb1nbppp/1p1pp3/2p5/2PPn3/PPN2NP1/1B2PPBP/R2Q1RK1 w - - 4 11	a1c1	13	22
r2q1rk1/p2nbppp/1p1pp3/2p5/2PPb3/PP3NP1/1B2PPBP/R2Q1RK1 w - - 0 12	f3e1	6	22
rn1q1rk1/p3bppp/1p1pp3/2p5/2PPb3/PP3NP1/1B2PPBP/R2Q1RK1 b - - 1 11	e7f6	9	22
rn1q1rk1/4bppp/1p1pp3/p1p5/2PPb3/PP3NP1/1B2PPBP/R2Q1RK1 w - - 0 12	d1d2	3	22
r2q1rk1/p2nbppp/1p1pp3/2p5/2PPb3/PP3NP1/1B1QPPBP/R4RK1 b - - 1 12	a8c8	-2	22
r2q1rk1/3nbppp/1p1pp3/p1p5/2PPb3/PP2QNP1/1B2PPBP/R4RK1 b - - 1 13	d6d5	16	22
r2q1rk1/3nbppp/1p2p3/p1pp4/2PPb3/PP2QNP1/1B2PPBP/R4RK1 w - - 0 14	a3a4	-15	22
r2q1rk1/3nbppp/1p6/p1pp4/3Pb3/PP2QNP1/1B2PPBP/R4RK1 w - - 0 15	a3a4	-18	22
r2q1rk1/3nbppp/1p1pp3/p1p5/2PPb3/PP3NP1/1B1QPPBP/R4RK1 w - - 0 13	f1d1	4	22
r2q1rk1/3nbppp/1p2p3/p1pP4/3Pb3/PP2QNP1/1B2PPBP/R4RK1 b - - 0 14	e6d5	17	22
r2q1rk1/3nbppp/1p6/2pp4/p2Pb3/PP2QNPB/1B2PP1P/R4RK1 w - - 0 16	d4c5	-16	22
r2q1rk1/3nbppp/1p6/p1pp4/3Pb3/PP2QNPB/1B2PP1P/R4RK1 b - - 1 15	f8e8	37	22
r2q1rk1/3nbppp/1p6/2pp4/P2Pb3/P3QNPB/1B2PP1P/R4RK1 b - - 0 16	c5c4	69	22
r2qr1k1/3nbppp/1p6/2pp4/P2PbQ2/P4NPB/1B2PP1P/R4RK1 b - - 2 17	c5c4	115	22
r2qk2r/2p1bppp/p2p1n2/1p2p3/3nP3/1BN1Q2P/PPPP1PP1/R1B1R1K1 b kq - 2 11	a6a5	43	22
r2qr1k1/3nbppp/1p6/2pp4/P2Pb3/P3QNPB/1B2PP1P/R4RK1 w - - 1 17	e3b3	-36	22
r2qr1k1/3nbppp/1p6/3p4/P1pPbQ2/P4NPB/1B2PP1P/R4RK1 w - - 0 18	f3e5	-126	22
r2q1rk1/2p1bppp/p2p1n2/1p2p3/3nP3/1BN1Q2P/PPPP1PP1/R1B1R1K1 w - - 3 12	c3e2	0	22
r2qk2r/pp2bppp/2npbn2/4p3/2B1P3/N1N2P2/PPP3PP/R1BQK2R w KQkq - 3 10	c3d5	39	22
r2qk2r/pp2bppp/2npbn2/3Np3/2B1P3/N4P2/PPP3PP/R1BQK2R b KQkq - 4 10	a7a6	-29	22
r1bqk2r/pp2pp1p/2np1np1/2p1P3/5P2/2PP2P1/P1P3BP/R1BQK1NR b KQkq - 0 8	d6e5	-3	22
r1bqk2r/pp2pp1p/2B2np1/2p1p3/5P2/2PP2P1/P1P4P/R1BQK1NR b KQkq - 0 9	b7c6	-5	22
r1bqk2r/p3pp1p/2p2np1/2p1P3/8/2PP2P1/P1P4P/R1BQK1NR b KQkq - 0 10	c8g4	3	22
r1bqk2r/pp2pp1p/2n2np1/2p1p3/5P2/2PP2P1/P1P3BP/R1BQK1NR w KQkq - 0 9	f4e5	10	22
r2qr1k1/3nbppp/1p6/3p4/P1pPbQ2/P3PNPB/1B3P1P/R4RK1 b - - 0 18	h7h5	547	22
r1b1k2r/p3pp1p/2p2np1/2pqP3/8/2PP2P1/P1P4P/R1BQK1NR w KQkq - 1 11	g1f3	17	22
r1bqk2r/p3pp1p/2p2np1/2p1p3/5P2/2PP2P1/P1P4P/R1BQK1NR w KQkq - 0 10	f4e5	-6	22
r1b1k2r/p3pp1p/2p2np1/2pqP3/8/2PP1NP1/P1P4P/R1BQK2R b KQkq - 2 11	c8g4	-45	22
r1b1k2r/p3pp1p/2p1q1p1/2pnP3/2P5/3P1NP1/P1P4P/R1BQ1RK1 b kq - 0 13	d5c7	-273	22
r1b1k2r/p3pp1p/2p1qnp1/2p1P3/8/2PP1NP1/P1P4P/R1BQK2R w KQkq - 3 12	c3c4	272	22
r1b1k2r/p3pp1p/2p1q1p1/2pnP3/8/2PP1NP1/P1P4P/R1BQ1RK1 w kq - 5 13	c3c4	289	22
r1b1k2r/p3pp1p/2p1q1p1/2p1P3/1nP5/3P1NP1/P1P4P/R1BQ1RK1 w kq - 1 14	c1e3	460	22
r1b1k2r/p3pp1p/2p3p1/2B1Pq2/1nP5/3P1NP1/P1P4P/R2Q1RK1 b kq - 0 15	b4a6	-346	22
r1b1k2r/p3pp1p/2p3p1/2p1Pq2/1nP5/3PBNP1/P1P4P/R2Q1RK1 w kq - 3 15	a2a3	530	22
r1b1k2r/p3pp1p/2p1qnp1/2p1P3/8/2PP1NP1/P1P4P/R1BQ1RK1 b kq - 4 12	f6d7	-230	22
r1b1k2r/p3pp1p/2p1q1p1/2p1P3/1nP5/3PBNP1/P1P4P/R2Q1RK1 b kq - 2 14	e6g4	-447	22
r1b1k2r/p3pp1p/n1p3p1/2B1Pq2/2P5/3P1NP1/P1P4P/R2Q1RK1 w kq - 1 16	c5e3	372	22
r2qr1k1/1bp1bpp1/p2p1n1p/np2p3/4P3/1B1P1NNP/PPP2PP1/R1BQR1K1 w - - 0 13	c2c4	-16	22
r2qr1k1/1bp1bpp1/p2p1n1p/1p2p3/4P3/1n1P1NNP/PPPB1PP1/R2QR1K1 w - - 0 14	a2b3	-13	22
r2qr1k1/1bp1bpp1/p2p1n1p/np2p3/4P3/1B1P1NNP/PPPB1PP1/R2QR1K1 b - - 1 13	a5b3	6	22
r1bq1rk1/ppbn1pp1/2p1pn1p/2Pp4/3P4/2N1PN2/PP2BPPP/R1BQR1K1 w - - 0 10	b2b4	-51	22
r1bq1rk1/ppbn1ppp/2p1pn2/2Pp4/3P4/2N1PN2/PP2BPPP/R1BQR1K1 b - - 2 9	e6e5	94	22
r1b1k2r/p3pp1p/n1p3p1/4Pq2/2P5/B2P1NP1/P1P4P/R2Q1RK1 b kq - 2 16	a6c7	-368	22
r1bq1rk1/ppbn1pp1/2p1pn1p/2Pp4/3P4/1PN1PN2/P3BPPP/R1BQR1K1 b - - 0 10	e6e5	77	22
r1bq1rk1/ppbn1pp1/2p2n1p/2Ppp3/3P4/1PN1PN2/P3BPPP/R1BQR1K1 w - - 0 11	d4e5	-69	22
r1bq1rk1/ppbn1pp1/2p2n1p/2Pp4/3Pp2N/1PN1P3/PB2BPPP/R2QR1K1 b - - 1 12	f8e8	263	22
r1bq1rk1/ppbn1pp1/2p2n1p/2Pp4/3Pp3/1PN1PN2/PB2BPPP/R2QR1K1 w - - 0 12	f3d2	-184	22
r1bq1rk1/ppbn1p2/2p2npp/2Pp4/3Pp2N/1PN1P3/PB2BPPP/2RQR1K1 b - - 1 13	f6h7	343	22
r1bq1rk1/ppbn1p1n/2p3pp/2Pp4/3Pp2N/1PN1P3/PB2BPPP/2RQR1K1 w - - 2 14	g2g3	-331	22
r1bq1rk1/ppbn1pp1/2p2n1p/2Ppp3/3P4/1PN1PN2/PB2BPPP/R2QR1K1 b - - 1 11	e5e4	208	22
r1bq1rk1/ppbn1p1n/2p3pp/2Pp4/3Pp2N/1PN1P1P1/PB2BP1P/2RQR1K1 b - - 0 14	d7f6	310	22
r1bq1rk1/ppbn1p2/2p2npp/2Pp4/3Pp2N/1PN1P3/PB2BPPP/R2QR1K1 w - - 0 13	g2g3	-235	22
r1bq1rk1/ppbn1p2/2p3pp/2Pp2n1/3Pp2N/1PN1P1P1/PB2BP1P/2RQR1K1 w - - 1 15	f2f3	-298	22
r1bq1rk1/ppb2p2/2p2npp/2Pp4/3Pp2N/1PN1P1Pn/PB2BPKP/2RQR3 b - - 6 17	g6g5	717	22
r2q1rk1/pbpnbppp/1p1pp3/8/2PPn3/PPN2NP1/4PPBP/R1BQ1RK1 w - - 3 10	c1b2	12	22
r1bq1rk1/ppb2p2/2p2npp/2Pp4/3Pp2N/1PN1P1Pn/PBQ1BPKP/2R1R3 w - - 5 17	f2f3	-512	22
r2q1rk1/pbpnbppp/1p1pp3/8/2PPn3/PPN2NP1/1B2PPBP/R2Q1RK1 b - - 4 10	e4c3	-6	22
r1bq1rk1/ppbn1p2/2p3pp/2Pp4/3Pp2N/1PN1P1Pn/PBQ1BPKP/2R1R3 b - - 4 16	d7f6	552	22
r1bq1rk1/ppbn1p2/2p3pp/2Pp2n1/3Pp2N/1PN1P1P1/PBQ1BP1P/2R1R1K1 b - - 2 15	g5h3	444	22
r1bqkb1r/5ppp/p2p4/1p1Pp3/3n4/N1P2P2/PP4PP/R1BQKB1R b KQkq - 0 11	d4f5	35	22
r1bq1rk1/pp3pbp/2np1np1/2p1p3/4P2P/2NP2P1/PPP1NPB1/R1BQ1RK1 w - - 0 9	c1g5	-18	22
r1bq1rk1/pp3pbp/2np1np1/2pNp3/4P2P/3P2P1/PPP1NPB1/R1BQ1RK1 b - - 1 9	f6d5	46	22
r1bqkb1r/5ppp/p2p4/1p1Ppn2/8/N1P2P2/PP4PP/R1BQKB1R w KQkq - 1 12	f1d3	-38	22
r1bq1rk1/pp2nppp/2n1p3/1BppP3/3P4/P1P5/2P2PPP/1RBQK1NR w K - 5 9	g1f3	55	22
r1bqk2r/pp2nppp/2n1p3/1BppP3/3P4/P1P5/2P2PPP/1RBQK1NR b Kkq - 4 8	d8a5	-13	22
r1bq1rk1/4bppp/p2p1n2/nppBp3/4P3/3P1N1P/PPPN1PP1/R1BQR1K1 b - - 1 11	f6d5	110	22
r1bq1rk1/4bppp/p2p4/nppnp3/4P3/3P1N1P/PPPN1PP1/R1BQR1K1 w - - 0 12	e4d5	-103	22
r1bq1rk1/ppbn1p2/2p3pp/2Pp4/3Pp2N/1PN1P1Pn/PBQ1BP1P/2R1R1K1 w - - 3 16	g1h1	-424	22
r1bq1rk1/4bppp/p2p4/nppPp3/8/3P1N1P/PPPN1PP1/R1BQR1K1 b - - 0 12	f7f5	102	22
r2q1rk1/1b2bppp/p2p4/n1pPp3/2p5/3P1N1P/PP1N1PP1/R1BQR1K1 w - - 0 14	d3c4	-43	22
r2q1rk1/1b2bppp/p2p4/nppPp3/8/3P1N1P/PPPN1PP1/R1BQR1K1 w - - 1 13	c2c4	-39	22
r2q1rk1/1b2bppp/p2p4/nppPp3/2P5/3P1N1P/PP1N1PP1/R1BQR1K1 b - - 0 13	b7c8	31	22
r1bqk2r/pp3ppp/2nBpn2/3p4/3P4/2P5/PP1NBPPP/R2QK1NR b KQkq - 0 8	d8d6	-20	22
r2q1rk1/1b2b1pp/p2p4/n1pPpp2/2P5/5N1P/PP1N1PP1/R1BQR1K1 w - - 0 15	a2a3	-28	22
r2q1rk1/1b2bppp/p2p4/n1pPp3/2P5/5N1P/PP1N1PP1/R1BQR1K1 b - - 0 14	b7c8	38	22
r1b1k2r/pp3ppp/2nqpn2/3p4/3P4/2P5/PP1NBPPP/R2QK1NR w KQkq - 0 9	g1f3	26	22
r1b1k2r/pp3ppp/2nqpn2/3p4/3P4/2P2N2/PP1NBPPP/R2QK2R b KQkq - 1 9	a7a5	-25	22
r1b2rk1/pp3ppp/2nqpn2/3p4/3P4/2P2N2/PP1NBPPP/R2QK2R w KQ - 2 10	e1g1	37	22
r1b2rk1/pp3ppp/2nq1n2/3pP3/8/2P2N2/PP1NBPPP/R2Q1RK1 b - - 0 11	c6e5	-34	22
r1b2rk1/pp3ppp/2nq1n2/3pp3/3P4/2P2N2/PP1NBPPP/R2Q1RK1 w - - 0 11	f3e5	36	22
r1b2rk1/pp3ppp/3q1n2/3pn3/8/2P2N2/PP1NBPPP/R2Q1RK1 w - - 0 12	f3e5	38	22
r1b2rk1/pp3ppp/2nqpn2/3p4/3P4/2P2N2/PP1NBPPP/R2Q1RK1 b - - 3 10	a7a5	-30	22
r4rk1/pp3ppp/3q1n2/3pn3/6b1/1QP2N2/PP1NBPPP/R4RK1 w - - 2 13	f1e1	24	22
r4rk1/pp1n1ppp/3q1n2/3p4/6b1/1QP2N2/PP1NBPPP/4RRK1 w - - 4 14	h2h3	18	22
r1b2rk1/pp3ppp/3q1n2/3pn3/8/1QP2N2/PP1NBPPP/R4RK1 b - - 1 12	f8e8	-28	22
r4rk1/pp1n1ppp/3q1n2/3p4/6b1/1QP2N1P/PP1NBPP1/4RRK1 b - - 0 14	g4h5	-16	22
r4rk1/pp3ppp/3q1n2/3pn3/6b1/1QP2N2/PP1NBPPP/4RRK1 b - - 3 13	f8e8	-15	22
r4rk1/pp3ppp/3q1n2/2np4/6b1/1QP2N1P/PP1NBPP1/4RRK1 w - - 1 15	b3a3	18	22
r4rk1/pp3ppp/3q1n2/2np4/6b1/Q1P2N1P/PP1NBPP1/4RRK1 b - - 2 15	g4d7	-18	22
r4rk1/pp3ppp/3q1n2/2np1b2/3N4/Q1P4P/PP1NBPP1/4RRK1 b - - 4 16	f5d7	-14	22
r4rk1/pp3ppp/3q1n2/2np1b2/8/Q1P2N1P/PP1NBPP1/4RRK1 w - - 3 16	d2b3	17	22
r6r/ppp1kppp/2p5/5b2/8/P1nP1N2/1BP2PPP/R3K2R b KQ - 1 12	c3b5	-11	22
r6r/ppp1kppp/2p5/3n1b2/8/P2P1N2/1BP2PPP/R3K2R w KQ - 2 13	b2g7	19	22
1rbqkb1r/1p3pp1/p1np1B1p/4p3/4P3/N1N5/PPP2PPP/R2QKB1R b KQk - 0 10	d8f6	-69	22
rn1q1rk1/pb3ppp/1p3n2/3pN3/2pP4/B1P1P3/P1B2PPP/R2Q1RK1 b - - 2 12	f8e8	-135	22
1rbqkb1r/1p3pp1/p1np1n1p/4p1B1/4P3/N1N5/PPP2PPP/R2QKB1R w KQk - 0 10	g5f6	45	22
rn1qr1k1/pb3ppp/1p3n2/3pN3/2pP4/B1P1P3/P1B2PPP/R2Q1RK1 w - - 3 13	f2f4	136	22
rn1q1rk1/pb3ppp/1p3n2/3pN3/2pP1P2/2P1P3/P1B3PP/R1BQ1RK1 b - - 0 12	b8d7	-145	22
r2q1rk1/pb3ppp/1pn2n2/3pN3/P1pP1P2/2P1P3/2B3PP/R1BQ1RK1 b - - 0 13	f8e8	-163	22
rn1qr1k1/pb3ppp/1p3n2/3pN3/2pP1P2/B1P1P3/P1B3PP/R2Q1RK1 b - - 0 13	b8d7	-135	22
r2qr1k1/pb3ppp/1pn2n2/3pN3/2pP1P2/B1P1P3/P1B3PP/R2Q1RK1 w - - 1 14	f1f3	211	22
r2q1rk1/pb3ppp/1pn2n2/3pN3/2pP1P2/2P1P3/P1B3PP/R1BQ1RK1 w - - 1 13	c1a3	195	22
r4rk1/pbq2ppp/1pn2n2/3pN3/P1pP1P2/2P1P3/2B3PP/R1BQ1RK1 w - - 1 14	c1a3	156	22
r2qr1k1/pb3ppp/1pn2n2/3pN3/2pP1P2/B1P1P3/P1B3PP/1R1Q1RK1 b - - 2 14	a8c8	-129	22
r3r1k1/pbq2ppp/1pn2n2/3pN3/P1pP1P2/B1P1P3/2B3PP/R2Q1RK1 w - - 3 15	d1e2	156	22
r3r1k1/pbq2ppp/1pn2n2/3pN3/2pP1P2/B1P1P3/P1B3PP/1R1Q1RK1 w - - 3 15	d1e2	126	22
r3r1k1/pbq2ppp/1pn2n2/3pN3/2pP1P2/B1P1P3/P1B3PP/1R2QRK1 b - - 4 15	f6e4	-70	22
r4rk1/pbq2ppp/1pn2n2/3pN3/P1pP1P2/B1P1P3/2B3PP/R2Q1RK1 b - - 2 14	f8e8	-163	22
3rr1k1/pbq2ppp/1pn2n2/3pN3/P1pP1P2/B1P1PQ2/2B3PP/4RRK1 b - - 6 16	f6e4	-79	22
r3r1k1/pbq2ppp/1pn2n2/3pN3/P1pP1P2/B1P1PQ2/2B3PP/R4RK1 b - - 4 15	f6e4	-86	22
r3r1k1/pbq2pp1/1pn2n1p/3pN3/2pP1P2/B1P1P3/P1B3PP/1R2QRK1 w - - 0 16	e1h4	194	22
3rr1k1/pbq2pp1/1pn2n1p/3pN3/2pP1P1Q/B1P1P3/P1B3PP/1R3RK1 w - - 2 17	f1f3	209	22
3rr1k1/pbq2ppp/1pn2n2/3pN3/P1pP1P2/B1P1PQ2/2B3PP/R4RK1 w - - 5 16	f3e2	123	22
r3r1k1/pbq2pp1/1pn2n1p/3pN3/2pP1P1Q/B1P1P3/P1B3PP/1R3RK1 b - - 1 16	f6e4	-210	22
3rr1k1/pbq2pp1/1pn2n1p/3pN3/2pP1PPQ/B1P1P3/P1B4P/1R3RK1 b - - 0 17	f6e4	-170	22
3rr1k1/pbq2pp1/1pn4p/3pN3/2pPnPPQ/B1P1P3/P1B4P/1R3RK1 w - - 1 18	c2e4	151	22
3rr1k1/1bq2ppp/ppn2n2/3pN3/P1pP1P2/B1P1PQ2/2B3PP/4RRK1 w - - 0 17	e1b1	128	22
3rr1k1/1bq2ppp/ppn5/3pN3/P1pPnP2/B1P1PQ1P/2B3P1/4RRK1 w - - 1 18	f3h5	146	22
3rr1k1/1bq2ppp/ppn2n2/3pN3/P1pP1P2/B1P1PQ1P/2B3P1/4RRK1 b - - 0 17	b7c8	-136	22
3rr1k1/pbq2pp1/1pn4p/3pN3/2pPBPPQ/B1P1P3/P6P/1R3RK1 b - - 0 18	d5e4	-207	22
r1b1k2r/pppq1ppp/2nb4/3p2B1/3P4/3B1N2/PPP2PPP/R2QK2R w KQkq - 3 10	e1g1	35	22
r1bqk2r/ppp2ppp/2nb4/3p2B1/3P4/3B1N2/PPP2PPP/R2QK2R b KQkq - 2 9	f7f6	8	22
3rr1k1/1bq2ppp/ppn5/3pN2Q/P1pPnP2/B1P1P2P/2B3P1/4RRK1 b - - 2 18	e4f6	-159	22
r1b1k2r/pppq1ppp/2nb4/3p2B1/3P4/3B1N2/PPP2PPP/R2Q1RK1 b kq - 4 10	e8g8	-35	22
r1b1k2r/ppp2ppp/2nb4/3p2B1/3P2q1/3B1N2/PPP2PPP/R2Q1RK1 w kq - 5 11	f1e1	203	22
r1b2k1r/ppp2ppp/2nb4/3p2Bq/3P4/3B1N1P/PPP1QPP1/R3R1K1 b - - 4 13	c8h3	0	22
r1b1k2r/ppp2ppp/2nb4/3p2B1/3P2q1/3B1N1P/PPP2PP1/R2Q1RK1 b kq - 0 11	g4h5	-186	22
r1b1k2r/ppp2ppp/2nb4/3p2Bq/3P4/3B1N1P/PPP2PP1/R2Q1RK1 w kq - 1 12	f1e1	195	22
r1b1k2r/ppp2ppp/2nb4/3p2Bq/3P4/3B1N1P/PPP2PP1/R2QR1K1 b kq - 2 12	e8f8	-193	22
r6r/ppp1kppp/2nbb3/3p3q/3P4/3BBN1P/PPP1QPP1/R3R2K b - - 8 15	e6h3	0	22
r6r/ppp1kppp/2nb4/3p3q/3P4/3BBN1b/PPP1QPP1/R3R2K w - - 0 16	g2h3	0	22
r6r/ppp1kppp/2nb4/3p3q/3P4/3BBN1P/PPP1QP2/R3R2K b - - 0 16	h5h3	0	22
r6r/ppp1kppp/2nb4/3p4/3P4/3BBN1q/PPP1QP2/R3R2K w - - 0 17	h1g1	0	22
r6r/ppp1kppp/2nb4/3p4/3P4/3BBN1q/PPP1QP2/R3R1K1 b - - 1 17	h3g4	0	22
r1b2k1r/ppp2ppp/2nb4/3p2Bq/3P4/3B1N1P/PPP2PP1/R2QR1K1 w - - 3 13	c2c3	185	22
r4k1r/ppp2ppp/2nbb3/3p2Bq/3P4/3B1N1P/PPP1QPP1/R3R1K1 w - - 5 14	e2e3	134	22
r1bqr1k1/pp3pbp/3p2p1/2p3B1/1nP1P1n1/2N2N2/PP2BPPP/RQ3RK1 b - - 7 13	f7f6	-23	22
r1bqr1k1/pp3pbp/3p2p1/2p5/1nP1P1n1/2N2N2/PP1BBPPP/RQ3RK1 b - - 7 13	b7b6	0	22
r1b1r1k1/pp3pbp/1q1p2p1/2p3B1/1nP1P1n1/2N2N2/PP2BPPP/RQ3RK1 w - - 8 14	a2a3	109	22
r1bqr1k1/pp3pbp/2np2p1/2p5/2P1P1n1/2N2N2/PP1BBPPP/RQ3RK1 w - - 8 14	b1c1	11	22
r4k1r/ppp2ppp/2nbb3/3p3q/3P4/3BBN1P/PPP1QPP1/R3R1K1 b - - 6 14	h7h6	-64	22
r6r/ppp1kppp/2nbb3/3p3q/3P4/3BBN1P/PPP1QPP1/R3R1K1 w - - 7 15	e2d2	154	22
r1bqr1k1/pp3pbp/2np2p1/2pN4/2P1P1n1/5N2/PP1BBPPP/RQ3RK1 b - - 9 14	g4f6	2	22
r1bqr1k1/pp3pbp/3p2p1/2pN4/2PnP1n1/5N2/PP1BBPPP/RQ3RK1 w - - 10 15	f3d4	30	22
r1b1r1k1/pp3pbp/1q1p2p1/2p3B1/1nP1P1n1/2N2N1P/PP2BPP1/RQ3RK1 b - - 0 14	g4f6	-92	22
r1bqr1k1/pp3pbp/3p2p1/2pN4/2PNP1n1/8/PP1BBPPP/RQ3RK1 b - - 0 15	c5d4	-48	22
r1b1r1k1/pp3pb1/1q1p2pp/2p3B1/1nP1P1n1/2N2N1P/PP2BPP1/RQ3RK1 w - - 0 15	g5f4	108	22
r1bqr1k1/pp3pbp/3p2p1/3N4/2PpP1n1/8/PP1BBPPP/RQ3RK1 w - - 0 16	e2g4	49	22
r1b1r1k1/pp3pb1/1q1p2pp/2p5/1nP1PBn1/2N2N1P/PP2BPP1/RQ3RK1 b - - 1 15	g6g5	-110	22
r1b1r1k1/pp3pb1/1q1p2pp/2p1n3/1nP1PB2/2N4P/PP1NBPP1/RQ3RK1 b - - 3 16	b4c6	-16	22
r1b1r1k1/pp3pb1/1q1p2pp/2p1n3/1nP1PB2/2N2N1P/PP2BPP1/RQ3RK1 w - - 2 16	f3e5	121	22
r1bqr1k1/pp3pbp/3p2p1/3N4/2PpPBn1/8/PP2BPPP/RQ3RK1 b - - 1 16	g4e5	-9	22
r1bqr1k1/pp3pbp/3p4/3N2p1/2PpPBn1/8/PP2BPPP/RQ3RK1 w - - 0 17	f4d2	88	22
r1bqr1k1/pp3pb1/3p2pp/2p1n3/1nP1PB2/2N4P/PP1NBPP1/RQ3R1K b - - 5 17	b4c6	8	22
r2qr1k1/pp3pb1/3pb1pp/2p1n3/1nP1PB2/2N4P/PP1NBPP1/RQ3R1K w - - 6 18	f4h2	56	22
r1bqr1k1/pp3pbp/3p4/3N2p1/2PpP1n1/6B1/PP2BPPP/RQ3RK1 b - - 1 17	f7f5	-53	22
r1bqr1k1/pp3pbp/3p1n2/3N2p1/2PpP3/6B1/PP2BPPP/RQ3RK1 w - - 2 18	e2d3	85	22
r1bqr1k1/pp3pb1/3p2pp/2p1n3/1nP1PB2/2N4P/PP1NBPP1/RQ3RK1 w - - 4 17	f4h2	49	22
r1bqr1k1/pp3pbp/3p1N2/6p1/2PpP3/6B1/PP2BPPP/RQ3RK1 b - - 0 18	d8f6	-53	22
r2qr1k1/pp3pb1/3pb1pp/2p1n3/1nP1P3/2N3BP/PP1NBPP1/RQ3R1K b - - 7 18	e5c6	-15	22
r1bqr1k1/pp3p1p/3p1b2/6p1/2PpP3/6B1/PP2BPPP/RQ3RK1 w - - 0 19	f2f4	54	22
rn2kb1r/pp2pppp/1qp2nb1/8/3P4/5NN1/PPP2PPP/R1BQKB1R b KQkq - 8 8	b8d7	10	22
r3kb1r/pp1npppp/1qp2nb1/8/3P4/5NN1/PPP2PPP/R1BQKB1R w KQkq - 9 9	h2h4	-10	22
r3r1k1/pp3pb1/3pb1pp/2p1n1q1/1nP1P3/2N3BP/PP1NBPP1/RQ1R3K b - - 9 19	f7f5	-40	22
r3kb1r/pp1npppp/1qp2nb1/8/3P4/3B1NN1/PPP2PPP/R1BQK2R b KQkq - 10 9	e7e6	12	22
r3kb1r/pp1npppp/1q3nb1/2p5/3P4/3B1NN1/PPP2PPP/R1BQK2R w KQkq - 0 10	d4d5	14	22
r3r1k1/pp3pb1/3pb1pp/2p1n1q1/1nP1P3/2N3BP/PP1NBPP1/RQ3R1K w - - 8 19	b1d1	35	22
r3kb1r/pp1npppp/1q3nB1/2p5/3P4/5NN1/PPP2PPP/R1BQK2R b KQkq - 0 10	h7g6	0	22
r3kb1r/pp1nppp1/1q3np1/2p5/3P4/5NN1/PPP2PPP/R1BQK2R w KQkq - 0 11	d4c5	-2	22
r3kb1r/pp2ppp1/1q3np1/2n5/8/5NN1/PPP2PPP/R1BQK2R w KQkq - 0 12	e1g1	0	22
r3kb1r/pp1nppp1/1q3np1/2P5/8/5NN1/PPP2PPP/R1BQK2R b KQkq - 0 11	b6c5	-1	22
3rkb1r/pp2ppp1/1q3np1/2n5/8/5NN1/PPP2PPP/R1BQ1RK1 w k - 2 13	d1e2	10	22
3rkb1r/pp2ppp1/1q3np1/2n5/8/5NN1/PPP1QPPP/R1B2RK1 b k - 3 13	e7e6	0	22
r3kb1r/pp2ppp1/1q3np1/2n5/8/5NN1/PPP2PPP/R1BQ1RK1 b kq - 1 12	e7e6	2	22
3rkb1r/pp3pp1/1q2pnp1/2n5/8/5NN1/PPP1QPPP/R1B2RK1 w k - 0 14	a2a3	0	22
3rkb1r/pp3pp1/1q2pnp1/2n5/8/P4NN1/1PP1QPPP/R1B2RK1 b k - 0 14	b6a6	3	22
3rkb1r/1p3pp1/1q2pnp1/p1n5/8/P4NN1/1PP1QPPP/R1B2RK1 w k - 0 15	b2b4	12	22
3rkb1r/1p3pp1/1q2pnp1/p1n1N3/8/P5N1/1PP1QPPP/R1B2RK1 b k - 1 15	a5a4	9	22
3rk2r/1p2bpp1/1q2pnp1/p1n1N3/8/P5N1/1PP1QPPP/R1B2RK1 w k - 2 16	b2b3	-6	22
r1bqr1k1/pp3p1p/3p1b2/6p1/2PpP3/6B1/PPQ1BPPP/R4RK1 b - - 1 19	c8d7	-68	22
3rk2r/1p2bpp1/q3pnp1/p1n5/2N5/P5N1/1PP1QPPP/R1B2RK1 w k - 4 17	a3a4	-4	22
3rk2r/1p2bpp1/1q2pnp1/p1n5/2N5/P5N1/1PP1QPPP/R1B2RK1 b k - 3 16	b6c7	28	22
3rk2r/1p2bpp1/q3pnp1/p1n5/2N5/P3B1N1/1PP1QPPP/R4RK1 b k - 5 17	h8h4	41	22
r1bqk2r/pppnbppp/4pn2/8/Q1p5/P4NP1/1P1PPPBP/RNB2RK1 b kq - 3 7	a7a6	22	22
r1bqk2r/pp1nbppp/4pn2/2p5/Q1p5/P4NP1/1P1PPPBP/RNB2RK1 w kq - 0 8	a4c4	-7	22
r1bqk2r/pp1nbppp/4pn2/2p5/2Q5/P4NP1/1P1PPPBP/RNB2RK1 b kq - 0 8	e8g8	3	22
r1b1k2r/1p1nbppp/pq2pn2/2p5/2QP4/P4NP1/1P2PPBP/RNB2RK1 w kq - 0 10	b1c3	77	22
r1b1k2r/pp1nbppp/1q2pn2/2p5/2QP4/P4NP1/1P2PPBP/RNB2RK1 b kq - 0 9	c5d4	-30	22
r1b1k2r/pp1nbppp/1q2pn2/2p5/2Q5/P4NP1/1P1PPPBP/RNB2RK1 w kq - 1 9	b1c3	70	22
r1b1k2r/1p1nbppp/pq2pn2/8/2Qp4/P4NP1/1P2PPBP/RNBR2K1 w kq - 0 11	f3d4	61	22
r1b2rk1/1p1nbppp/pq2pn2/8/2QN4/P5P1/1P2PPBP/RNBR2K1 w - - 1 12	b1c3	61	22
r1b1k2r/1p1nbppp/pq2pn2/8/2QN4/P5P1/1P2PPBP/RNBR2K1 b kq - 0 11	e8g8	-71	22
r1b2rk1/1p1nbppp/pq2pn2/8/2QN4/P1N3P1/1P2PPBP/R1BR2K1 b - - 2 12	d7e5	-69	22
r1b1k2r/1p1nbppp/pq2pn2/2p5/2QP4/P4NP1/1P2PPBP/RNBR2K1 b kq - 1 10	b6a7	-49	22
2b2rk1/rp2bppp/pq2pn2/4nN2/2Q5/P1N1B1P1/1P2PPBP/R2R2K1 b - - 6 14	e5c4	-268	22
2b2rk1/rp2bppp/pq2pn2/4n3/2QN4/P1N1B1P1/1P2PPBP/R2R2K1 w - - 5 14	d4c6	512	22
2b2rk1/rp1nbppp/pq2pn2/8/2QN4/P1N3P1/1P2PPBP/R1BR2K1 w - - 3 13	c1e3	514	22
rnbqr1k1/ppp2ppp/3b4/3p4/2PPn3/3BBN2/PP3PPP/RN1Q1RK1 b - - 0 9	d5c4	3	22
2b2rk1/rp1nbppp/pq2pn2/8/2QN4/P1N1B1P1/1P2PPBP/R2R2K1 b - - 4 13	d7e5	-521	22
rnbqr1k1/ppp2ppp/3b4/3p4/3Pn3/3BBN2/PPP2PPP/RN1Q1RK1 w - - 6 9	b1c3	0	22
r1b2rk1/p3nppp/2n1p3/qp1pP3/2pP4/P1P2N2/2PBBPPP/R1Q2RK1 w - - 0 12	f1e1	99	22
r1b2rk1/pp2nppp/2n1p3/q2pP3/2pP4/P1P2N2/2PBBPPP/R1Q2RK1 b - - 1 11	c8d7	-40	22
2b2rk1/rp2bppp/pB3n2/4np2/2Q5/P1N3P1/1P2PPBP/R2R2K1 b - - 0 15	e5c4	-484	22
r1b2rk1/p3nppp/2n1p3/qp1pP3/2pP1B2/P1P2N2/2P1BPPP/R1Q2RK1 b - - 1 12	a5c3	34	22
r1b2rk1/p3nppp/2n1p3/3pP3/p1pP1B2/2q2N2/2P1BPPP/R1Q2RK1 w - - 0 14	f4d2	0	22
r1b2rk1/p3nppp/2n1p3/1p1pP3/P1pP1B2/2q2N2/2P1BPPP/R1Q2RK1 b - - 0 13	c6d4	101	22
r1b2rk1/p3nppp/2n1p3/1p1pP3/2pP1B2/P1q2N2/2P1BPPP/R1Q2RK1 w - - 0 13	f4d2	-47	22
2b2rk1/rp2bppp/pq3n2/4np2/2Q5/P1N1B1P1/1P2PPBP/R2R2K1 w - - 0 15	e3b6	535	22
r1b2rk1/p3nppp/2n1p3/3pP3/p1pP1B2/2q2N2/2P1BPPP/R1QR2K1 b - - 1 14	a8b8	117	22
r1b2rk1/p3nppp/2n1p3/3pP3/pqpP1B2/5N2/2P1BPPP/R1QR2K1 w - - 2 15	c2c3	8	22
r1b2rk1/p3nppp/2n1p3/3pP3/p1pP1B2/2q2N2/2P1BPPP/1RQR2K1 w - - 4 16	f4d2	242	22
r1b2rk1/p3nppp/2n1p3/3pP3/pqpP1B2/5N2/2P1BPPP/1RQR2K1 b - - 3 15	b4a5	96	22
r4rk1/p2bnppp/2n1p3/3pP3/p1pP1B2/2q2N2/2P1BPPP/R1QR2K1 w - - 6 17	f4d2	116	22
rn1q1rk1/pb1pbppp/1p2pn2/2P5/2P5/5NP1/PP2PPBP/RNBQR1K1 b - - 0 8	b6c5	7	22
r1b2rk1/p3nppp/2n1p3/3pP3/p1pP1B2/2q2N2/2P1BPPP/R1QR2K1 b - - 5 16	a8b8	117	22
rnbq1rk1/ppp1bppp/4pn2/3P4/8/N4NP1/PP1PPPBP/R1BQK2R b KQ - 0 6	e6d5	9	22
rnbqk2r/ppp3pp/4pn2/3p1p2/3P1b2/4PNP1/PPP2PBP/RN1QK2R w KQkq - 0 7	e3f4	100	22
r4rk1/p2bnppp/2n1p3/3pP3/p1pP4/2q1BN2/2P1BPPP/R1QR2K1 b - - 7 17	f8b8	325	22
rn1q1rk1/pb1p1ppp/1p2pn2/2b5/2P5/5NP1/PP2PPBP/RNBQR1K1 w - - 0 9	b1c3	12	22
rnbqk2r/ppp3pp/3bpn2/3p1p2/3P3P/2N2NP1/PPP1PPB1/R1BQK2R b KQkq - 2 6	e8g8	20	22
rnbqk2r/ppp3pp/4pn2/3p1p2/3P1P2/5NP1/PPP2PBP/RN1QK2R b KQkq - 0 7	e8g8	-110	22
rnbq1rk1/ppp1bppp/5n2/3p4/8/N4NP1/PP1PPPBP/R1BQK2R w KQ - 0 7	e1g1	-14	22
rn1q1rk1/pb1p1ppp/1p2p3/2b5/2P1n3/2N2NP1/PP2PPBP/R1BQR1K1 w - - 2 10	c3e4	25	22
rnbqk2r/1pp3pp/p2bpn2/3p1p2/3P3P/2N2NP1/PPP1PPB1/R1BQK2R w KQkq - 0 7	c1f4	15	22
rnbqk2r/1pp3pp/p2bpn2/3p1p1P/3P4/2N2NP1/PPP1PPB1/R1BQK2R b KQkq - 0 7	h7h6	2	22
rn1q1rk1/pb1p1ppp/1p2pn2/2b5/2P5/2N2NP1/PP2PPBP/R1BQR1K1 b - - 1 9	d7d5	-18	22
rnbqk2r/1pp3p1/p2bpn1p/3p1p1P/3P4/2N2NP1/PPP1PPB1/R1BQK2R w KQkq - 0 8	c1f4	0	22
rn1q1rk1/pb1p1ppp/1p2p3/2b5/2P1N3/5NP1/PP2PPBP/R1BQR1K1 b - - 0 10	b7e4	-13	22
rnbq1rk1/1pp3p1/p2bpn1p/3p1p1P/3P4/2N1BNP1/PPP1PPB1/R2QK2R w KQ - 2 9	f3e5	-40	22
rnbqk2r/1pp3p1/p2bpn1p/3p1p1P/3P4/2N1BNP1/PPP1PPB1/R2QK2R b KQkq - 1 8	b8c6	59	22
rn1q1rk1/p2p1ppp/1p2p3/2b5/2P1b3/5NP1/PP2PPBP/R1BQR1K1 w - - 0 11	c1f4	13	22
rnb1qrk1/1pp3p1/p2bpn1p/3p1p1P/3P4/2N1BNP1/PPPQPPB1/R3K2R w KQ - 4 10	f3e5	-26	22
rnbq1rk1/1pp3p1/p2bpn1p/3p1p1P/3P4/2N1BNP1/PPPQPPB1/R3K2R b KQ - 3 9	c8d7	70	22
rnb1qrk1/1pp3p1/p2bpn1B/3p1p1P/3P4/2N2NP1/PPPQPPB1/R3K2R b KQ - 0 10	g7h6	291	22
rnb1qrk1/1pp5/p2bpn1Q/3p1p1P/3P4/2N2NP1/PPP1PPB1/R3K2R b KQ - 0 11	b8c6	294	22
rnb1qrk1/1pp5/p2bpn1p/3p1p1P/3P4/2N2NP1/PPPQPPB1/R3K2R w KQ - 0 11	d2h6	-278	22
r1b1qrk1/1ppn4/p2bpn1Q/3p1p1P/3P4/2N2NP1/PPP1PPB1/R3K2R w KQ - 1 12	g2h3	-304	22
r1b1qrk1/1ppn4/p2bpnQ1/3p1p1P/3P4/2N2NP1/PPP1PPB1/R3K2R b KQ - 2 12	e8g6	489	22
r1b1r1k1/1ppn4/p2bpnP1/3p1p2/3P4/2N2NPB/PPP1PP2/R3K2R b KQ - 2 14	g8g7	504	22
r1b1r1k1/1ppn4/p2bpnP1/3p1p2/3P4/2N2NP1/PPP1PPB1/R3K2R w KQ - 1 14	e2e3	-472	22
r1b2rk1/1ppn4/p2bpnq1/3p1p1P/3P4/2N2NP1/PPP1PPB1/R3K2R w KQ - 0 13	h5g6	-488	22
r1bq1rk1/ppp2ppp/2p2n2/4p3/4P3/P1P2N2/2PP1PPP/R1BQK2R w KQ - 1 8	d2d3	32	22
r1b1r3/1ppn2k1/p2bpnP1/3p1p2/3P4/2N2NPB/PPP1PP2/R3K2R w KQ - 3 15	e2e3	-501	22
r1b1kb1r/pp3ppp/1qn1pn2/2pp4/3P4/2P1P1B1/PP1N1PPP/R2QKBNR w KQkq - 2 7	d1b3	10	22
rn2kbnr/pp2pppp/1qp3b1/8/3P4/4B1N1/PPP2PPP/R2QKBNR w KQkq - 5 7	g1f3	20	22
rnbqkb1r/5ppp/p3pn2/1p6/2pP4/1BN1PN2/PP3PPP/R1BQ1RK1 w kq - 0 9	b3c2	62	22
r1bqkbnr/pp1p1ppp/4p3/8/3nP3/P7/1PP2PPP/RNBQKB1R w KQkq - 0 6	d1d4	71	22
rnbq1rk1/pp3ppp/2pb4/2Pp4/3Pn3/5N2/PP2BPPP/RNBQ1RK1 b - - 0 9	d6c7	28	22
r1bq1rk1/ppp2ppp/2p2n2/4p3/4P3/P1PP1N2/2P2PPP/R1BQK2R b KQ - 0 8	f8e8	-26	22
rn2kbnr/pp2pppp/1qp3b1/8/3P4/4BNN1/PPP2PPP/R2QKB1R b KQkq - 6 7	e7e6	-21	22
r1b1kb1r/pp3ppp/1qn1pn2/2pp4/3P4/2P1P1B1/PPQN1PPP/R3KBNR b KQkq - 3 7	c5d4	0	22
r1b1r3/1ppn2k1/p2bpnP1/3p1p2/3P3N/2N3PB/PPP1PP2/R3K2R b KQ - 4 15	e8h8	538	22
r1bqk2r/1p2bppp/p1nppn2/8/4PPP1/1NN5/PPP4P/R1BQKB1R w KQkq - 1 9	g4g5	35	22
r1b2rk1/1ppn4/p2bpnP1/3p1p2/3P4/2N2NP1/PPP1PPB1/R3K2R b KQ - 0 13	g8g7	464	22
rnbqkb1r/5ppp/p3pn2/1p6/2pP4/2N1PN2/PPB2PPP/R1BQ1RK1 b kq - 1 9	c8b7	-69	22
r1bq1rk1/2p1bppp/p1np1n2/1p2p3/3PP3/1BN2N2/PPP2PPP/R1BQR1K1 b - - 0 9	c6d4	193	22
rnbq1rk1/ppb2ppp/2p5/2Pp4/3Pn3/5N2/PP2BPPP/RNBQ1RK1 w - - 1 10	b1c3	-39	22
r1bq1rk1/p2nbppp/1pp1pn2/3p4/2PP4/1PN2NP1/P3PPBP/R1BQR1K1 b - - 3 9	c8a6	-12	22
r1b2rk1/p4ppp/1pnqpn2/2Pp4/8/2P1PN2/PP1NBPPP/R2Q1RK1 b - - 0 10	b6c5	18	22
r2q1rk1/2p1bppp/p1np1n2/1p2p3/3PP1b1/1BN2N2/PPP2PPP/R1BQR1K1 w - - 1 10	d4e5	-34	22
r1b2rk1/p4ppp/2nqpn2/2pp4/8/2P1PN2/PP1NBPPP/R2Q1RK1 w - - 0 11	f1e1	-14	22
r1bqk2r/1p2bppp/p1nppn2/6P1/4PP2/1NN5/PPP4P/R1BQKB1R b KQkq - 0 9	f6d7	-25	22
r1bqkbnr/pp1p1ppp/4p3/8/3QP3/P7/1PP2PPP/RNB1KB1R b KQkq - 0 6	d8c7	-69	22
r1bqk2r/1p1nbppp/p1npp3/6P1/4PP2/1NN5/PPP4P/R1BQKB1R w KQkq - 1 10	c1e3	38	22
r2q1rk1/2p1bppp/p1np1n2/1p2P3/4P1b1/1BN2N2/PPP2PPP/R1BQR1K1 b - - 0 10	c6e5	29	22
r1bq1rk1/3nbppp/1pp1pn2/p2p4/2PP4/1PN2NP1/PB2PPBP/R2QR1K1 b - - 1 10	c8a6	-36	22
r1b2rk1/p4ppp/2nqpn2/2pp4/8/2P1PN2/PPQNBPPP/R4RK1 b - - 1 11	f8d8	18	22
r2q1rk1/3nbppp/bpp1pn2/p7/2pP4/1PN2NP1/PB2PPBP/2RQR1K1 w - - 0 12	b3c4	6	22
rnbq1rk1/pp2bppp/5n2/2ppN3/8/2N3P1/PP1PPPBP/R1BQ1RK1 b - - 1 8	d5d4	79	22
r2q1rk1/3nbppp/bpp1pn2/p2p4/2PP4/1PN2NP1/PB2PPBP/2RQR1K1 b - - 3 11	b6b5	6	22
r2q1rk1/3nbppp/bpp1pn2/p2p4/2PP4/1PN2NP1/PB2PPBP/R2QR1K1 w - - 2 11	a2a3	25	22
r2q1rk1/3n1ppp/bpp1pn2/p7/1bpPP3/1PN2NP1/PB3PBP/2RQR1K1 w - - 1 13	b3c4	8	22
r1bqk2r/1p1nbppp/p1npp3/6P1/4PP2/1NN1B3/PPP4P/R2QKB1R b KQkq - 2 10	e6e5	-46	22
r2q1rk1/3nbppp/bpp1pn2/p7/2pPP3/1PN2NP1/PB3PBP/2RQR1K1 b - - 0 12	c4b3	84	22
r2q1rk1/3n1ppp/bpp1pn2/p7/1bPPP3/2N2NP1/PB3PBP/2RQR1K1 b - - 0 13	a6c4	-13	22
r2q1rk1/3n1ppp/1pp1pn2/p7/1bbPP3/2N2NP1/PB3PBP/2RQR1K1 w - - 0 14	a2a3	8	22
r2q1rk1/3n1ppp/1pp1pn2/p7/1bbPP3/P1N2NP1/1B3PBP/2RQR1K1 b - - 0 14	b4e7	-17	22
r2q1rk1/3nbppp/1pp1pn2/p7/2bPP3/P1N2NP1/1B3PBP/2RQR1K1 w - - 1 15	d4d5	11	22
r2q1rk1/3nbppp/1pp1pn2/p7/2bPP3/P4NP1/1B3PBP/1NRQR1K1 b - - 2 15	c4a6	52	22
r2q1rk1/3nbppp/2p1pn2/pp6/2bPP3/P4NP1/1B3PBP/1NRQR1K1 w - - 0 16	b1d2	65	22
r2q1rk1/3nbppp/2p1p3/pp1nP3/2bP4/P4NP1/1B1N1PBP/2RQR1K1 b - - 2 17	d5b6	231	22
rnbq1rk1/pp3ppp/4pn2/8/1PBp4/2N1P2P/1P3PP1/R1BQK1NR b KQ - 0 9	d4c3	10	22
r2q1rk1/3nbppp/2p1pn2/pp2P3/2bP4/P4NP1/1B3PBP/1NRQR1K1 b - - 0 16	f6d5	175	22
r2q1rk1/3nbppp/2p1p3/pp1nP3/2bP4/P4NP1/1B3PBP/1NRQR1K1 w - - 1 17	f3d2	-174	22
r2q1rk1/3nbppp/1np1p3/pp2P3/2bP4/P4NP1/1B1N1PBP/2RQR1K1 w - - 3 18	d2c4	-232	22
rnbQ1rk1/pp3ppp/4pn2/8/1PB5/2p1P2P/1P3PP1/R1B1K1NR b KQ - 0 10	f8d8	-1	22
rnbq1rk1/pp3ppp/4pn2/8/1PB5/2p1P2P/1P3PP1/R1BQK1NR w KQ - 0 10	d1b3	-5	22
rnbr2k1/pp3ppp/4pn2/8/1PB5/2p1P2P/1P3PP1/R1B1K1NR w KQ - 0 11	b2c3	-10	22
rnbr2k1/pp3ppp/4pn2/8/1PB5/2P1P2P/5PP1/R1B1K1NR b KQ - 0 11	c8d7	10	22
r4rk1/ppqbbppp/4pn2/2pp4/2P1PP2/3P2P1/PP4BP/RNBQ1RK1 b - - 0 10	d5e4	-18	22
rnbr2k1/pp3ppp/4p3/8/1PB1n3/2P1P2P/5PP1/R1B1K1NR w KQ - 1 12	c1b2	1	22
r4rk1/ppqbbppp/4pn2/2p5/2P1pP2/3P2P1/PP4BP/RNBQ1RK1 w - - 0 11	d3e4	13	22
r4rk1/ppqbbppp/4pn2/2p5/2P1PP2/6P1/PP4BP/RNBQ1RK1 b - - 0 11	d7c6	-21	22
r4rk1/ppq1bppp/2b1pn2/2p5/2P1PP2/2N3P1/PP4BP/R1BQ1RK1 b - - 2 12	a7a6	-23	22
r4rk1/ppq1bppp/2b1pn2/2p5/2P1PP2/6P1/PP4BP/RNBQ1RK1 w - - 1 12	d1e2	17	22
r2r2k1/pp2bppp/1qb1pn2/2p5/2P1PP2/2N3P1/PP2Q1BP/R1B2RK1 w - - 5 14	b2b3	70	22
r2r2k1/ppq1bppp/2b1pn2/2p5/2P1PP2/2N3P1/PP4BP/R1BQ1RK1 w - - 3 13	d1e2	38	22
r2r2k1/ppq1bppp/2b1pn2/2p5/2P1PP2/2N3P1/PP2Q1BP/R1B2RK1 b - - 4 13	a7a6	-39	22
r2r2k1/1p2bppp/pqb1pn2/2p5/2P1PP2/2N1B1P1/PP2Q1BP/R4RK1 w - - 0 15	g3g4	95	22
r2r2k1/1p1nbppp/pqb1p3/2p5/2P1PP2/2N1B1P1/PP2QRBP/R5K1 w - - 2 16	a1f1	53	22
r2r2k1/1p2bppp/pqb1pn2/2p5/2P1PP2/2N1B1P1/PP2QRBP/R5K1 b - - 1 15	f6d7	-52	22
r2r2k1/pp2bppp/1qb1pn2/2p5/2P1PP2/2N1B1P1/PP2Q1BP/R4RK1 b - - 6 14	d8d7	-63	22
r2r2k1/1p1nbppp/pqb1p3/2p5/2P1PP2/2N1B1P1/PP2QRBP/4R1K1 b - - 3 16	b6c7	-54	22
r2qk2r/pp1nbpp1/2p1pn1p/8/3P3P/2PN2N1/PP2QPP1/R1B1K2R w KQkq - 2 13	g3e4	14	22
r2r2k1/1p1nbppp/p1b1p3/q1p5/2P1PP2/2N3P1/PP1BQRBP/4R1K1 b - - 5 17	a5c7	-72	22
r2qkb1r/pp1n1pp1/2p1pn1p/8/3P3P/2PN2N1/PP2QPP1/R1B1K2R b KQkq - 1 12	d8a5	-10	22
r2qk2r/pp1nbpp1/2p1pn1p/8/3P1B1P/2PN2N1/PP2QPP1/R3K2R b KQkq - 3 13	e8g8	0	22
r2r2k1/1p1nbppp/p1b1p3/q1p5/2P1PP2/2N1B1P1/PP2QRBP/4R1K1 w - - 4 17	e3d2	66	22
r1bqk2r/1p3pbp/p1npp1p1/2pN4/P3P1Q1/3P2P1/1PP2PBP/R1B1K1NR b KQkq - 0 10	e6d5	5	22
r1bqk2r/1p3pbp/p1np2p1/2pp4/P3P1Q1/3P2P1/1PP2PBP/R1B1K1NR w KQkq - 0 11	g4d1	-2	22
r1bqk2r/1p3pbp/p1np2p1/2pp4/P3P3/3P2P1/1PP2PBP/R1BQK1NR b KQkq - 1 11	d5e4	5	22
r1bqk2r/1p3pbp/p1np2p1/2p5/P3p3/3P2P1/1PP2PBP/R1BQK1NR w KQkq - 0 12	d3e4	-8	22
r1bq1rk1/1p3pbp/p1np2p1/2p5/P3P3/6P1/1PP2PBP/R1BQK1NR w KQ - 1 13	g1e2	-3	22
r1bq1rk1/pp1nbpp1/2p2n1p/3p4/3P4/2N2NP1/PPQ1PPBP/R1BR2K1 b - - 1 10	a7a5	35	22
r1bqk2r/1p3pbp/p1np2p1/2p5/P3P3/6P1/1PP2PBP/R1BQK1NR b KQkq - 0 12	e8g8	5	22
r1bqr1k1/pp1nbpp1/2p2n1p/3p4/3P4/2N2NP1/PPQ1PPBP/R1BR2K1 w - - 2 11	c1f4	-28	22
r2q1rk1/1bp1bppp/p2p4/3Pp3/1p1P4/1P3N1P/1PP2PP1/R1BQR1K1 b - - 0 14	f7f6	64	22
r2q1rk1/1bp1b1pp/p2p1p2/3Pp3/1p1P4/1P3N1P/1PP2PP1/R1BQR1K1 w - - 0 15	c1d2	-40	22
r1b1kb1r/1p2pppp/pq1p4/3n4/4P1n1/1N6/PPPBQPPP/R3KB1R w KQkq - 0 11	e4d5	59	22
r3kb1r/1p2pppp/pq1pb3/4n3/4P1n1/1NN3Q1/PPPBBPPP/R3K2R b KQkq - 9 11	h7h5	-93	22
r3kb1r/1p1bpppp/pq1p4/8/1n2P1n1/1NN5/PPPBQPPP/2R1KB1R w Kkq - 8 11	h2h3	164	22
r3kb1r/1p2pppp/pq1pbn2/4n3/4P3/1NN3Q1/PPPBBPPP/R3K2R w KQkq - 10 12	f2f4	187	22
r1b1kb1r/1p2pppp/pq1p4/8/1n2P1n1/1NN5/PPPBQPPP/2R1KB1R b Kkq - 7 10	g4f6	-68	22
r1b1kb1r/1p2pppp/pq1p4/3P4/6n1/1N6/PPPBQPPP/R3KB1R b KQkq - 0 11	g4f6	-65	22
r3kb1r/1p1bpppp/pq1p4/3P4/6n1/1N6/PPPBQPPP/R3KB1R w KQkq - 1 12	d2a5	133	22
r3kb1r/1p2pppp/p1qpbn2/4n3/4PQ2/1NN5/PPPBBPPP/R4RK1 b kq - 13 13	e6c4	-29	22
r3kb1r/1p2pppp/pq1pbn2/4n3/4P3/1NN3Q1/PPPBBPPP/R4RK1 b kq - 11 12	h7h5	-70	22
r3kb1r/1p2pppp/p1qpbn2/4n3/4P3/1NN3Q1/PPPBBPPP/R4RK1 w kq - 12 13	b3d4	282	22
r3kb1r/1p1bpppp/pq1p4/3P4/6n1/1N3P2/PPPBQ1PP/R3KB1R b KQkq - 0 12	g4f6	-113	22
2r1kb1r/1p2pppp/pq1p4/1b1P4/2P3n1/1N3P2/PP1BQ1PP/R3KB1R w KQk - 1 14	c4b5	776	22
r3kb1r/1p2pppp/pq1p4/1b1P4/6n1/1N3P2/PPPBQ1PP/R3KB1R w KQkq - 1 13	c2c4	648	22
2r1kb1r/1p2pppp/pq1p4/1P1P4/6n1/1N3P2/PP1BQ1PP/R3KB1R b KQk - 0 14	g4f6	-764	22
r3kb1r/1p2pp1p/p1qpbn2/4n1p1/4PQ2/1NN5/PPPBBPPP/R4RK1 w kq - 0 14	f4g5	82	22
2r1kb1r/1p2pppp/pq1p4/1P1Pn3/8/1N3P2/PP1BQ1PP/R3KB1R w KQk - 1 15	b5a6	807	22
r3kb1r/1p2pp1p/p1qpbn2/6p1/2n1P3/1NN1Q3/PPPBBPPP/R4RK1 w kq - 2 15	e3g5	88	22
2r1kb1r/1p2pppp/Pq1p4/3Pn3/8/1N3P2/PP1BQ1PP/R3KB1R b KQk - 0 15	b7a6	-791	22
r3kb1r/1p2pppp/pq1p4/1b1P4/2P3n1/1N3P2/PP1BQ1PP/R3KB1R b KQkq - 0 13	g4f6	-665	22
r3kb1r/1p2pp1p/p1qpbn2/6Q1/2n1P3/1NN5/PPPBBPPP/R4RK1 b kq - 0 15	f6e4	-92	22
r3kb1r/1p2pp1p/p1qpbn2/4n1p1/4P3/1NN1Q3/PPPBBPPP/R4RK1 b kq - 1 14	h8g8	-19	22
2r1kb1r/1p2pppp/Pq1p4/3P4/2n5/1N3P2/PP1BQ1PP/R3KB1R w KQk - 1 16	a1c1	920	22
r3kb1r/1p2pp1p/p1qpb3/6Q1/2n1n3/1NN5/PPPBBPPP/R4RK1 w kq - 0 16	c3e4	96	22
2r1kb1r/1p2pppp/Pq1p4/3P4/2n5/1N3P2/PP1BQ1PP/2R1KB1R b Kk - 2 16	b6a6	-924	22
r3kb1r/1p2pp1p/p1qpb3/6Q1/2n1N3/1N6/PPPBBPPP/R4RK1 b kq - 0 16	c6e4	-104	22
2r1kb1r/1p2pppp/q2p4/3P4/2n5/1N3P2/PP1BQ1PP/2R1KB1R w Kk - 0 17	c1c4	925	22
2r1kb1r/1p2pppp/q2p4/3P4/2R5/1N3P2/PP1BQ1PP/4KB1R b Kk - 0 17	a6c4	-915	22
r3kb1r/1p2pp1p/p2pb3/6Q1/2n1q3/1N1B4/PPPB1PPP/R4RK1 b kq - 1 17	e4d5	-17	22
r3kb1r/1p2pp1p/p2pb3/3q2Q1/2B5/1N6/PPPB1PPP/R4RK1 b kq - 0 18	d5g5	92	22
2r2b1r/1p1kpppp/q2p4/3P4/2R5/1N3P2/PP1BQ1PP/4KB1R w K - 1 18	e2e4	1116	22
r3kb1r/1p2pp1p/p2pb3/3q2Q1/2n5/1N1B4/PPPB1PPP/R4RK1 w kq - 2 18	g5f4	8	22
2R2b1r/1p1kpppp/q2p4/3P4/8/1N3P2/PP1BQ1PP/4KB1R b K - 0 18	a6e2	-894	22
r3kb1r/1p2pp1p/p2pb3/6Q1/2n1q3/1N6/PPPBBPPP/R4RK1 w kq - 0 17	d2c3	85	22
rnbq1rk1/pp3pp1/3b3p/3p4/3P4/2PB1N2/P4PPP/R1BQ1RK1 b - - 1 12	f8e8	-2	22
r1bq1rk1/ppp1bppp/4p3/3pP3/2PQ2n1/6P1/PP2PPBP/RNB2RK1 b - - 2 9	h7h5	-99	22
r1b1k2r/ppppqppp/2n2n2/5N2/1b2P3/3Q4/PPPB1PPP/RN2KB1R b KQkq - 6 7	e7e4	27	22
r1bq1rk1/ppp1bpp1/4p3/3pP2p/2PQ2n1/6P1/PP2PPBP/RNB2RK1 w - - 0 10	c4d5	93	22
r1b1k2r/pppp1ppp/2n2n2/5N2/1b2q3/3Q4/PPPB1PPP/RN2KB1R w KQkq - 0 8	d3e4	-27	22
r1b1k2r/pppp1ppp/2n2n2/5N2/1b2Q3/8/PPPB1PPP/RN2KB1R b KQkq - 0 8	f6e4	23	22
r1b1k2r/pppp1ppp/2n5/5N2/1b2n3/8/PPPB1PPP/RN2KB1R w KQkq - 0 9	f5g7	-22	22
r1b1k2r/pppp1pNp/2n5/8/1b2n3/8/PPPB1PPP/RN2KB1R b KQkq - 0 9	e8d8	18	22
r1bk3r/pppp1pNp/2n5/8/1b2n3/8/PPPB1PPP/RN2KB1R w KQ - 1 10	d2b4	-21	22
rnbq1rk1/pp3ppp/2pb4/3p4/3Pn3/1QP2N1P/PP2BPP1/RNB1K2R w KQ - 0 10	e1g1	-10	22
rnbq1rk1/ppp2ppp/3b4/3p4/3Pn3/1QP2N1P/PP2BPP1/RNB1K2R b KQ - 4 9	c7c5	83	22
rnbq1rk1/pp3ppp/2pb4/3p4/3P4/1QP2N1P/PP1nBPP1/R1B1K2R w KQ - 0 11	c1d2	-2	22
rnbq1rk1/pp3ppp/2pb4/3p4/3P4/1QP2N1P/PP1BBPP1/R3K2R b KQ - 0 11	f8e8	0	22
rnbqr1k1/pp3ppp/2pb4/3p4/3P4/1QP2N1P/PP1BBPP1/R3K2R w KQ - 1 12	d2e3	-3	22
rnbqr1k1/pp3ppp/2pb4/3p4/3P4/1QP2N1P/PP1BBPP1/R4K1R b - - 2 12	b8d7	87	22
rnbq1rk1/pp3ppp/2pb4/3p4/3Pn3/1QP2N1P/PP1NBPP1/R1B1K2R b KQ - 1 10	f8e8	62	22
r1b1r1k1/pp1nqppp/2pb4/3p4/2PP4/1Q3N1P/PP1BBPP1/R4K1R w - - 1 14	a1e1	-32	22
r1bqr1k1/pp1n1ppp/2pb4/3p4/3P4/1QP2N1P/PP1BBPP1/R4K1R w - - 3 13	e2d3	-70	22
r1b1r1k1/pp1nqppp/2pb4/3p4/2PP4/1Q3N1P/PP1BBPP1/4RK1R b - - 2 14	d7f6	42	22
r1bqr1k1/pp1n1ppp/2pb4/3p4/2PP4/1Q3N1P/PP1BBPP1/R4K1R b - - 0 13	d7f6	115	22
r1b1rqk1/pp1n1Bpp/2pb4/8/3P4/1Q3N1P/PP1B1PP1/4RK1R b - - 0 16	f8f7	-524	22
r1b1r1k1/pp1n1qpp/2pb4/8/3P4/1Q3N1P/PP1B1PP1/4RK1R w - - 0 17	e1e8	522	22
r1b1rqk1/pp1n1ppp/2pb4/8/2BP4/1Q3N1P/PP1B1PP1/4RK1R w - - 1 16	c4f7	535	22
r1b1Rnk1/pp3Qpp/2pb4/8/3P4/5N1P/PP1B1PP1/5K1R b - - 0 18	g8f7	-562	22
r1b1R1k1/pp1n1qpp/2pb4/8/3P4/1Q3N1P/PP1B1PP1/5K1R b - - 0 17	d7f8	-511	22
r1b1Rnk1/pp3qpp/2pb4/8/3P4/1Q3N1P/PP1B1PP1/5K1R w - - 1 18	b3f7	572	22
r1b1r1k1/pp1nqppp/2pb4/8/2pP4/1Q3N1P/PP1BBPP1/4RK1R w - - 0 15	e2c4	664	22
r1bqk2r/pp3ppp/2nbpn2/1B1p4/3p1B2/2P1P2N/PP1N1PPP/R2QK2R w KQkq - 0 8	e3d4	-19	22
r1bqk2r/pp3ppp/2Bbpn2/3p4/3p1B2/2P1P2N/PP1N1PPP/R2QK2R b KQkq - 0 8	b7c6	42	22
r1bqk2r/p4ppp/2pbpn2/3p4/3p1B2/2P1P2N/PP1N1PPP/R2QK2R w KQkq - 0 9	c3d4	-42	22
r1bqk2r/p4ppp/2pbpn2/3p4/3P1B2/4P2N/PP1N1PPP/R2QK2R b KQkq - 0 9	c6c5	49	22
r1bq1rk1/2p1bppp/p1np1n2/1p2p3/4P3/1BN2N2/PPPPQPPP/R1B1R1K1 b - - 3 9	c8g4	39	22
r2q1rk1/2p1bppp/p1np1n2/1p2p3/4P1b1/1BN2N2/PPPPQPPP/R1B1R1K1 w - - 4 10	e2d3	-46	22
r1b1k2r/p3nppp/1pn1p3/2RpP3/3P4/q1P5/2PB1PPP/3QKBNR w Kkq - 0 11	c5b5	-29	22
r1b1k2r/pp2nppp/2n1p3/2RpP3/3P4/q1P5/2PB1PPP/3QKBNR b Kkq - 0 10	a7a6	102	22
r1b1k2r/pp2nppp/2n1p3/1RppP3/3P4/q1P5/2PB1PPP/3QKBNR w Kkq - 0 10	h2h4	-43	22
r1b1k2r/p3nppp/1pn1p3/1R1pP3/3P4/q1P5/2PB1PPP/3QKBNR b Kkq - 1 11	c8a6	39	22
r3k2r/p3nppp/bpn1p3/1R1pP3/3P4/q1P5/2PB1PPP/3QKBNR w Kkq - 2 12	b5b1	-21	22
r3k2r/p3nppp/bpn1p3/3pP3/3P4/qRP5/2PB1PPP/3QKBNR b Kkq - 3 12	a3a4	36	22
r3k2r/p3nppp/1pn1p3/3pP3/3P4/qRP5/2PB1PPP/3QKbNR w Kkq - 0 13	b3a3	401	22
r3k2r/p3nppp/1pn1p3/3pP3/3P4/R1P5/2PB1PbP/3QK1NR w Kkq - 0 14	d1g4	384	22
rn1qkbnr/pp3ppp/2p1p3/3pPb2/3P4/2P2N2/PP3PPP/RNBQKB1R b KQkq - 0 5	c6c5	-34	30
r2qkbnr/pp1n1ppp/4p3/1BppPb2/3P4/5N2/PPPN1PPP/R1BQ1RK1 b kq - 3 7	a7a6	-5	30
rn1qkb1r/pp2pppp/2p2nb1/8/3P1B2/5NN1/PPP2PPP/R2QKB1R b KQkq - 6 7	b8d7	-26	30
rn1qkbnr/pp2ppp1/2p3bp/8/3P3P/5NN1/PPP2PP1/R1BQKB1R b KQkq - 1 7	b8d7	-22	30
r2qkb1r/pp1npppp/2p2nb1/8/3P3P/2P3N1/PP2NPP1/R1BQKB1R b KQkq - 0 8	h7h6	-22	30
rn1qkbnr/pp2pppp/2p3b1/8/3P1B2/6N1/PPP2PPP/R2QKBNR b KQkq - 4 6	g8f6	-23	30
r1bqkb1r/pp3ppp/5n2/3pn3/8/2PB4/PP2NPPP/RNBQK2R w KQkq - 0 8	e1g1	-16	30
r1bqkb1r/pp2pppp/2n2n2/3p4/3P4/2PB4/PP2NPPP/RNBQK2R b KQkq - 2 6	e7e5	8	30
r1bqkb1r/pp2pppp/2n2n2/3p4/3P4/2PB4/PP1N1PPP/R1BQK1NR b KQkq - 2 6	c8g4	-9	30
r1bqkb1r/pp2pppp/2n2n2/3p4/3P4/2PB3P/PP3PP1/RNBQK1NR b KQkq - 0 6	e7e5	-8	30
r3kb1r/pp1qpppp/2n2n2/3p4/3P1Bb1/1QPB3P/PP3PP1/RN2K1NR b KQkq - 0 8	g4h5	-14	30
r1bqkb1r/pp2pppp/2n2n2/3p2B1/3P4/2PB4/PP3PPP/RN1QK1NR b KQkq - 2 6	d8b6	-2	30
r1bq1rk1/pp1nbpp1/2p1pn1p/3p4/2PP4/5NP1/PPQ1PPBP/RNBR2K1 w - - 2 9	b1d2	41	30
rnbq1rk1/pp2bpp1/2p1pn1p/3p4/2PP4/5NP1/PPQ1PPBP/RNB2RK1 w - - 0 8	f1d1	44	30
rnbq1rk1/p3bppp/1pp1pn2/3p4/2PP4/1P3NP1/P3PPBP/RNBQ1RK1 w - - 0 8	b1c3	26	30
rnbqk2r/ppp3pp/4pn2/3p1p2/1b1P4/1PP2NP1/P3PPBP/RNBQK2R b KQkq - 0 6	b4d6	-25	30
rnbqk2r/pp4pp/2pbpn2/3p1p2/2PP4/2N2NP1/PP2PPBP/R1BQ1RK1 b kq - 1 7	e8g8	-40	30
rnbqk2r/ppp3pp/3bpn2/3p1p2/2PP4/5NP1/PP2PPBP/RNBQ1RK1 b kq - 0 6	c7c6	-38	30
rnbqk2r/ppp3pp/3bpn2/3p1p2/2PP4/1P3NP1/P3PPBP/RNBQK2R b KQkq - 0 7	f6e4	-24	30
r1bq1rk1/pp2ppbp/2np1np1/2pP4/2P5/2N2NP1/PP2PPBP/R1BQ1RK1 b - - 0 8	c6a5	-28	30
r1bqk2r/pp1pppbp/2n2np1/2p5/2P5/2N2NP1/PP1PPPBP/R1BQ1RK1 b kq - 5 6	d7d6	-30	30
r1bq1rk1/pp1pppbp/2n2np1/2p5/2PP4/2N1PNP1/PP3PBP/R1BQK2R b KQ - 0 7	d7d5	24	30
r1bqk2r/pppp1ppp/2n2n2/1B2p3/1b2P3/2NP1N2/PPP2PPP/R1BQK2R b KQkq - 0 5	c6d4	-1	30
r1bq1rk1/pp1pppbp/2n2np1/2p5/2P5/2NP1NP1/PP2PPBP/R1BQ1RK1 b - - 2 7	d7d5	-7	30
r3kbnr/pp1b1ppp/1qn1p3/3pP3/3P4/5N1P/PP2BPP1/RNBQK2R b KQkq - 0 8	g8h6	0	30
r1bqk2r/pppp1ppp/5n2/4p3/Bb1nP3/2NP1N2/PPP2PPP/R1BQK2R b KQkq - 2 6	c7c6	-2	30
r1b1kbnr/pp3ppp/1qn1p3/3pP3/3P4/5N2/PP2BPPP/RNBQK2R b KQkq - 0 7	g8h6	-14	30
rnbqkb1r/pp1n1ppp/4p3/3pP3/3Q1P2/2N1B3/PPP3PP/R3KBNR b KQkq - 0 7	b8c6	-20	30
rnbqkb1r/pp1n1ppp/4p3/2ppP3/3P1P2/2NB4/PPP3PP/R1BQK1NR b KQkq - 1 6	c5d4	27	30
r1bqk2r/pp1n1ppp/2n1p3/2bpP3/5P2/2NB4/PPP3PP/R1BQK1NR w KQkq - 0 8	d1e2	-16	30
rnbqk2r/pp2nppp/4p3/2ppP3/3P4/P1P2N2/2P2PPP/R1BQKB1R b KQkq - 2 7	b7b6	-27	30
rnbq1rk1/ppp1ppbp/6p1/8/3PP3/2P5/P3BPPP/1RBQK1NR b K - 4 8	c7c5	-15	30
r1bqk2r/pp2nppp/2n1p3/2ppP3/P2P4/2P2N2/2P2PPP/R1BQKB1R b KQkq - 2 8	d8a5	-33	30
rnbqk2r/ppp1ppbp/6p1/8/3PP3/2P1B3/P4PPP/R2QKBNR b KQkq - 2 7	c7c5	-13	30
rnbqk2r/ppp1ppbp/6p1/8/3PP3/2P5/P4PPP/1RBQKBNR b Kkq - 2 7	c7c5	-21	30
rnbqk2r/ppp1ppbp/6p1/8/3PP3/2P2N2/P4PPP/R1BQKB1R b KQkq - 2 7	c7c5	-17	30
rn1qk2r/pp2ppbp/6p1/2p5/3PP1b1/2P1BN2/P4PPP/2RQKB1R b Kkq - 3 9	e8g8	-18	30
r1bqk2r/1pp2pp1/p1np1n1p/2b1p3/4P3/1BPP1N2/PP3PPP/RNBQR1K1 b kq - 1 8	e8g8	-10	30
rnbq1rk1/ppp2pbp/3p1np1/8/2PNP3/2N1B3/PP2BPPP/R2QK2R b KQ - 0 8	f8e8	-23	30
rnbq1rk1/ppp2pbp/3p1np1/3Pp3/2P1P3/2N2N2/PP2BPPP/R1BQK2R b KQ - 0 7	a7a5	-41	30
r1bqkb1r/pp3ppp/2n1pn2/2pp4/3P1B2/2P1P2P/PP1N1PP1/R2QKBNR b KQkq - 0 6	f8d6	6	30
r1bqkb1r/pp3ppp/2n1pn2/2pp4/3P1B2/2PBP3/PP1N1PPP/R2QK1NR b KQkq - 1 6	f8d6	-4	30
r1b2rk1/pp3ppp/2nqpn2/2pp4/3P4/2P1PN2/PP1NBPPP/R2QK2R w KQ - 2 9	e1g1	-1	30
r1b1k2r/pp3ppp/2nqpn2/2pp4/3P4/2P1PN2/PP1NBPPP/R2QK2R b KQkq - 1 8	e8g8	5	30
rnbq1rk1/ppp2ppp/5n2/3p4/1b1P4/2NBP3/PP3PPP/R1BQK1NR w KQ - 0 7	g1f3	0	30
rnbq1rk1/ppp2ppp/3b1n2/3p4/3P4/2NBP3/PP2NPPP/R1BQ1RK1 b - - 3 8	f8e8	0	30
rnbq1rk1/ppp2ppp/4pn2/3p4/1bPP4/2NBPN2/PP3PPP/R1BQK2R b KQ - 1 6	b7b6	-7	30
rnbqk2r/ppp2ppp/3b4/8/3Pp3/5N2/PPP2PPP/R1BQKB1R w KQkq - 0 8	f3g5	0	30
rnbqkb1r/ppp2ppp/8/3p4/3Pn3/4BN2/PPP2PPP/RN1QKB1R b KQkq - 1 6	f8e7	4	30
rnbqkb1r/ppp2ppp/8/3p4/3Pn3/5N2/PPPN1PPP/R1BQKB1R b KQkq - 1 6	c8f5	7	30
rnbqk2r/ppp2ppp/3b4/3p4/2PPn3/5N2/PP2BPPP/RNBQK2R b KQkq - 0 7	c7c6	-5	30
rnbqk2r/ppp2ppp/3b4/3p4/3Pn3/3B1N2/PPPN1PPP/R1BQK2R b KQkq - 3 7	e8g8	0	30
rnbq1rk1/ppp1ppbp/3p1np1/8/3PP3/2N2N2/PPP1BPPP/R1BQ1RK1 b - - 5 6	e7e5	-22	30
rnbqkb1r/5ppp/p3pn2/1pp5/3P4/1BN1PN2/PP3PPP/R1BQ1RK1 b kq - 1 8	c8b7	-18	30
rn1q1rk1/pbppbppp/1p2pn2/8/2PP4/P4NP1/1P2PPBP/RNBQ1RK1 b - - 2 7	d7d6	-11	30
rn1qk2r/pbppbppp/1p2pn2/8/2PP4/5NP1/PP2PPBP/RNBQ1RK1 b kq - 4 6	e8g8	-25	30
rnbqk2r/ppp1bppp/4pn2/3p4/2P5/5NP1/PPQPPPBP/RNB1K2R b KQkq - 4 5	d5d4	23	30
rnbqk2r/ppp1bppp/4pn2/8/2Pp4/5NP1/PPQPPPBP/RNB1K2R w KQkq - 0 6	e2e3	-24	30
rnbq1rk1/ppp1bppp/4pn2/3pN3/2P5/6P1/PP1PPPBP/RNBQ1RK1 b - - 6 6	c7c5	6	30
rnbqk2r/ppp1bppp/4pn2/8/2Pp4/4PNP1/PPQP1PBP/RNB1K2R b KQkq - 0 6	c7c5	20	30
r1bqk2r/2p1bppp/p1np1n2/1p2p3/4P3/1B3N1P/PPPP1PP1/RNBQR1K1 b kq - 0 8	c6a5	22	30
r1bq1rk1/2p1bppp/p2p1n2/np2p3/4P3/1BNP1N2/PPP2PPP/R1BQR1K1 w - - 3 10	c1d2	-10	30
r1bq1rk1/2p1bppp/p1np1n2/3Np3/Pp2P3/1B3N2/1PPP1PPP/R1BQR1K1 b - - 1 10	c6a5	0	30
r1bq1rk1/2p1bppp/p2p1n2/np2p3/4P3/1B1P1N1P/PPPN1PP1/R1BQR1K1 b - - 2 10	c7c5	24	30
r1bqk2r/2p1bppp/p2p1n2/np2p3/4P3/1BNP1N2/PPP2PPP/R1BQR1K1 b kq - 2 9	e8g8	11	30
r1bqk2r/2p1bppp/p1np1n2/1p2p3/4P3/PB3N2/1PPP1PPP/RNBQR1K1 b kq - 0 8	e8g8	-5	30
r1bq1rk1/2p1bppp/p2p1n2/np2p3/4P3/P2P1N2/BPP2PPP/RNBQR1K1 b - - 2 10	c7c5	1	30
r1bqk2r/p1pp1ppp/2p2n2/8/1b2P3/2NB4/PPP2PPP/R1BQK2R b KQkq - 1 7	d7d5	-4	30
r1bqkb1r/ppp2ppp/2n2n2/3p4/3NP3/5P2/PPP3PP/RNBQKB1R w KQkq - 0 6	b1c3	-18	30
r1bqk2r/pppp1ppp/1bn2n2/8/4P3/1NN2P2/PPP3PP/R1BQKB1R b KQkq - 4 7	a7a5	31	30
r1bqkb1r/pp1n1ppp/2p1pn2/3p4/2PP4/2N1PN2/PP2BPPP/R1BQK2R b KQkq - 2 6	f8d6	-13	30
r1bqk2r/pp1n1ppp/2pbpn2/3p4/2PP4/2N1PN2/PP2BPPP/R1BQ1RK1 b kq - 4 7	e8g8	-9	30
r1bqkb1r/pp3ppp/2np1n2/4p3/4P3/1NN2P2/PPP3PP/R1BQKB1R b KQkq - 1 7	f8e7	-22	30
rnbqk2r/pp2bppp/3pp3/3nP3/2BP4/5N2/PP3PPP/RNBQK2R w KQkq - 1 8	e1g1	16	30
r2qkb1r/pp3ppp/2npbn2/3Np3/4P3/1N3P2/PPP3PP/R1BQKB1R b KQkq - 3 8	f8e7	-18	30
r1bqkb1r/1p2pppp/p1np1n2/6B1/3NP3/2N5/PPPQ1PPP/R3KB1R b KQkq - 1 7	e7e6	-35	30
r1bqkb1r/pp2pppp/2np1n2/8/3NP3/2N2P2/PPP3PP/R1BQKB1R b KQkq - 0 6	e7e5	-15	30
r1bqk2r/pp2npbp/2npp1p1/2p5/4P3/2NPB1P1/PPP1NPBP/R2QK2R w KQkq - 2 8	d3d4	0	30
r1bqk2r/pp2ppbp/2np1np1/2p5/4P3/2NP1NP1/PPP2PBP/R1BQK2R w KQkq - 2 7	e1g1	-14	30
r1bqk1nr/pp3pbp/2npp1p1/2p5/4PP2/2NP1NP1/PPP3BP/R1BQK2R b KQkq - 1 7	g8e7	19	30
r1bqk2r/pp2npbp/2np2p1/2p1p3/4P3/2NP2PP/PPP1NPB1/R1BQ1RK1 b kq - 3 8	e8g8	18	30
r1bqk1nr/pp2ppbp/2np2p1/2p5/4P3/2NP1NP1/PPP2PBP/R1BQK2R b KQkq - 1 6	a8b8	8	30
r1bqk1nr/pp2ppbp/2np2p1/2p5/4P3/2NP2P1/PPP1NPBP/R1BQK2R b KQkq - 1 6	e7e6	0	30
r1bqk1nr/pp3pbp/2npp1p1/2p5/4PP2/2NP2P1/PPP3BP/R1BQK1NR w KQkq - 0 7	g1f3	-14	30
r1bqk1nr/pp3pbp/2npp1p1/2p5/4P3/2NPB1P1/PPP1NPBP/R2QK2R b KQkq - 1 7	g8e7	0	30
rnbqk2r/pp2ppbp/3p1np1/8/3NP3/2N1B3/PPP1BPPP/R2QK2R b KQkq - 3 7	b8c6	-22	30
r1bqk2r/pp2npbp/2npp1p1/2p5/4P3/2NPB1P1/PPPQNPBP/R3K2R b KQkq - 3 8	c6d4	12	30
rn1qkb1r/pp1bpp1p/3p1np1/8/3NP3/2N5/PPP1BPPP/R1BQK2R b KQkq - 3 7	b8c6	-29	30
rnbqk2r/pp2ppbp/3p1np1/8/3NP3/2N1B2P/PPP2PP1/R2QKB1R b KQkq - 2 7	e8g8	-2	30
rnbq1rk1/pp2ppbp/3p1np1/8/3NP3/2N1B2P/PPPQ1PP1/R3KB1R b KQ - 4 8	d6d5	-14	30
r1bqk2r/pp2ppbp/2np1np1/8/3NP3/2N1B3/PPPQBPPP/R3K2R b KQkq - 5 8	e8g8	-26	30
rnbqkb1r/pp2pp1p/3p1np1/8/3NP3/2N4P/PPP2PP1/R1BQKB1R b KQkq - 0 6	f8g7	-17	30
rn1qk2r/pp1bppbp/3p1np1/8/3NP3/2N1B3/PPP1BPPP/R2QK2R b KQkq - 5 8	b8c6	-16	30
rnbqkb1r/1p3ppp/p2ppn2/8/4PP2/1NN5/PPP3PP/R1BQKB1R b KQkq - 0 7	b7b5	1	30
rnbqkb1r/1p2pppp/p2p1n2/8/4P3/1NN5/PPP2PPP/R1BQKB1R b KQkq - 1 6	e7e6	-3	30
rnbqkb1r/1p3ppp/p2p1n2/4p3/4P3/1NN5/PPP1BPPP/R1BQK2R b KQkq - 1 7	f8e7	-21	30
rnbqkb1r/1p2pppp/p2p1n2/8/3NP3/2N5/PPP1BPPP/R1BQK2R b KQkq - 1 6	e7e5	-28	30
rn1qkb1r/1p3ppp/p2pbn2/4p3/4P3/1NN1B3/PPPQ1PPP/R3KB1R b KQkq - 3 8	f8e7	-31	30
r1bqkb1r/pp3ppp/2np1n2/1N2p3/4P3/2N2P2/PPP3PP/R1BQKB1R b KQkq - 0 7	a7a6	26	30
r1bqkb1r/pp3ppp/2np1n2/4p3/4P3/N1N5/PPP2PPP/R1BQKB1R b KQkq - 1 7	c8g4	5	30
r1bqkb1r/pp3ppp/2np1n2/1N2p3/P3P3/2N5/1PP2PPP/R1BQKB1R b KQkq - 0 7	a7a6	0	30
r1bqkb1r/pp3ppp/2nppn2/1N6/2P1P3/2N5/PP3PPP/R1BQKB1R b KQkq - 2 7	a7a6	-18	30
r1bqkbnr/pp1p1ppp/2n1p3/8/3NP3/P7/1PP2PPP/RNBQKB1R b KQkq - 0 5	f8c5	-25	30
r1bqkbnr/pp1p1ppp/2n1p3/8/3NP3/6P1/PPP2P1P/RNBQKB1R b KQkq - 0 5	d7d5	-17	30
r1bqkbnr/pp1p1ppp/2n1p3/1N6/4P3/8/PPP2PPP/RNBQKB1R b KQkq - 2 5	d7d6	-14	30
r1bqkb1r/pp1p1ppp/2n1pn2/8/3NP3/2NQ4/PPP2PPP/R1B1KB1R b KQkq - 4 6	d8c7	-20	30
r1bqkbnr/pp3ppp/2npp3/1N6/2P1P3/8/PP3PPP/RNBQKB1R b KQkq - 0 6	g8f6	-13	30
r1bq1rk1/ppp1bppp/2np1n2/4p3/P1B1P3/2NP1N2/1PP2PPP/R1BQ1RK1 b - - 2 7	c8g4	-16	30
r1bqk2r/ppp1bppp/2np1n2/4p3/2B1P3/2PP1N2/PP3PPP/RNBQ1RK1 b kq - 0 6	e8g8	-29	30
r1bqk2r/ppp1bppp/2np1n2/4p3/P1B1P3/2NP1N2/1PP2PPP/R1BQK2R b KQkq - 0 6	e8g8	-24	30
